source,title,url,agency,notice_id,notice_type,posted,deadline,description,summary,tags,software,key,is_software,new
sam.gov,JDMTA Custodial Services,https://sam.gov/workspace/contract/opp/ad93118784c44410b6077c6431b0744e/view,USSF,ad93118784c44410b6077c6431b0744e,Combined Synopsis/Solicitation,2026-09-21,2026-09-24,"DEPT OF DEFENSE.DEPT OF THE AIR FORCE.SPACE SYSTEMS COMMAND.FA2521  45 CONS PK | NAICS 561720 | PSC S201 | set-aside: Small Business Set Aside - Total | PATRICK SFB, FL","Combined synopsis/solicitation for custodial janitorial services from 45 CONS PK; small business set aside - total; Patrick Sfb, FL.",['space'],[],ad713be74ff4aa58,False,True
sam.gov,Defense Meteorological Satellite Program (DMSP) Sensor Support,https://sam.gov/workspace/contract/opp/6bec3164c1d24cba9c14678a9f36b7b2/view,USSF,6bec3164c1d24cba9c14678a9f36b7b2,Sources Sought,2026-09-21,2026-10-14,"DEPT OF DEFENSE.DEPT OF THE AIR FORCE.SPACE SYSTEMS COMMAND.PEO MILITARY COMMUNICATION AND POSITION NAVIGATION TIMING.FA8823  SUSTAINMENT MCPNT SSC/PKL | NAICS 541330 | PSC R425 | set-aside: No Set aside used | PETERSON AFB, CO","Sources-sought notice (market research) for engineering and technical services from Sustainment Mcpnt SSC/Pkl; Peterson Afb, CO.","['space', 'satellite']",[],11515f603140a829,False,True
sam.gov,Motorola Console Upgrade,https://sam.gov/workspace/contract/opp/694025095531471db680f39ffd0fcd2e/view,USSF,694025095531471db680f39ffd0fcd2e,Combined Synopsis/Solicitation,2026-09-21,2026-09-24,"DEPT OF DEFENSE.DEPT OF THE AIR FORCE.SPACE SYSTEMS COMMAND.FA2521  45 CONS PK | NAICS 334220 | PSC 5820 | set-aside: No Set aside used | PATRICK SFB, FL","Combined synopsis/solicitation for radio and television communication equipment, except airborne from 45 CONS PK; Patrick Sfb, FL.",['space'],[],7d9844f1c0eb4dd6,False,True
sam.gov,Titian Dorm Beds and Mattress,https://sam.gov/workspace/contract/opp/5cec80633f50482e8ee148390f0f9112/view,USSF,5cec80633f50482e8ee148390f0f9112,Combined Synopsis/Solicitation,2026-09-21,2026-09-23,"DEPT OF DEFENSE.DEPT OF THE AIR FORCE.SPACE SYSTEMS COMMAND.FA4610 30 CONS PK | NAICS 337122 | PSC 7105 | set-aside: Small Business Set Aside - Total | VANDENBERG SFB, CA","Combined synopsis/solicitation for household furniture from 30 CONS PK; small business set aside - total; Vandenberg Sfb, CA.",['space'],[],70b4f203e36811f3,False,True
sam.gov,Enterprise Management & Control (EM&C) System Integrator Requirement,https://sam.gov/workspace/contract/opp/c66e445c26224bc3aa0e7b28b1e05d76/view,USSF,c66e445c26224bc3aa0e7b28b1e05d76,Sources Sought,2026-09-18,2026-10-02,"DEPT OF DEFENSE.DEPT OF THE AIR FORCE.SPACE SYSTEMS COMMAND.PEO MILITARY COMMUNICATION AND POSITION NAVIGATION TIMING.FA8807 MIL COMM AND PNT SSC/CGK | NAICS 541512 | PSC R425 | set-aside: No Set aside used | EL SEGUNDO, CA","Sources-sought notice (market research) for engineering and technical services from Mil Comm And PNT SSC/Cgk; El Segundo, CA.","['space', 'pnt']",['NAICS 541512 (computer systems design services)'],7e9a38174db535c8,True,False
sam.gov,Auto Doors Maintenance Services,https://sam.gov/workspace/contract/opp/99a3ca97354d445592ef089d4e5cd6d2/view,USSF,99a3ca97354d445592ef089d4e5cd6d2,Solicitation,2026-09-18,2026-09-21,"DEPT OF DEFENSE.DEPT OF THE AIR FORCE.SPACE SYSTEMS COMMAND.FA2521  45 CONS PK | NAICS 238290 | PSC J056 | set-aside: Small Business Set Aside - Total | PATRICK SFB, FL","Solicitation for maintenance, repair and rebuilding of equipment: construction and building materials from 45 CONS PK; small business set aside - total; Patrick Sfb, FL.",['space'],[],9c0f63b4667e877f,False,False
sam.gov,"Rendezvous, Proximity Operations (RPO) Threat Response (RTR) VICTUS Responsive Launch Space Vehicle (SV)",https://sam.gov/workspace/contract/opp/62446f1684754112be95a66fff02eee3/view,USSF,62446f1684754112be95a66fff02eee3,Sources Sought,2026-09-18,2026-10-19,"DEPT OF DEFENSE.DEPT OF THE AIR FORCE.SPACE SYSTEMS COMMAND.PEO SPACE DOMAIN AWARENESS ANDCOMBAT POWER.FA8819 SDA AND COMBAT POWER SZK-LA | NAICS 541715 | PSC 1555 | set-aside: No Set aside used | EL SEGUNDO, CA","Sources-sought notice (market research) for space vehicles from SDA And Combat Power Szk-La; El Segundo, CA.","['space', 'launch', 'space domain awareness']",[],c820d84a08e53a03,False,False
sam.gov,Keysight Equipment Extended Warranty,https://sam.gov/workspace/contract/opp/47bfe486e95845b78456af944a20b7a0/view,USSF,47bfe486e95845b78456af944a20b7a0,Combined Synopsis/Solicitation,2026-09-18,2026-09-23,"DEPT OF DEFENSE.DEPT OF THE AIR FORCE.SPACE SYSTEMS COMMAND.FA2521  45 CONS PK | NAICS 811210 | PSC J066 | set-aside: No Set aside used | PATRICK SFB, FL","Combined synopsis/solicitation for maintenance, repair and rebuilding of equipment: instruments and laboratory equipment from 45 CONS PK; Patrick Sfb, FL.",['space'],[],1f52bfdba88fee78,False,False
sam.gov,VSFB Chapel Music Services,https://sam.gov/workspace/contract/opp/fb258e77cc234f8bae874e0c1b9eac50/view,USSF,fb258e77cc234f8bae874e0c1b9eac50,Solicitation,2026-09-17,2026-09-22,"DEPT OF DEFENSE.DEPT OF THE AIR FORCE.SPACE SYSTEMS COMMAND.FA4610 30 CONS PK | NAICS 711130 | PSC G002 | set-aside: No Set aside used | VANDENBERG SFB, CA","Solicitation for chaplain services from 30 CONS PK; Vandenberg Sfb, CA.",['space'],[],668b6b4ca9a8fd31,False,False
sam.gov,2ROPS FM9 SWIT FULL HD 9-INCH LCD MONITORS,https://sam.gov/workspace/contract/opp/be4a3b0cf4904ae786628c328d1cdaaa/view,USSF,be4a3b0cf4904ae786628c328d1cdaaa,Combined Synopsis/Solicitation,2026-09-17,2026-09-18,"DEPT OF DEFENSE.DEPT OF THE AIR FORCE.SPACE SYSTEMS COMMAND.FA4610 30 CONS PK | NAICS 334310 | PSC 6760 | set-aside: Small Business Set Aside - Total | VANDENBERG SFB, CA","Combined synopsis/solicitation for photographic equipment and accessories from 30 CONS PK; small business set aside - total; Vandenberg Sfb, CA.",['space'],[],514ca6076e0ef97a,False,False
sam.gov,VSFB Heavy Equipment Recovery and Transportation,https://sam.gov/workspace/contract/opp/9047b550092a48b6aa73fd666bd77b47/view,USSF,9047b550092a48b6aa73fd666bd77b47,Combined Synopsis/Solicitation,2026-09-17,2026-09-23,"DEPT OF DEFENSE.DEPT OF THE AIR FORCE.SPACE SYSTEMS COMMAND.FA4610 30 CONS PK | NAICS 488410 | PSC V129 | set-aside: Small Business Set Aside - Total | VANDENBERG SFB, CA","Combined synopsis/solicitation for other vehicle charter for transportation of things from 30 CONS PK; small business set aside - total; Vandenberg Sfb, CA.",['space'],[],b70ba4949383ff0c,False,False
sam.gov,Termite Fumigation,https://sam.gov/workspace/contract/opp/7fae76bf9f284b05aac018bc0649a307/view,USSF,7fae76bf9f284b05aac018bc0649a307,Combined Synopsis/Solicitation,2026-09-16,2026-09-17,"DEPT OF DEFENSE.DEPT OF THE AIR FORCE.SPACE SYSTEMS COMMAND.FA2521  45 CONS PK | NAICS 561710 | PSC S207 | set-aside: Small Business Set Aside - Total | PATRICK SFB, FL","Combined synopsis/solicitation for insect and rodent control services from 45 CONS PK; small business set aside - total; Patrick Sfb, FL.",['space'],[],41e6bfabf2a02c07,False,False
sam.gov,Sorinex Fitness Training Equipment,https://sam.gov/workspace/contract/opp/7d0beed299c24a3c9122eb8d0c525091/view,USSF,7d0beed299c24a3c9122eb8d0c525091,Combined Synopsis/Solicitation,2026-09-16,2026-09-22,"DEPT OF DEFENSE.DEPT OF THE AIR FORCE.SPACE SYSTEMS COMMAND.FA2521  45 CONS PK | NAICS 339920 | PSC 7830 | set-aside: Small Business Set Aside - Total | PATRICK SFB, FL","Combined synopsis/solicitation for recreational and gymnastic equipment from 45 CONS PK; small business set aside - total; Patrick Sfb, FL.",['space'],[],7edb5b0134664096,False,False
sam.gov,Request for Information (RFI) SG-XX Geosynchronous Space to Space (S2S) Radio Frequency Cross Link,https://sam.gov/workspace/contract/opp/63c7ad7e26e1458aa36497f2cad3d9ed/view,USSF,63c7ad7e26e1458aa36497f2cad3d9ed,Sources Sought,2026-09-16,2026-10-02,"DEPT OF DEFENSE.DEPT OF THE AIR FORCE.SPACE SYSTEMS COMMAND.PEO SPACE DOMAIN AWARENESS ANDCOMBAT POWER.FA8819 SDA AND COMBAT POWER SZK-LA | NAICS None | PSC None | set-aside: none | EL SEGUNDO, CA","Sources-sought notice (market research) for goods or services from SDA And Combat Power Szk-La; El Segundo, CA.","['space', 'space domain awareness']",[],f49aa429f7d8d599,False,False
sam.gov,JDMTA Custodial Services,https://sam.gov/workspace/contract/opp/18232c0be28c45e8904d15f2ffa14773/view,USSF,18232c0be28c45e8904d15f2ffa14773,Sources Sought,2026-09-16,2026-09-18,"DEPT OF DEFENSE.DEPT OF THE AIR FORCE.SPACE SYSTEMS COMMAND.FA2521  45 CONS PK | NAICS 561720 | PSC S201 | set-aside: No Set aside used | PATRICK SFB, FL","Sources-sought notice (market research) for custodial janitorial services from 45 CONS PK; Patrick Sfb, FL.",['space'],[],21ab68a604c8e51f,False,False
sam.gov,Spaceport and Launch Assessment & Strategic Help (SPLASH),https://sam.gov/workspace/contract/opp/04a1779788f449db894637901f3074e0/view,USSF,04a1779788f449db894637901f3074e0,Combined Synopsis/Solicitation,2026-09-16,2026-09-21,"DEPT OF DEFENSE.DEPT OF THE AIR FORCE.SPACE SYSTEMS COMMAND.FA2521  45 CONS PK | NAICS 541715 | PSC R425 | set-aside: Small Business Set Aside - Total | PATRICK SFB, FL","Combined synopsis/solicitation for engineering and technical services from 45 CONS PK; small business set aside - total; Patrick Sfb, FL.","['space', 'launch']",[],c292067e00d33b86,False,False
sam.gov,"Notice of Intent: MILITARY SATELLITE COMMUNICATIONS (MILSATCOM) SYSTEMS ENGINEERING, INTEGRATION AND TEST(MSEIT)",https://sam.gov/workspace/contract/opp/599f7775df58431cab3d5dd888befa27/view,USSF,599f7775df58431cab3d5dd888befa27,Sources Sought,2026-09-15,2026-09-23,"DEPT OF DEFENSE.DEPT OF THE AIR FORCE.SPACE SYSTEMS COMMAND.PEO MILITARY COMMUNICATION AND POSITION NAVIGATION TIMING.FA8808 MIL SATELLITE COM SYS PKT LA | NAICS 541330 | PSC R707 | set-aside: none | EL SEGUNDO, CA","Sources-sought notice (market research) for contract, procurement, and acquisition support services from Mil Satellite Com Sys Pkt La; El Segundo, CA.","['space', 'satellite']",[],3a40b3baafb92d8b,False,False
sam.gov,SLD 30 CES BLD 10577 Carpet Removal and Replacement,https://sam.gov/workspace/contract/opp/d2392557fbdd405285709925a98d9c7f/view,USSF,d2392557fbdd405285709925a98d9c7f,Combined Synopsis/Solicitation,2026-09-14,2026-09-17,"DEPT OF DEFENSE.DEPT OF THE AIR FORCE.SPACE SYSTEMS COMMAND.FA4610 30 CONS PK | NAICS 238330 | PSC 7220 | set-aside: Small Business Set Aside - Total | VANDENBERG SFB, CA","Combined synopsis/solicitation for floor coverings from 30 CONS PK; small business set aside - total; Vandenberg Sfb, CA.",['space'],[],0a7de830d7f47ddb,False,False
sam.gov,THOR HD SDI Video Transport - 8 Channel,https://sam.gov/workspace/contract/opp/ccd6401f3718441ca7c53f6e91b245d3/view,USSF,ccd6401f3718441ca7c53f6e91b245d3,Combined Synopsis/Solicitation,2026-09-14,2026-09-17,"DEPT OF DEFENSE.DEPT OF THE AIR FORCE.SPACE SYSTEMS COMMAND.FA4610 30 CONS PK | NAICS 334220 | PSC 5820 | set-aside: Small Business Set Aside - Total | VANDENBERG SFB, CA","Combined synopsis/solicitation for radio and television communication equipment, except airborne from 30 CONS PK; small business set aside - total; Vandenberg Sfb, CA.",['space'],[],93a527625269313a,False,False
sam.gov,Bowling Alley Machine,https://sam.gov/workspace/contract/opp/702e3c113ffb4a44bfdb8f0a5491ea3e/view,USSF,702e3c113ffb4a44bfdb8f0a5491ea3e,Combined Synopsis/Solicitation,2026-09-14,2026-09-21,"DEPT OF DEFENSE.DEPT OF THE AIR FORCE.SPACE SYSTEMS COMMAND.FA2521  45 CONS PK | NAICS 339920 | PSC 7810 | set-aside: Small Business Set Aside - Total | PATRICK SFB, FL","Combined synopsis/solicitation for athletic and sporting equipment from 45 CONS PK; small business set aside - total; Patrick Sfb, FL.",['space'],[],975d5e45a97611ca,False,False
sam.gov,Parts & Accessories for AN/PRC-163 Handheld Radio,https://sam.gov/workspace/contract/opp/59c43f5733814e01b86b214f7b65e531/view,USSF,59c43f5733814e01b86b214f7b65e531,Combined Synopsis/Solicitation,2026-09-14,2026-09-18,"DEPT OF DEFENSE.DEPT OF THE AIR FORCE.SPACE SYSTEMS COMMAND.FA2521  45 CONS PK | NAICS 334220 | PSC 5820 | set-aside: Small Business Set Aside - Total | PATRICK SFB, FL","Combined synopsis/solicitation for radio and television communication equipment, except airborne from 45 CONS PK; small business set aside - total; Patrick Sfb, FL.",['space'],[],68fbb68fcbe7c9f5,False,False
sam.gov,"Vandenberg Structural Engineering Study, SLC-3 Tower",https://sam.gov/workspace/contract/opp/4c226d4e8ba6423e90d3994b91efe659/view,USSF,4c226d4e8ba6423e90d3994b91efe659,Solicitation,2026-09-14,2026-09-17,"DEPT OF DEFENSE.DEPT OF THE AIR FORCE.SPACE SYSTEMS COMMAND.FA4610 30 CONS PK | NAICS 541330 | PSC R425 | set-aside: Small Business Set Aside - Total | VANDENBERG SFB, CA","Solicitation for engineering and technical services from 30 CONS PK; small business set aside - total; Vandenberg Sfb, CA.",['space'],[],f58dab1175a78db4,False,False
sam.gov,2026 service contract of ICP-OES instrument,https://sam.gov/workspace/contract/opp/e7d31e45ce0d4e2a854968e9eba3e753/view,NASA,e7d31e45ce0d4e2a854968e9eba3e753,Special Notice,2026-09-21,2026-09-24,"NATIONAL AERONAUTICS AND SPACE ADMINISTRATION.NATIONAL AERONAUTICS AND SPACE ADMINISTRATION.NASA SHARED SERVICES CENTER | NAICS 811210 | PSC J066 | set-aside: No Set aside used | STENNIS SPACE CENTER, MS","Special notice for maintenance, repair and rebuilding of equipment: instruments and laboratory equipment from NASA Shared Services Center; Stennis Space Center, MS.",['space'],[],3b9b52be9372b3f1,False,True
sam.gov,Lunar Enabling Infrastructure Accelerator (LEIA) -Broad Agency Announcement (BAA) NextSTEP-3 Appendix A - Final Solicitation,https://sam.gov/workspace/contract/opp/7f4effce6d664039aaf5f55b240d9a35/view,NASA,7f4effce6d664039aaf5f55b240d9a35,Solicitation,2026-09-21,2026-10-08,"NATIONAL AERONAUTICS AND SPACE ADMINISTRATION.NATIONAL AERONAUTICS AND SPACE ADMINISTRATION.NASA GLENN RESEARCH CENTER | NAICS 541715 | PSC AR12 | set-aside: No Set aside used | CLEVELAND, OH","Solicitation for space r&d services; space flight, research and supporting activities; applied research from NASA Glenn Research Center; Cleveland, OH.","['space', 'lunar']",[],9830f8fd32c9ae8a,False,False
sam.gov,Commercial Low Earth Orbit (LEO) Destination Contract (CLDC) Draft Request for Proposal,https://sam.gov/workspace/contract/opp/58735c66ceb0460da218faebe397f155/view,NASA,58735c66ceb0460da218faebe397f155,Sources Sought,2026-09-21,2026-07-27,"NATIONAL AERONAUTICS AND SPACE ADMINISTRATION.NATIONAL AERONAUTICS AND SPACE ADMINISTRATION.NASA JOHNSON SPACE CENTER | NAICS 336414 | PSC V126 | set-aside: No Set aside used | HOUSTON, TX","Sources-sought notice (market research) for space transportation and launch services from NASA Johnson Space Center; Houston, TX.","['space', 'orbit', 'leo']",[],3a7b7812129b8ce7,False,True
sam.gov,"Coated Yarn Prototyping , and Testing",https://sam.gov/workspace/contract/opp/56bbcc6c96444ac0aff13b506994b1af/view,NASA,56bbcc6c96444ac0aff13b506994b1af,Special Notice,2026-09-21,2026-09-23,"NATIONAL AERONAUTICS AND SPACE ADMINISTRATION.NATIONAL AERONAUTICS AND SPACE ADMINISTRATION.NASA SHARED SERVICES CENTER | NAICS 325211 | PSC AJ11 | set-aside: none | STENNIS SPACE CENTER, MS","Special notice for general science and technology r&d services; general science and technology; basic research from NASA Shared Services Center; Stennis Space Center, MS.",['space'],[],85c1795a03b46407,False,False
sam.gov,NASA Research Announcement: V-Band,https://sam.gov/workspace/contract/opp/530aee642f8b4710a697c75e9e204815/view,NASA,530aee642f8b4710a697c75e9e204815,Sources Sought,2026-09-21,2026-10-06,"NATIONAL AERONAUTICS AND SPACE ADMINISTRATION.NATIONAL AERONAUTICS AND SPACE ADMINISTRATION.NASA GLENN RESEARCH CENTER | NAICS None | PSC None | set-aside: none | CLEVELAND, OH","Sources-sought notice (market research) for goods or services from NASA Glenn Research Center; Cleveland, OH.",['space'],[],13762602ee563972,False,True
sam.gov,LAND AND PROPERTY ANALYSIS,https://sam.gov/workspace/contract/opp/0d7049f4b606403596760be30edcd760/view,NASA,0d7049f4b606403596760be30edcd760,Solicitation,2026-09-21,2026-09-25,"NATIONAL AERONAUTICS AND SPACE ADMINISTRATION.NATIONAL AERONAUTICS AND SPACE ADMINISTRATION.NASA SHARED SERVICES CENTER | NAICS 541370 | PSC R499 | set-aside: No Set aside used | STENNIS SPACE CENTER, MS","Solicitation for other professional services from NASA Shared Services Center; Stennis Space Center, MS.",['space'],[],99e8394500adf943,False,False
sam.gov,Prototype Operational Modeling Framework for Manifest Feasibility in support of NASA KSC Spaceport Digital Twin,https://sam.gov/workspace/contract/opp/007802ce1f8649798cff3ddae61c75db/view,NASA,007802ce1f8649798cff3ddae61c75db,Combined Synopsis/Solicitation,2026-09-21,2026-09-22,"NATIONAL AERONAUTICS AND SPACE ADMINISTRATION.NATIONAL AERONAUTICS AND SPACE ADMINISTRATION.NASA SHARED SERVICES CENTER | NAICS 611310 | PSC R499 | set-aside: none | STENNIS SPACE CENTER, MS","Combined synopsis/solicitation for other professional services from NASA Shared Services Center; Stennis Space Center, MS.",['space'],['digital twin'],1de37c052b3f1ddd,True,True
sam.gov,Request for Information - Potential Research and Technology Partnership Opportunities,https://sam.gov/workspace/contract/opp/11832b9204eb4d4ea08b7c696c2b62ca/view,NASA,11832b9204eb4d4ea08b7c696c2b62ca,Special Notice,2026-09-20,2026-11-20,"NATIONAL AERONAUTICS AND SPACE ADMINISTRATION | NAICS 927110 | PSC None | set-aside: No Set aside used | , ",Special notice for space research and technology.,['space'],[],77d859ca7c9357fc,False,False
sam.gov,R507 Refrigerant Resupply for IRT,https://sam.gov/workspace/contract/opp/94b3c2a8a0f14198b9a5283347219ddc/view,NASA,94b3c2a8a0f14198b9a5283347219ddc,Combined Synopsis/Solicitation,2026-09-18,2026-09-22,"NATIONAL AERONAUTICS AND SPACE ADMINISTRATION.NATIONAL AERONAUTICS AND SPACE ADMINISTRATION.NASA SHARED SERVICES CENTER | NAICS 325120 | PSC 6830 | set-aside: Small Business Set Aside - Total | STENNIS SPACE CENTER, MS","Combined synopsis/solicitation for gases: compressed and liquefied from NASA Shared Services Center; small business set aside - total; Stennis Space Center, MS.",['space'],[],4629f8ecc2182426,False,False
sam.gov,Treston Electrostatic Discharge (ESD) compliant laboratory benches and chairs,https://sam.gov/workspace/contract/opp/3647257da5ad4ebf9f44670ed5eab627/view,NASA,3647257da5ad4ebf9f44670ed5eab627,Combined Synopsis/Solicitation,2026-09-18,2026-09-24,"NATIONAL AERONAUTICS AND SPACE ADMINISTRATION.NATIONAL AERONAUTICS AND SPACE ADMINISTRATION.NASA SHARED SERVICES CENTER | NAICS 337127 | PSC 6640 | set-aside: No Set aside used | STENNIS SPACE CENTER, MS","Combined synopsis/solicitation for laboratory equipment and supplies from NASA Shared Services Center; Stennis Space Center, MS.",['space'],[],09414d2b41e68290,False,False
sam.gov,Environmental Control System,https://sam.gov/workspace/contract/opp/da9dfe20c9084dbc89b5ce3169dbdcce/view,NASA,da9dfe20c9084dbc89b5ce3169dbdcce,Combined Synopsis/Solicitation,2026-09-17,2026-10-02,"NATIONAL AERONAUTICS AND SPACE ADMINISTRATION.NATIONAL AERONAUTICS AND SPACE ADMINISTRATION.NASA KENNEDY SPACE CENTER | NAICS 333413 | PSC 4310 | set-aside: No Set aside used | KENNEDY SPACE CENTER, FL","Combined synopsis/solicitation for compressors and vacuum pumps from NASA Kennedy Space Center; Kennedy Space Center, FL.",['space'],[],aa7c986356a40a62,False,False
sam.gov,"1 37"" round NASA Logo printed on 3M Film, 1 Wall Mural printed on 3M film, 4 Wall Murals printed on 3M Film.",https://sam.gov/workspace/contract/opp/d659f5ece06d49a4aba86f2fbe431c0b/view,NASA,d659f5ece06d49a4aba86f2fbe431c0b,Solicitation,2026-09-17,2026-09-21,"NATIONAL AERONAUTICS AND SPACE ADMINISTRATION.NATIONAL AERONAUTICS AND SPACE ADMINISTRATION.NASA SHARED SERVICES CENTER | NAICS 327212 | PSC 9905 | set-aside: Small Business Set Aside - Total | STENNIS SPACE CENTER, MS","Solicitation for signs, advertising displays, and identification plates from NASA Shared Services Center; small business set aside - total; Stennis Space Center, MS.",['space'],[],fed9534effc9fa29,False,False
sam.gov,DEWESOFT LLC,https://sam.gov/workspace/contract/opp/a834645177244c9394da78e26ca1a93f/view,NASA,a834645177244c9394da78e26ca1a93f,Special Notice,2026-09-17,2026-09-21,"NATIONAL AERONAUTICS AND SPACE ADMINISTRATION.NATIONAL AERONAUTICS AND SPACE ADMINISTRATION.NASA SHARED SERVICES CENTER | NAICS 611430 | PSC U099 | set-aside: none | STENNIS SPACE CENTER, MS","Special notice for other education and training services from NASA Shared Services Center; Stennis Space Center, MS.",['space'],[],9bbcb495543199fa,False,False
sam.gov,AI system tailored to the Mars Exploration Analog,https://sam.gov/workspace/contract/opp/6bc9b7cfbfcc4453beded218f614ff3e/view,NASA,6bc9b7cfbfcc4453beded218f614ff3e,Special Notice,2026-09-17,2026-09-22,"NATIONAL AERONAUTICS AND SPACE ADMINISTRATION.NATIONAL AERONAUTICS AND SPACE ADMINISTRATION.NASA SHARED SERVICES CENTER | NAICS 611310 | PSC AJ11 | set-aside: none | STENNIS SPACE CENTER, MS","Special notice for general science and technology r&d services; general science and technology; basic research from NASA Shared Services Center; Stennis Space Center, MS.","['space', 'mars']",[],0a3258e2e1913788,False,False
sam.gov,3K Dual Compartment/Dual Pumping GSE Refueling Truck,https://sam.gov/workspace/contract/opp/3124236b3a0142d893abacf50219258a/view,NASA,3124236b3a0142d893abacf50219258a,Combined Synopsis/Solicitation,2026-09-17,2026-09-18,"NATIONAL AERONAUTICS AND SPACE ADMINISTRATION.NATIONAL AERONAUTICS AND SPACE ADMINISTRATION.NASA ARMSTRONG FLIGHT RESEARCH CNTR | NAICS 333924 | PSC 1740 | set-aside: No Set aside used | EDWARDS, CA","Combined synopsis/solicitation for airfield specialized trucks and trailers from NASA Armstrong Flight Research Cntr; Edwards, CA.",['space'],[],ada71bff2f979378,False,False
sam.gov,Direct Connect GH2 Tanks,https://sam.gov/workspace/contract/opp/b9db44c4bf2a4a978be15c87802484ad/view,NASA,b9db44c4bf2a4a978be15c87802484ad,Special Notice,2026-09-16,2026-09-22,"NATIONAL AERONAUTICS AND SPACE ADMINISTRATION.NATIONAL AERONAUTICS AND SPACE ADMINISTRATION.NASA SHARED SERVICES CENTER | NAICS 332420 | PSC 6640 | set-aside: No Set aside used | STENNIS SPACE CENTER, MS","Special notice for laboratory equipment and supplies from NASA Shared Services Center; Stennis Space Center, MS.",['space'],[],4aaa4648c116cee5,False,False
sam.gov,Harvard Kennedy School Training Course,https://sam.gov/workspace/contract/opp/b578327dc20a43eea4ddf4b734e0e527/view,NASA,b578327dc20a43eea4ddf4b734e0e527,Special Notice,2026-09-16,2026-09-21,"NATIONAL AERONAUTICS AND SPACE ADMINISTRATION.NATIONAL AERONAUTICS AND SPACE ADMINISTRATION.NASA SHARED SERVICES CENTER | NAICS 611310 | PSC U002 | set-aside: none | STENNIS SPACE CENTER, MS","Special notice for personnel testing from NASA Shared Services Center; Stennis Space Center, MS.",['space'],[],e81d78dba3163e41,False,False
sam.gov,Evident NORTEC 700 Eddy Current Array Flaw Detector,https://sam.gov/workspace/contract/opp/b0baa7159ea6480c8f5e1cae6f465a36/view,NASA,b0baa7159ea6480c8f5e1cae6f465a36,Special Notice,2026-09-16,2026-09-21,"NATIONAL AERONAUTICS AND SPACE ADMINISTRATION.NATIONAL AERONAUTICS AND SPACE ADMINISTRATION.NASA SHARED SERVICES CENTER | NAICS 334519 | PSC 7E20 | set-aside: No Set aside used | STENNIS SPACE CENTER, MS","Special notice for hardware, software, and other equipment for end user client computing including tier 1 and 2 help/service desk, deskside support, adds/moves/changes, workspace technical support, audio/video…",['space'],['software'],b345f487e9957aa0,True,False
sam.gov,HIGH PERFORMANCE ENGINEERING WORKSTATIONS,https://sam.gov/workspace/contract/opp/5922ed032ddd43e090c972de0a430a0d/view,NASA,5922ed032ddd43e090c972de0a430a0d,Special Notice,2026-09-16,2026-09-18,"NATIONAL AERONAUTICS AND SPACE ADMINISTRATION.NATIONAL AERONAUTICS AND SPACE ADMINISTRATION.NASA SHARED SERVICES CENTER | NAICS 334111 | PSC 6640 | set-aside: Small Business Set Aside - Total | STENNIS SPACE CENTER, MS","Special notice for laboratory equipment and supplies from NASA Shared Services Center; small business set aside - total; Stennis Space Center, MS.",['space'],[],14c5f5e52caf9d58,False,False
sam.gov,Hypobaric Chamber Pilot Studies,https://sam.gov/workspace/contract/opp/565e696db6a148bdbdc1dfa6b4542b3c/view,NASA,565e696db6a148bdbdc1dfa6b4542b3c,Combined Synopsis/Solicitation,2026-09-16,2026-10-01,"NATIONAL AERONAUTICS AND SPACE ADMINISTRATION.NATIONAL AERONAUTICS AND SPACE ADMINISTRATION.NASA JOHNSON SPACE CENTER | NAICS 541714 | PSC 6636 | set-aside: No Set aside used | HOUSTON, TX","Combined synopsis/solicitation for environmental chambers and related equipment from NASA Johnson Space Center; Houston, TX.",['space'],[],4b0b9dd8d903c918,False,False
sam.gov,Peer-review of NASA Guidelines for Establishing SMACs and SWEGs and Evaluation,https://sam.gov/workspace/contract/opp/5611830f029e4e028dbcd0db9f76f1d7/view,NASA,5611830f029e4e028dbcd0db9f76f1d7,Special Notice,2026-09-16,2026-09-21,"NATIONAL AERONAUTICS AND SPACE ADMINISTRATION.NATIONAL AERONAUTICS AND SPACE ADMINISTRATION.NASA SHARED SERVICES CENTER | NAICS 541690 | PSC B599 | set-aside: none | STENNIS SPACE CENTER, MS","Special notice for other special studies and analysis from NASA Shared Services Center; Stennis Space Center, MS.",['space'],[],2c302b4c55f5dbf0,False,False
sam.gov,Helmel Checkmaster Model 216-142,https://sam.gov/workspace/contract/opp/140e5acdeacb415a8599b50fa34f2482/view,NASA,140e5acdeacb415a8599b50fa34f2482,Special Notice,2026-09-16,2026-09-21,"NATIONAL AERONAUTICS AND SPACE ADMINISTRATION.NATIONAL AERONAUTICS AND SPACE ADMINISTRATION.NASA SHARED SERVICES CENTER | NAICS 333998 | PSC 5805 | set-aside: No Set aside used | STENNIS SPACE CENTER, MS","Special notice for telephone and telegraph equipment from NASA Shared Services Center; Stennis Space Center, MS.",['space'],[],b3261b07d45434ae,False,False
sam.gov,FILTER BASKET (ROSEDALE MODEL RBS10-6F-540 S-B-M70-C),https://sam.gov/workspace/contract/opp/cca6102b5ddc4f55acccfd246217d37c/view,NASA,cca6102b5ddc4f55acccfd246217d37c,Special Notice,2026-09-15,2026-09-17,"NATIONAL AERONAUTICS AND SPACE ADMINISTRATION.NATIONAL AERONAUTICS AND SPACE ADMINISTRATION.NASA SHARED SERVICES CENTER | NAICS 333914 | PSC 4730 | set-aside: none | STENNIS SPACE CENTER, MS","Special notice for hose, pipe, tube, lubrication, and railing fittings from NASA Shared Services Center; Stennis Space Center, MS.",['space'],[],9dc1782e4bbaeca8,False,False
sam.gov,Astromaterials Glovebox Systems - Design & Fabrication (A-BOX),https://sam.gov/workspace/contract/opp/b8819163f63d4caab1239bdf1d04d33a/view,NASA,b8819163f63d4caab1239bdf1d04d33a,Sources Sought,2026-09-15,2026-09-15,"NATIONAL AERONAUTICS AND SPACE ADMINISTRATION.NATIONAL AERONAUTICS AND SPACE ADMINISTRATION.NASA JOHNSON SPACE CENTER | NAICS 334516 | PSC 6640 | set-aside: No Set aside used | HOUSTON, TX","Sources-sought notice (market research) for laboratory equipment and supplies from NASA Johnson Space Center; Houston, TX.",['space'],[],0497b003579fdd3e,False,False
sam.gov,Vanta Core Handheld XRF Analyzer,https://sam.gov/workspace/contract/opp/b14fed5df69a4ba69bfaee8a1464dacf/view,NASA,b14fed5df69a4ba69bfaee8a1464dacf,Combined Synopsis/Solicitation,2026-09-15,2026-09-17,"NATIONAL AERONAUTICS AND SPACE ADMINISTRATION.NATIONAL AERONAUTICS AND SPACE ADMINISTRATION.NASA SHARED SERVICES CENTER | NAICS 334516 | PSC 7A20 | set-aside: Small Business Set Aside - Total | STENNIS SPACE CENTER, MS","Combined synopsis/solicitation for application development software delivered by perpetual license, consisting of analysis, design, development, code, test and release packages associated with application development…",['space'],"['software', 'application development']",7dc2f46d75564119,True,False
sam.gov,Shadow Chaser: infrared camera for stellar occultations,https://sam.gov/workspace/contract/opp/a5e5e531bfb74307b50c1333f9738f87/view,NASA,a5e5e531bfb74307b50c1333f9738f87,Combined Synopsis/Solicitation,2026-09-15,2026-09-18,"NATIONAL AERONAUTICS AND SPACE ADMINISTRATION.NATIONAL AERONAUTICS AND SPACE ADMINISTRATION.NASA SHARED SERVICES CENTER | NAICS 334519 | PSC 6695 | set-aside: none | STENNIS SPACE CENTER, MS","Combined synopsis/solicitation for combination and miscellaneous instruments from NASA Shared Services Center; Stennis Space Center, MS.",['space'],[],f21d7de4f5f74529,False,False
sam.gov,Spaceport Infrastructure Maintenance and Operations (SIMO),https://sam.gov/workspace/contract/opp/7a433720394943ba950e9fb9d34e20e7/view,NASA,7a433720394943ba950e9fb9d34e20e7,Sources Sought,2026-09-15,2026-07-01,"NATIONAL AERONAUTICS AND SPACE ADMINISTRATION.NATIONAL AERONAUTICS AND SPACE ADMINISTRATION.NASA KENNEDY SPACE CENTER | NAICS 561210 | PSC Z1AZ | set-aside: No Set aside used | KENNEDY SPACE CENTER, FL","Sources-sought notice (market research) for maintenance of other administrative facilities and service buildings from NASA Kennedy Space Center; Kennedy Space Center, FL.",['space'],[],fe17bea1780d56a0,False,False
sam.gov,Laser Interferometer Space Antenna (LISA) Frequency Reference System (FRS) Flight,https://sam.gov/workspace/contract/opp/73a5bab1f8944f95a0f5ef241b9dfb2c/view,NASA,73a5bab1f8944f95a0f5ef241b9dfb2c,Presolicitation,2026-09-15,2026-09-19,"NATIONAL AERONAUTICS AND SPACE ADMINISTRATION.NATIONAL AERONAUTICS AND SPACE ADMINISTRATION.NASA GODDARD SPACE FLIGHT CENTER | NAICS 336414 | PSC 1675 | set-aside: No Set aside used | GREENBELT, MD","Presolicitation for space vehicle components from NASA Goddard Space Flight Center; Greenbelt, MD.",['space'],[],df9969a239f17992,False,False
sam.gov,CCF (Converter Compressor Facility) Transmitter and Spare Parts – Flexim Brand Name,https://sam.gov/workspace/contract/opp/71e819a1cb8046cf8d28ff66a373384c/view,NASA,71e819a1cb8046cf8d28ff66a373384c,Combined Synopsis/Solicitation,2026-09-15,2026-09-17,"NATIONAL AERONAUTICS AND SPACE ADMINISTRATION.NATIONAL AERONAUTICS AND SPACE ADMINISTRATION.NASA SHARED SERVICES CENTER | NAICS 334514 | PSC 4310 | set-aside: Small Business Set Aside - Total | STENNIS SPACE CENTER, MS","Combined synopsis/solicitation for compressors and vacuum pumps from NASA Shared Services Center; small business set aside - total; Stennis Space Center, MS.",['space'],[],a22603b7ffb4caf0,False,False
sam.gov,Emergency Medical Support and Evacuation (MedEvac) Services,https://sam.gov/workspace/contract/opp/3355e398efd748fa8966f4f32ec15de5/view,NASA,3355e398efd748fa8966f4f32ec15de5,Solicitation,2026-09-15,2026-09-18,"NATIONAL AERONAUTICS AND SPACE ADMINISTRATION.NATIONAL AERONAUTICS AND SPACE ADMINISTRATION.NASA JOHNSON SPACE CENTER | NAICS 621910 | PSC V225 | set-aside: none | HOUSTON, TX","Solicitation for ambulance service from NASA Johnson Space Center; Houston, TX.",['space'],[],e45918cd0bfa966e,False,False
sam.gov,Lower Wing / Elevon Heater Carriages,https://sam.gov/workspace/contract/opp/152205ede5454d828fcd7fa280437d0e/view,NASA,152205ede5454d828fcd7fa280437d0e,Combined Synopsis/Solicitation,2026-09-15,2026-09-16,"NATIONAL AERONAUTICS AND SPACE ADMINISTRATION.NATIONAL AERONAUTICS AND SPACE ADMINISTRATION.NASA SHARED SERVICES CENTER | NAICS 333998 | PSC K099 | set-aside: none | STENNIS SPACE CENTER, MS","Combined synopsis/solicitation for modification of equipment: miscellaneous from NASA Shared Services Center; Stennis Space Center, MS.",['space'],[],510c68633f7c4766,False,False
sam.gov,"80JSC023DA010, Simulation and Software Technology (SST) III Ceiling Increase",https://sam.gov/workspace/contract/opp/e0d5e1c4883249b6adc5a6714717776a/view,NASA,e0d5e1c4883249b6adc5a6714717776a,Special Notice,2026-09-14,2026-10-14,"NATIONAL AERONAUTICS AND SPACE ADMINISTRATION.NATIONAL AERONAUTICS AND SPACE ADMINISTRATION.NASA JOHNSON SPACE CENTER | NAICS 541511 | PSC R425 | set-aside: none | HOUSTON, TX","Special notice for engineering and technical services from NASA Johnson Space Center; Houston, TX.",['space'],"['NAICS 541511 (custom computer programming services)', 'software']",a03ad5d6c5d38e3f,True,False
sam.gov,"P/N: 0117-011-001 FREEZING POINT ANALYZER, FUEL      Qty 1/ea",https://sam.gov/workspace/contract/opp/d32e9ea1376543f094135d8b5bf9b6ed/view,NASA,d32e9ea1376543f094135d8b5bf9b6ed,Combined Synopsis/Solicitation,2026-09-14,2026-09-18,"NATIONAL AERONAUTICS AND SPACE ADMINISTRATION.NATIONAL AERONAUTICS AND SPACE ADMINISTRATION.NASA SHARED SERVICES CENTER | NAICS 334516 | PSC 6695 | set-aside: Small Business Set Aside - Total | STENNIS SPACE CENTER, MS","Combined synopsis/solicitation for combination and miscellaneous instruments from NASA Shared Services Center; small business set aside - total; Stennis Space Center, MS.",['space'],[],b817ab4316cf9904,False,False
sam.gov,P/N: 57211AB3BBCIMFN    HYDRAULIC POWER UNIT Qty 1/ea,https://sam.gov/workspace/contract/opp/c187e218f62a48299ad11795429e5ac6/view,NASA,c187e218f62a48299ad11795429e5ac6,Combined Synopsis/Solicitation,2026-09-14,2026-09-18,"NATIONAL AERONAUTICS AND SPACE ADMINISTRATION.NATIONAL AERONAUTICS AND SPACE ADMINISTRATION.NASA SHARED SERVICES CENTER | NAICS 334519 | PSC 1680 | set-aside: Small Business Set Aside - Total | STENNIS SPACE CENTER, MS","Combined synopsis/solicitation for miscellaneous aircraft accessories and components from NASA Shared Services Center; small business set aside - total; Stennis Space Center, MS.",['space'],[],0bb3fdbce9f68858,False,False
sam.gov,MIT Collaborative Research,https://sam.gov/workspace/contract/opp/b981c1e829f2446b87171976802a7844/view,NASA,b981c1e829f2446b87171976802a7844,Special Notice,2026-09-14,2026-09-17,"NATIONAL AERONAUTICS AND SPACE ADMINISTRATION.NATIONAL AERONAUTICS AND SPACE ADMINISTRATION.NASA SHARED SERVICES CENTER | NAICS 611310 | PSC AF31 | set-aside: none | STENNIS SPACE CENTER, MS","Special notice for education, training, employment, & social svcs r&d svcs; social svcs r&d; basic research from NASA Shared Services Center; Stennis Space Center, MS.",['space'],[],b1e2f9c61c9a6065,False,False
sam.gov,CentralSquare Pro Cloud Software and Services,https://sam.gov/workspace/contract/opp/afe534c0c55a4fb687184969e3a50f41/view,NASA,afe534c0c55a4fb687184969e3a50f41,Presolicitation,2026-09-14,2026-09-29,"NATIONAL AERONAUTICS AND SPACE ADMINISTRATION.NATIONAL AERONAUTICS AND SPACE ADMINISTRATION.NASA IT PROCUREMENT OFFICE | NAICS 513210 | PSC 7E20 | set-aside: No Set aside used | Greenbelt, MD","Presolicitation for hardware, software, and other equipment for end user client computing including tier 1 and 2 help/service desk, deskside support, adds/moves/changes, workspace technical support, audio/video…",['space'],"['NAICS 513210 (software publishers)', 'software']",d4ca780844b7491b,True,False
sam.gov,FUJINON 4K Studio / Field Lens Model UA125×8BESM,https://sam.gov/workspace/contract/opp/996ddfa77eea4266904d958a33f67f53/view,NASA,996ddfa77eea4266904d958a33f67f53,Combined Synopsis/Solicitation,2026-09-14,2026-09-16,"NATIONAL AERONAUTICS AND SPACE ADMINISTRATION.NATIONAL AERONAUTICS AND SPACE ADMINISTRATION.NASA SHARED SERVICES CENTER | NAICS 334310 | PSC 5836 | set-aside: Small Business Set Aside - Total | STENNIS SPACE CENTER, MS","Combined synopsis/solicitation for video recording and reproducing equipment from NASA Shared Services Center; small business set aside - total; Stennis Space Center, MS.",['space'],[],8111385ab343bfb0,False,False
sam.gov,ight-qualified imaging subsystem for the TERP RAPTOR 12U CubeSat mission to asteroid Apophis.,https://sam.gov/workspace/contract/opp/8ef119e2991149f9b1f36b1b07f00ef6/view,NASA,8ef119e2991149f9b1f36b1b07f00ef6,Special Notice,2026-09-14,2026-09-17,"NATIONAL AERONAUTICS AND SPACE ADMINISTRATION.NATIONAL AERONAUTICS AND SPACE ADMINISTRATION.NASA SHARED SERVICES CENTER | NAICS 336419 | PSC 6760 | set-aside: none | STENNIS SPACE CENTER, MS","Special notice for photographic equipment and accessories from NASA Shared Services Center; Stennis Space Center, MS.",['space'],[],fcd63d967f1465d5,False,False
sam.gov,2026 Request for White Papers: NASA SBIR/STTR  Phase II Sequential Awards,https://sam.gov/workspace/contract/opp/7a562988340d4e0db0bc73abd7125756/view,NASA,7a562988340d4e0db0bc73abd7125756,Special Notice,2026-09-14,2026-09-16,"NATIONAL AERONAUTICS AND SPACE ADMINISTRATION.NATIONAL AERONAUTICS AND SPACE ADMINISTRATION | NAICS 541715 | PSC AJ11 | set-aside: Small Business Set Aside - Total | , ",Special notice for general science and technology r&d services; general science and technology; basic research from National Aeronautics And Space Administration; small business set aside - total.,['space'],[],043c437dd3b660c6,False,False
sam.gov,Mill and Lathe Purchase,https://sam.gov/workspace/contract/opp/6fa9678f9fd843f38b7d64170ffd22c9/view,NASA,6fa9678f9fd843f38b7d64170ffd22c9,Combined Synopsis/Solicitation,2026-09-14,2026-09-16,"NATIONAL AERONAUTICS AND SPACE ADMINISTRATION.NATIONAL AERONAUTICS AND SPACE ADMINISTRATION.NASA SHARED SERVICES CENTER | NAICS 333517 | PSC 3460 | set-aside: none | STENNIS SPACE CENTER, MS","Combined synopsis/solicitation for machine tool accessories from NASA Shared Services Center; Stennis Space Center, MS.",['space'],[],52bed35c9c40e9bf,False,False
sam.gov,Spare parts for EGS systems used by KPLSS,https://sam.gov/workspace/contract/opp/37af4edcd1a34d1ba5b6db53768661d4/view,NASA,37af4edcd1a34d1ba5b6db53768661d4,Solicitation,2026-09-14,2026-09-18,"NATIONAL AERONAUTICS AND SPACE ADMINISTRATION.NATIONAL AERONAUTICS AND SPACE ADMINISTRATION.NASA SHARED SERVICES CENTER | NAICS 334516 | PSC R408 | set-aside: No Set aside used | STENNIS SPACE CENTER, MS","Solicitation for program management/support services from NASA Shared Services Center; Stennis Space Center, MS.",['space'],[],62fa512a90af5239,False,False
sam.gov,Marshall Exploration Facility,https://sam.gov/workspace/contract/opp/232912f419894ca685d56285382e32ec/view,NASA,232912f419894ca685d56285382e32ec,Special Notice,2026-09-14,,"NATIONAL AERONAUTICS AND SPACE ADMINISTRATION.NATIONAL AERONAUTICS AND SPACE ADMINISTRATION.NASA MARSHALL SPACE FLIGHT CENTER | NAICS 236220 | PSC Y1AZ | set-aside: none | HUNTSVILLE, AL","Special notice for construction of other administrative facilities and service buildings from NASA Marshall Space Flight Center; Huntsville, AL.",['space'],[],aae12709de8e30cd,False,False
sam.gov,Request for Proposal (RFP) - Resilient Missile Warning Tracking (RMWT) Low Earth Orbit (LEO) Ground Entry Points (GEPs),https://sam.gov/workspace/contract/opp/572d40abf7f94ea4bc090d62581ef5f3/view,SDA,572d40abf7f94ea4bc090d62581ef5f3,Solicitation,2026-09-18,2026-11-02,"DEPT OF DEFENSE.DEPT OF THE AIR FORCE.SPACE DEVELOPMENT AGENCY.FA2401 SPACE DEVELOPMENT AGENCY SDA | NAICS 541715 | PSC AC13 | set-aside: No Set aside used | CHANTILLY, VA","Solicitation for national defense r&d services; department of defense - military; experimental development from Space Development Agency SDA; Chantilly, VA.","['space', 'orbit', 'missile warning', 'leo']",[],4d929edc768a39c1,False,False
sam.gov,GEP-as-a-Service Development Roadmaps,https://sam.gov/workspace/contract/opp/3f425b14ac1d4cd785863888b62c403a/view,SDA,3f425b14ac1d4cd785863888b62c403a,Sources Sought,2026-09-14,2026-10-14,"DEPT OF DEFENSE.DEPT OF THE AIR FORCE.SPACE DEVELOPMENT AGENCY.FA2401 SPACE DEVELOPMENT AGENCY SDA | NAICS 517810 | PSC DG11 | set-aside: No Set aside used | CHANTILLY, VA","Sources-sought notice (market research) for telecom access and other usage billing services. includes satellite communications access, internet, cellular services, landline and telephone services. transport services for…",['space'],['PSC DG11 (IT platform / platform-as-a-service)'],7e105b66d028e2b3,True,False
sam.gov,AMENDMENT 0001 OSC Study on U.S. Space Economy Measurement Metrics,https://sam.gov/workspace/contract/opp/be974ea1f2d8472b8485b65cfacb8433/view,NOAA,be974ea1f2d8472b8485b65cfacb8433,Combined Synopsis/Solicitation,2026-09-15,2026-09-24,"COMMERCE, DEPARTMENT OF.NATIONAL OCEANIC AND ATMOSPHERIC ADMINISTRATION.DEPT OF COMMERCE NOAA | NAICS 541720 | PSC R422 | set-aside: Small Business Set Aside - Total | SILVER SPRING, MD","Combined synopsis/solicitation for market research and public opinion services from Dept Of Commerce Noaa; small business set aside - total; Silver Spring, MD.",['space'],[],10655540278b6a7f,False,False
sam.gov,"CONSTRUCT US SPACE FORCE INTEGRATION FACILITY, F/10852 WPAFB, OHIO",https://sam.gov/workspace/contract/opp/fea3d661672a4e6884e22b9e20093e87/view,DEPT OF DEFENSE,fea3d661672a4e6884e22b9e20093e87,Sources Sought,2026-09-21,2026-10-06,"DEPT OF DEFENSE.DEPT OF THE ARMY.US ARMY CORPS OF ENGINEERS.ENGINEER DIVISION GREAT LAKES AND OHIO.ENDIST LOUISVILLE.W072 ENDIST LOUISVILLE | NAICS 236220 | PSC None | set-aside: none | LOUISVILLE, KY","Sources-sought notice (market research) for commercial and institutional building construction from W072 Endist Louisville; Louisville, KY.",['space'],[],b755b0c4d95fa8b1,False,True
sam.gov,"U.S. Government Space Required: Woodland, CA",https://sam.gov/workspace/contract/opp/e6ed1a1d5f1a4a75a3bb2f75c70d7d20/view,DEPT OF DEFENSE,e6ed1a1d5f1a4a75a3bb2f75c70d7d20,Solicitation,2026-09-21,2026-10-07,"DEPT OF DEFENSE.DEPT OF THE ARMY.US ARMY CORPS OF ENGINEERS.ENGINEER DIVISION SOUTH PACIFIC.ENDIST SACRAMENTO.W075 ENDIST SACRAMENTO | NAICS 531120 | PSC X1AA | set-aside: none | SACRAMENTO, CA","Solicitation for lease/rental of office buildings from W075 Endist Sacramento; Sacramento, CA.",[],[],98a54891468c92f8,False,False
sam.gov,"USDA Seeks to Lease Office and Related Space in Georgetown, Sussex County, Deleware",https://sam.gov/workspace/contract/opp/e282ae4d17d54118a9706c0f82d360a5/view,"AGRICULTURE, DEPARTMENT OF",e282ae4d17d54118a9706c0f82d360a5,Solicitation,2026-09-21,2026-10-05,"AGRICULTURE, DEPARTMENT OF.FARM PRODUCTION AND CONSERVATION BUSINESS CENTER.FPAC BUS CNTR-MGMT SVS DIV | NAICS 531120 | PSC X1AA | set-aside: No Set aside used | WASHINGTON, DC","Solicitation for lease/rental of office buildings from Fpac Bus Cntr-Mgmt Svs Div; Washington, DC.",[],[],a335b4edb845433b,False,True
sam.gov,"U.S. Department of Agriculture Seeks to Lease Office and Related Space in Whiteville, North Carolina",https://sam.gov/workspace/contract/opp/a1546c725f354d97a5fef827784f6205/view,"AGRICULTURE, DEPARTMENT OF",a1546c725f354d97a5fef827784f6205,Solicitation,2026-09-21,2026-10-13,"AGRICULTURE, DEPARTMENT OF.FARM PRODUCTION AND CONSERVATION BUSINESS CENTER.FPAC BUS CNTR-MGMT SVS DIV | NAICS 531120 | PSC X1AA | set-aside: none | WASHINGTON, DC","Solicitation for lease/rental of office buildings from Fpac Bus Cntr-Mgmt Svs Div; Washington, DC.",[],[],4da7c07be641e4d8,False,False
sam.gov,General Services Administration (GSA) Seeks to lease the following space: Solicitation No. 5TN0238,https://sam.gov/workspace/contract/opp/99c3844c8d2248a38bee40b24bded882/view,GENERAL SERVICES ADMINISTRATION,99c3844c8d2248a38bee40b24bded882,Presolicitation,2026-09-21,2026-10-12,"GENERAL SERVICES ADMINISTRATION.PUBLIC BUILDINGS SERVICE.PBS OFFICE OF LEASING | NAICS 531120 | PSC X1AA | set-aside: none | WASHINGTON, DC","Presolicitation for lease/rental of office buildings from Pbs Office Of Leasing; Washington, DC.",[],[],a1dc08ef8eaeeede,False,False
sam.gov,ARPA-H Comprehensive Organ System Modeling in Outer Space (COSMOS) Innovative Solutions Opening,https://sam.gov/workspace/contract/opp/7fb62afa210e4e209bb0110a6ea477eb/view,"HEALTH AND HUMAN SERVICES, DEPARTMENT OF",7fb62afa210e4e209bb0110a6ea477eb,Solicitation,2026-09-21,2026-10-07,"HEALTH AND HUMAN SERVICES, DEPARTMENT OF.NATIONAL INSTITUTES OF HEALTH.ADVANCED RESEARCH PROJECTS AGENCY FOR HEALTH (ARPA-H) | NAICS 541714 | PSC AN13 | set-aside: none | Washington, DC","Solicitation for health r&d services; health care services; experimental development from Advanced Research Projects Agency For Health (Arpa-H); Washington, DC.",['space'],[],4ef44f63383dc06c,False,True
sam.gov,Administrative Space Expansion - Combined Special Operations Group (CSOG),https://sam.gov/workspace/contract/opp/7991cf2c581d437ca32137a81285d770/view,DEPT OF DEFENSE,7991cf2c581d437ca32137a81285d770,Solicitation,2026-09-21,2026-10-02,"DEPT OF DEFENSE.DEFENSE INFORMATION SYSTEMS AGENCY (DISA).IT CONTRACTING DIVISION - PL83 | NAICS 561210 | PSC Z2AA | set-aside: Small Business Set Aside - Total | SCOTT AFB, IL","Solicitation for repair or alteration of office buildings from It Contracting Division - Pl83; small business set aside - total; Scott Afb, IL.",[],[],4d823dd74b5c3195,False,True
sam.gov,"US Government Seeks Office and Related Space in Washington, D.C.",https://sam.gov/workspace/contract/opp/6ca6e822248947239fb8f2c2f8826a8d/view,GENERAL SERVICES ADMINISTRATION,6ca6e822248947239fb8f2c2f8826a8d,Presolicitation,2026-09-21,2026-09-28,"GENERAL SERVICES ADMINISTRATION.PUBLIC BUILDINGS SERVICE.PBS OFFICE OF LEASING | NAICS 531120 | PSC X1AA | set-aside: none | WASHINGTON, DC","Presolicitation for lease/rental of office buildings from Pbs Office Of Leasing; Washington, DC.",[],[],2cf2e66036851c88,False,False
sam.gov,"Lease for office space - 1,415 sf required",https://sam.gov/workspace/contract/opp/5c1640bec942436aba5d557d077ac130/view,DEPT OF DEFENSE,5c1640bec942436aba5d557d077ac130,Solicitation,2026-09-21,2026-09-26,"DEPT OF DEFENSE.DEPT OF THE ARMY.US ARMY CORPS OF ENGINEERS.ENGINEER DIVISION NORTHWESTERN.ENDIST OMAHA.W071 ENDIST OMAHA | NAICS 531120 | PSC X1PZ | set-aside: none | OMAHA, NE","Solicitation for lease/rental of other non-building facilities from W071 Endist Omaha; Omaha, NE.",[],[],d3dfdab41a1fcef6,False,True
sam.gov,"53--SPACER,RING",https://sam.gov/workspace/contract/opp/45c1a5e2c961431097dd44f001c73826/view,DEPT OF DEFENSE,45c1a5e2c961431097dd44f001c73826,Combined Synopsis/Solicitation,2026-09-21,2026-10-06,"DEPT OF DEFENSE.DEFENSE LOGISTICS AGENCY.DLA MARITIME.DLA MARITIME COLUMBUS.DLA LAND AND MARITIME | NAICS 332722 | PSC 53 | set-aside: Small Business Set Aside - Total | COLUMBUS, OH","Combined synopsis/solicitation for hardware and abrasives from Dla Land And Maritime; small business set aside - total; Columbus, OH.",[],[],d92d4c17bf1e9025,False,True
sam.gov,"4AL0249 - Request for Land Space - Selma, AL",https://sam.gov/workspace/contract/opp/4087535e6307451294227853f3b56469/view,GENERAL SERVICES ADMINISTRATION,4087535e6307451294227853f3b56469,Presolicitation,2026-09-21,2026-10-09,"GENERAL SERVICES ADMINISTRATION.PUBLIC BUILDINGS SERVICE.PBS OFFICE OF LEASING | NAICS None | PSC X1QA | set-aside: none | WASHINGTON, DC","Presolicitation for lease/rental of restoration of real property from Pbs Office Of Leasing; Washington, DC.",[],[],3cf7e095ccd9cf1c,False,True
sam.gov,"53--SPACER,RING",https://sam.gov/workspace/contract/opp/2c6f717c6b9d460c9cd5c3b5cb41bc8b/view,DEPT OF DEFENSE,2c6f717c6b9d460c9cd5c3b5cb41bc8b,Combined Synopsis/Solicitation,2026-09-21,2026-09-28,"DEPT OF DEFENSE.DEFENSE LOGISTICS AGENCY.DLA MARITIME.DLA MARITIME COLUMBUS.DLA LAND AND MARITIME | NAICS 332510 | PSC 53 | set-aside: none | COLUMBUS, OH","Combined synopsis/solicitation for hardware and abrasives from Dla Land And Maritime; Columbus, OH.",[],[],570532982c9d9ca9,False,False
sam.gov,"Seeking Competitive Lease Proposals – Administrative Office Space in in Atlanta, GA - Request for Lease Proposals No. 26NAT02",https://sam.gov/workspace/contract/opp/2c0d0e2b4a4e426499999ad8d14e3bc3/view,GENERAL SERVICES ADMINISTRATION,2c0d0e2b4a4e426499999ad8d14e3bc3,Combined Synopsis/Solicitation,2026-09-21,2026-10-07,"GENERAL SERVICES ADMINISTRATION.PUBLIC BUILDINGS SERVICE.PBS OFFICE OF LEASING | NAICS 531120 | PSC X1AA | set-aside: none | WASHINGTON, DC","Combined synopsis/solicitation for lease/rental of office buildings from Pbs Office Of Leasing; Washington, DC.",[],[],3bcdf498c17ea6b0,False,False
sam.gov,"Hangar Space, Billings Montana",https://sam.gov/workspace/contract/opp/1b0333255cde4d169ebd38085c187e59/view,"JUSTICE, DEPARTMENT OF",1b0333255cde4d169ebd38085c187e59,Sources Sought,2026-09-21,2026-10-06,"JUSTICE, DEPARTMENT OF.FEDERAL BUREAU OF INVESTIGATION.FBI - REDSTONE ARSENAL | NAICS 53 | PSC X1BZ | set-aside: No Set aside used | REDSTONE ARSENAL, AL","Sources-sought notice (market research) for lease/rental of other airfield structures from Fbi - Redstone Arsenal; Redstone Arsenal, AL.",[],[],798501208935b3ac,False,False
sam.gov,"SPACER,SLEEVE",https://sam.gov/workspace/contract/opp/17f02b657f464e908d8643b759ab282b/view,DEPT OF DEFENSE,17f02b657f464e908d8643b759ab282b,Sources Sought,2026-09-21,2026-09-28,"DEPT OF DEFENSE.DEFENSE LOGISTICS AGENCY.DLA LAND.DLA LAND COLUMBUS.DLA LAND AND MARITIME | NAICS 332999 | PSC 5365 | set-aside: none | COLUMBUS, OH","Sources-sought notice (market research) for bushings, rings, shims and spacers from Dla Land And Maritime; Columbus, OH.",[],[],83d8aceca15c7797,False,False
sam.gov,Seeking Competitive Lease Proposals for Office Space in multiple locations across the United States- Request for Lease Proposals No. 26NAT02,https://sam.gov/workspace/contract/opp/3b906c33f6684dbf9ca265c57d8c19e7/view,GENERAL SERVICES ADMINISTRATION,3b906c33f6684dbf9ca265c57d8c19e7,Combined Synopsis/Solicitation,2026-09-20,2026-10-07,"GENERAL SERVICES ADMINISTRATION.PUBLIC BUILDINGS SERVICE.PBS OFFICE OF LEASING | NAICS 531120 | PSC X1AA | set-aside: none | WASHINGTON, DC","Combined synopsis/solicitation for lease/rental of office buildings from Pbs Office Of Leasing; Washington, DC.",[],[],8a9503023f2fd41b,False,False
sam.gov,Combined Synopsis/Solicitation & Notice of Intent to Sole Source to Tradespace for Subscription,https://sam.gov/workspace/contract/opp/f07530d5951d43ecbdc259be61b45452/view,"HEALTH AND HUMAN SERVICES, DEPARTMENT OF",f07530d5951d43ecbdc259be61b45452,Combined Synopsis/Solicitation,2026-09-18,2026-09-22,"HEALTH AND HUMAN SERVICES, DEPARTMENT OF.FOOD AND DRUG ADMINISTRATION.FDA OFFICE OF ACQ  GRANT SVCS | NAICS 513210 | PSC DA10 | set-aside: No Set aside used | Rockville, MD","Combined synopsis/solicitation for support services, delivered as a service contract involved with the analysis, design, development, code, test and release packaging services associated with application development…",[],"['NAICS 513210 (software publishers)', 'PSC DA10 (IT applications (development, support, SaaS))', 'application development']",963f4296c8d46e38,True,False
sam.gov,Space Port of the Future Infrastructure (SPOTFi) Campus,https://sam.gov/workspace/contract/opp/c26339446f97438e95b187140ece6c14/view,DEPT OF DEFENSE,c26339446f97438e95b187140ece6c14,Solicitation,2026-09-18,2026-10-09,"DEPT OF DEFENSE.DEPT OF THE ARMY.US ARMY CORPS OF ENGINEERS.ENGINEER DIVISION SOUTH ATLANTIC.ENDIST MOBILE.W074 ENDIST MOBILE | NAICS 236220 | PSC Y1JZ | set-aside: none | MOBILE, AL","Solicitation for construction of miscellaneous buildings from W074 Endist Mobile; Mobile, AL.",['space'],[],dafbdd0a91db8829,False,False
sam.gov,"6NV0137 - GSA Seeks space in Las Vegas, NV",https://sam.gov/workspace/contract/opp/b9f949b6e12a4981aad5f2e2cb0b98e0/view,GENERAL SERVICES ADMINISTRATION,b9f949b6e12a4981aad5f2e2cb0b98e0,Presolicitation,2026-09-18,2026-09-22,"GENERAL SERVICES ADMINISTRATION.PUBLIC BUILDINGS SERVICE.PBS R9 LEASING DIV | NAICS 531120 | PSC X1AA | set-aside: No Set aside used | SAN FRANCISCO, CA","Presolicitation for lease/rental of office buildings from Pbs R9 Leasing Div; San Francisco, CA.",[],[],c8e4b077cf7f63e0,False,False
sam.gov,Industry Day: A Government-Industry Exchange on Construction Contracting - An Invitation for Industry Partners to Collaborate with the United States Space Force Operational Contracting Enterprise,https://sam.gov/workspace/contract/opp/af24ab6b213b4b899c3101c7db1b3549/view,DEPT OF DEFENSE,af24ab6b213b4b899c3101c7db1b3549,Special Notice,2026-09-18,2026-10-31,"DEPT OF DEFENSE.DEPT OF THE AIR FORCE.AIR FORCE SPACE COMMAND | NAICS 23 | PSC None | set-aside: none | , ",Special notice for goods or services from Air Force Space Command.,['space'],[],af252d391aa75c3b,False,False
sam.gov,"General Services Administration (GSA) seeks to lease office space in Montclair, CA",https://sam.gov/workspace/contract/opp/a7d92263eef64bee816ee46e738e70f5/view,GENERAL SERVICES ADMINISTRATION,a7d92263eef64bee816ee46e738e70f5,Presolicitation,2026-09-18,2026-10-16,"GENERAL SERVICES ADMINISTRATION.PUBLIC BUILDINGS SERVICE.PBS R00 CENTER FOR BROKER SERVICES | NAICS 531120 | PSC X1AA | set-aside: none | WASHINGTON, DC","Presolicitation for lease/rental of office buildings from Pbs R00 Center For Broker Services; Washington, DC.",[],[],ad3830cf08d49fb3,False,False
sam.gov,"Pre-solicitation Notice:  The Government seeks expressions of interest for hangar and related space in Carolina, Puerto Rico for a minimum of 17,480 ANSI/BOMA Office Area (ABOA) SF and maximum of 18,354 ABOA SF.",https://sam.gov/workspace/contract/opp/710e555560704331a7eda69ad9091f6b/view,GENERAL SERVICES ADMINISTRATION,710e555560704331a7eda69ad9091f6b,Presolicitation,2026-09-18,2026-09-25,"GENERAL SERVICES ADMINISTRATION.PUBLIC BUILDINGS SERVICE.PBS R00 CENTER FOR BROKER SERVICES | NAICS 531120 | PSC X1BZ | set-aside: none | WASHINGTON, DC","Presolicitation for lease/rental of other airfield structures from Pbs R00 Center For Broker Services; Washington, DC.",[],[],e786ff20c9b4e45a,False,False
sam.gov,Industry Day: Vandenberg Space Force Base (VSFB) Various Spaceport of the Future (SOTF) and Sentinel Projects - Progressive Design-Build (PDB) and Construction Management at Risk (CMAR) using Other Transaction Authority (OTA),https://sam.gov/workspace/contract/opp/37e94d4e8e584fd994392f4ed1990c77/view,DEPT OF DEFENSE,37e94d4e8e584fd994392f4ed1990c77,Special Notice,2026-09-18,2026-10-14,"DEPT OF DEFENSE | NAICS 236220 | PSC Y1JZ | set-aside: No Set aside used | , ",Special notice for construction of miscellaneous buildings.,['space'],[],791770930277d71a,False,False
sam.gov,"USDA seeking 2,300-2,722 ABOA SF, Office/Warehouse/Scientific Support Space, in Cocoa, FL",https://sam.gov/workspace/contract/opp/14649571e1264333a62d90d7710b3fe4/view,"AGRICULTURE, DEPARTMENT OF",14649571e1264333a62d90d7710b3fe4,Solicitation,2026-09-18,2026-10-12,"AGRICULTURE, DEPARTMENT OF.ANIMAL AND PLANT HEALTH INSPECTION SERVICE.MRPBS MINNEAPOLIS MN | NAICS 531120 | PSC X1AA | set-aside: none | MINNEAPOLIS, MN","Solicitation for lease/rental of office buildings from Mrpbs Minneapolis Mn; Minneapolis, MN.",[],[],93b5a63d2f773214,False,False
sam.gov,Combined Office/Motor Pool Space,https://sam.gov/workspace/contract/opp/ff08e67031624e8f8214c641808bb08c/view,DEPT OF DEFENSE,ff08e67031624e8f8214c641808bb08c,Presolicitation,2026-09-17,2026-09-22,"DEPT OF DEFENSE.DEPT OF THE ARMY.US ARMY CORPS OF ENGINEERS.ENGINEER DIVISION SOUTH PACIFIC.ENDIST ALBUQUERQUE.W075 ENDIST ALBUQUERQUE | NAICS 53 | PSC X1AZ | set-aside: none | ALBUQUERQUE, NM","Presolicitation for lease/rental of other administrative facilities and service buildings from W075 Endist Albuquerque; Albuquerque, NM.",[],[],ff0f161c7d1b0d8b,False,False
sam.gov,"Seeking Competitive Lease Proposals –- Management Hub Office Space -- in in Atlanta, GA - Request for Lease Proposals No. 26NAT02",https://sam.gov/workspace/contract/opp/e825fab074234492b28964800449de29/view,GENERAL SERVICES ADMINISTRATION,e825fab074234492b28964800449de29,Combined Synopsis/Solicitation,2026-09-17,2026-10-07,"GENERAL SERVICES ADMINISTRATION.PUBLIC BUILDINGS SERVICE.PBS OFFICE OF LEASING | NAICS 531120 | PSC X1AA | set-aside: none | WASHINGTON, DC","Combined synopsis/solicitation for lease/rental of office buildings from Pbs Office Of Leasing; Washington, DC.",[],[],13681bb9a21efd3c,False,False
sam.gov,General Services Administration (GSA) Seeks To Lease The Following Space:,https://sam.gov/workspace/contract/opp/dadef03408094b1f83dc3b75008cb1ce/view,GENERAL SERVICES ADMINISTRATION,dadef03408094b1f83dc3b75008cb1ce,Presolicitation,2026-09-17,2026-10-16,"GENERAL SERVICES ADMINISTRATION.PUBLIC BUILDINGS SERVICE.PBS R00 CENTER FOR BROKER SERVICES | NAICS 531120 | PSC X1AA | set-aside: No Set aside used | WASHINGTON, DC","Presolicitation for lease/rental of office buildings from Pbs R00 Center For Broker Services; Washington, DC.",[],[],7dd66b91235d9c18,False,False
sam.gov,"General Services Administration (GSA) seeks to lease space in Fort Myers, FL",https://sam.gov/workspace/contract/opp/c41d0beaeb29442b80400b63d3e9bc53/view,GENERAL SERVICES ADMINISTRATION,c41d0beaeb29442b80400b63d3e9bc53,Presolicitation,2026-09-17,2026-10-09,"GENERAL SERVICES ADMINISTRATION.PUBLIC BUILDINGS SERVICE.PBS R00 CENTER FOR BROKER SERVICES | NAICS 53112 | PSC X1AA | set-aside: none | WASHINGTON, DC","Presolicitation for lease/rental of office buildings from Pbs R00 Center For Broker Services; Washington, DC.",[],[],c4e214aba76c3c20,False,False
sam.gov,"53--SPACER,SLEEVE",https://sam.gov/workspace/contract/opp/c3b4612878584a428008595e1b68ae46/view,DEPT OF DEFENSE,c3b4612878584a428008595e1b68ae46,Combined Synopsis/Solicitation,2026-09-17,2026-09-25,"DEPT OF DEFENSE.DEFENSE LOGISTICS AGENCY.DLA AVIATION.DLA AV RICHMOND.DLA AVIATION | NAICS 332510 | PSC 53 | set-aside: Small Business Set Aside - Total | RICHMOND, VA","Combined synopsis/solicitation for hardware and abrasives from Dla Aviation; small business set aside - total; Richmond, VA.",[],[],5bbc3ac5b4301bd9,False,False
sam.gov,"Lease for office space - 6,533 sq ft required",https://sam.gov/workspace/contract/opp/9e16821871e44636b83f68bb12a418ce/view,DEPT OF DEFENSE,9e16821871e44636b83f68bb12a418ce,Solicitation,2026-09-17,2026-10-01,"DEPT OF DEFENSE.DEPT OF THE ARMY.US ARMY CORPS OF ENGINEERS.ENGINEER DIVISION NORTHWESTERN.ENDIST OMAHA.W071 ENDIST OMAHA | NAICS 531120 | PSC X1PZ | set-aside: none | OMAHA, NE","Solicitation for lease/rental of other non-building facilities from W071 Endist Omaha; Omaha, NE.",[],[],bc5ca5b281780cc3,False,False
sam.gov,"DACA675270001300 - United States Army Corps of Engineers (USACE) seeks to lease approximately 555 gross square feet of office space in SeaTac, Washington for Air Mobility Command",https://sam.gov/workspace/contract/opp/999d358bb7bf434092c630b9d449d0cf/view,DEPT OF DEFENSE,999d358bb7bf434092c630b9d449d0cf,Solicitation,2026-09-17,2026-10-30,"DEPT OF DEFENSE.DEPT OF THE ARMY.US ARMY CORPS OF ENGINEERS.ENGINEER DIVISION NORTHWESTERN.ENDIST SEATTLE.W071 ENDIST SEATTLE | NAICS 531120 | PSC X1AA | set-aside: none | SEATTLE, WA","Solicitation for lease/rental of office buildings from W071 Endist Seattle; Seattle, WA.",[],[],402e573557a3e73b,False,False
sam.gov,Industry Day - Space Force Operations Centers - Various Locations: Sign Up Link,https://sam.gov/workspace/contract/opp/87fa46ac485d4e4698fbf38cfe985b22/view,DEPT OF DEFENSE,87fa46ac485d4e4698fbf38cfe985b22,Special Notice,2026-09-17,,"DEPT OF DEFENSE.DEPT OF THE ARMY.US ARMY CORPS OF ENGINEERS.ENGINEER DIVISION NORTHWESTERN.ENDIST OMAHA.W071 ENDIST OMAHA | NAICS 236220 | PSC Y1JZ | set-aside: none | OMAHA, NE","Special notice for construction of miscellaneous buildings from W071 Endist Omaha; Omaha, NE.",['space'],[],0c5aad27b7697781,False,False
sam.gov,Lease of Office Space. Request for Lease Proposals (RLP) #26NAT01 - Office Space,https://sam.gov/workspace/contract/opp/589840c83fe74b66b2053a25ea274974/view,GENERAL SERVICES ADMINISTRATION,589840c83fe74b66b2053a25ea274974,Combined Synopsis/Solicitation,2026-09-17,2026-10-07,"GENERAL SERVICES ADMINISTRATION.PUBLIC BUILDINGS SERVICE.PBS OFFICE OF LEASING | NAICS 531120 | PSC X1AA | set-aside: none | WASHINGTON, DC","Combined synopsis/solicitation for lease/rental of office buildings from Pbs Office Of Leasing; Washington, DC.",[],[],9d7b48df6b95a6e4,False,False
sam.gov,53--BOLT AND SPACER KIT,https://sam.gov/workspace/contract/opp/3ad97a9a9fc94fefb84df8e873f335cb/view,DEPT OF DEFENSE,3ad97a9a9fc94fefb84df8e873f335cb,Combined Synopsis/Solicitation,2026-09-17,2026-10-02,"DEPT OF DEFENSE.DEFENSE LOGISTICS AGENCY.DLA LAND.DLA LAND COLUMBUS.DLA LAND AND MARITIME | NAICS 332722 | PSC 53 | set-aside: none | COLUMBUS, OH","Combined synopsis/solicitation for hardware and abrasives from Dla Land And Maritime; Columbus, OH.",[],[],391cd2ef91970cb4,False,False
sam.gov,"Seeking Competitive Lease Proposals –- Management Hub -- Office Space in in Philadelphia, PA - Request for Lease Proposals No. 26NAT02",https://sam.gov/workspace/contract/opp/2d7eb4351526411da2be3530ee6169e5/view,GENERAL SERVICES ADMINISTRATION,2d7eb4351526411da2be3530ee6169e5,Combined Synopsis/Solicitation,2026-09-17,2026-10-07,"GENERAL SERVICES ADMINISTRATION.PUBLIC BUILDINGS SERVICE.PBS OFFICE OF LEASING | NAICS 531120 | PSC X1AA | set-aside: none | WASHINGTON, DC","Combined synopsis/solicitation for lease/rental of office buildings from Pbs Office Of Leasing; Washington, DC.",[],[],1b079e62021d1eed,False,False
sam.gov,"General Services Administration (GSA) seeks to lease office space in Campbell, CA",https://sam.gov/workspace/contract/opp/25311fb4aa7a49828c0299b98888d228/view,GENERAL SERVICES ADMINISTRATION,25311fb4aa7a49828c0299b98888d228,Presolicitation,2026-09-17,2026-10-02,"GENERAL SERVICES ADMINISTRATION.PUBLIC BUILDINGS SERVICE.PBS R00 CENTER FOR BROKER SERVICES | NAICS 531120 | PSC X1AA | set-aside: none | WASHINGTON, DC","Presolicitation for lease/rental of office buildings from Pbs R00 Center For Broker Services; Washington, DC.",[],[],6d0220ae9dfd2184,False,False
sam.gov,"Seeking Competitive Lease Proposals – Administrative Office Space in in Philadelphia, PA - Request for Lease Proposals No. 26NAT02",https://sam.gov/workspace/contract/opp/1d5daa6336f3483aba2732392bdb5ea0/view,GENERAL SERVICES ADMINISTRATION,1d5daa6336f3483aba2732392bdb5ea0,Solicitation,2026-09-17,2026-10-07,"GENERAL SERVICES ADMINISTRATION.PUBLIC BUILDINGS SERVICE.PBS OFFICE OF LEASING | NAICS 531120 | PSC X1AA | set-aside: none | WASHINGTON, DC","Solicitation for lease/rental of office buildings from Pbs Office Of Leasing; Washington, DC.",[],[],17749d5db2e3178d,False,False
sam.gov,"Hangar Space in or Near Alpine, Texas",https://sam.gov/workspace/contract/opp/c8cd60d3013a45229289925dd6399384/view,DEPT OF DEFENSE,c8cd60d3013a45229289925dd6399384,Presolicitation,2026-09-16,2026-09-21,"DEPT OF DEFENSE.DEPT OF THE ARMY.US ARMY CORPS OF ENGINEERS.ENGINEER DIVISION SOUTH PACIFIC.ENDIST ALBUQUERQUE.W075 ENDIST ALBUQUERQUE | NAICS 531120 | PSC X1BZ | set-aside: none | ALBUQUERQUE, NM","Presolicitation for lease/rental of other airfield structures from W075 Endist Albuquerque; Albuquerque, NM.",[],[],fd7fdad0a4a47994,False,False
sam.gov,"United States Space Force (USSF) Battle Management, Command, Control, Communication and Space Intelligence (BMC3I) Satellite Communication Augmentation Resource (SCAR) Program Office (PMO) Commercial Solutions Opening (CSO) Two Phase Closed Variant",https://sam.gov/workspace/contract/opp/a71495f6ce5e4e2fb45ceed1162606ad/view,MDA,a71495f6ce5e4e2fb45ceed1162606ad,Special Notice,2026-09-16,2026-10-15,"DEPT OF DEFENSE.MISSILE DEFENSE AGENCY (MDA).MISSILE DEFENSE AGENCY (MDA) | NAICS 541715 | PSC 5985 | set-aside: No Set aside used | HUNTSVILLE, AL","Special notice for antennas, waveguide, and related equipment from Missile Defense Agency (Mda); Huntsville, AL.","['space', 'satellite']",['battle management'],0f43ad72762469f0,True,False
sam.gov,"General Services Administration (GSA) Seeks Leased Space in Vicksburg, MS",https://sam.gov/workspace/contract/opp/9e8217eea0244d618cdd07058250ef88/view,GENERAL SERVICES ADMINISTRATION,9e8217eea0244d618cdd07058250ef88,Presolicitation,2026-09-16,2026-10-06,"GENERAL SERVICES ADMINISTRATION.PUBLIC BUILDINGS SERVICE.PBS OFFICE OF LEASING | NAICS 531120 | PSC X1AA | set-aside: none | WASHINGTON, DC","Presolicitation for lease/rental of office buildings from Pbs Office Of Leasing; Washington, DC.",[],[],4e9a6ced74285db6,False,False
sam.gov,"SPACER,COMPRESSOR R_End_Item_TF33_NSN_2840013055307_PN_413918P20",https://sam.gov/workspace/contract/opp/8db768d4f4e4415788d7886d7ede0c5f/view,DEPT OF DEFENSE,8db768d4f4e4415788d7886d7ede0c5f,Sources Sought,2026-09-16,2026-09-23,"DEPT OF DEFENSE.DEFENSE LOGISTICS AGENCY.DLA AVIATION.DLA AVIATION OKLAHOMA CITY.DLA AVIATION AT OKLAHOMA CITY, OK | NAICS 336412 | PSC 2840 | set-aside: No Set aside used | TINKER AFB, OK","Sources-sought notice (market research) for gas turbines and jet engines, aircraft, prime moving; and components from Dla Aviation At Oklahoma City, Ok; Tinker Afb, OK.",[],[],c0a6d5c4481a8a7c,False,False
sam.gov,"53--SPACER,STEPPED",https://sam.gov/workspace/contract/opp/8b03503eef8740889df2650ca6276e2e/view,DEPT OF DEFENSE,8b03503eef8740889df2650ca6276e2e,Combined Synopsis/Solicitation,2026-09-16,2026-09-24,"DEPT OF DEFENSE.DEFENSE LOGISTICS AGENCY.DLA AVIATION.DLA AV RICHMOND.DLA AVIATION | NAICS 332722 | PSC 53 | set-aside: none | RICHMOND, VA","Combined synopsis/solicitation for hardware and abrasives from Dla Aviation; Richmond, VA.",[],[],6335367161cbf4d9,False,False
sam.gov,"General Services Administration (GSA) seeks to lease office space in Bismarck, ND",https://sam.gov/workspace/contract/opp/8999662257664de99f0c3b8c053b6bc6/view,GENERAL SERVICES ADMINISTRATION,8999662257664de99f0c3b8c053b6bc6,Presolicitation,2026-09-16,2026-09-25,"GENERAL SERVICES ADMINISTRATION.PUBLIC BUILDINGS SERVICE.PBS R00 CENTER FOR BROKER SERVICES | NAICS 531120 | PSC X1AA | set-aside: none | WASHINGTON, DC","Presolicitation for lease/rental of office buildings from Pbs R00 Center For Broker Services; Washington, DC.",[],[],4fef2da066087a83,False,False
sam.gov,"SPE60526Q0271 NASA Marshall Space Flight Center, AL, 7,500 USG Diesel, ULSD (DS2), RDD 18 Sep 2026",https://sam.gov/workspace/contract/opp/6dd80c81c61f4a18a598dad2600aa76f/view,DEPT OF DEFENSE,6dd80c81c61f4a18a598dad2600aa76f,Combined Synopsis/Solicitation,2026-09-16,2026-09-17,"DEPT OF DEFENSE.DEFENSE LOGISTICS AGENCY.DLA ENERGY.DLA ENERGY | NAICS 324110 | PSC 9140 | set-aside: Small Business Set Aside - Total | FORT BELVOIR, VA","Combined synopsis/solicitation for fuel oils from Dla Energy; small business set aside - total; Fort Belvoir, VA.",['space'],[],edc8f770db9631c0,False,False
sam.gov,Confined Space Assessment - Beltsville MD,https://sam.gov/workspace/contract/opp/682ea9d98c7343908222d52e32f798ea/view,"AGRICULTURE, DEPARTMENT OF",682ea9d98c7343908222d52e32f798ea,Combined Synopsis/Solicitation,2026-09-16,2026-09-22,"AGRICULTURE, DEPARTMENT OF.AGRICULTURAL RESEARCH SERVICE.USDA ARS AFM APD | NAICS 541620 | PSC R428 | set-aside: Small Business Set Aside - Total | BELTSVILLE, MD","Combined synopsis/solicitation for industrial hygienics from Usda Ars Afm Apd; small business set aside - total; Beltsville, MD.",[],[],4012ce13f91ca39e,False,False
sam.gov,"US Government seeks to Lease Office Space in Poughkeepsie, NY",https://sam.gov/workspace/contract/opp/2cfe3f2ffed2478f8be64ded057b8bc8/view,GENERAL SERVICES ADMINISTRATION,2cfe3f2ffed2478f8be64ded057b8bc8,Solicitation,2026-09-16,2026-09-30,"GENERAL SERVICES ADMINISTRATION.PUBLIC BUILDINGS SERVICE.PBS R00 CENTER FOR BROKER SERVICES | NAICS 531120 | PSC X1AA | set-aside: No Set aside used | WASHINGTON, DC","Solicitation for lease/rental of office buildings from Pbs R00 Center For Broker Services; Washington, DC.",[],[],96116739fb58d4e7,False,False
sam.gov,"Hangar Space in or Near Edinburg, Texas",https://sam.gov/workspace/contract/opp/2c7c34fd011f43948b96ce7f1bca9a7a/view,DEPT OF DEFENSE,2c7c34fd011f43948b96ce7f1bca9a7a,Presolicitation,2026-09-16,2026-09-22,"DEPT OF DEFENSE.DEPT OF THE ARMY.US ARMY CORPS OF ENGINEERS.ENGINEER DIVISION SOUTH PACIFIC.ENDIST ALBUQUERQUE.W075 ENDIST ALBUQUERQUE | NAICS 531120 | PSC X1BZ | set-aside: none | ALBUQUERQUE, NM","Presolicitation for lease/rental of other airfield structures from W075 Endist Albuquerque; Albuquerque, NM.",[],[],ce850060d0b983c5,False,False
sam.gov,General Services Administration (GSA) seeks to lease the following space: Solicitation No. 3FL0557,https://sam.gov/workspace/contract/opp/28451ce412f84a37896d87e458648b2a/view,GENERAL SERVICES ADMINISTRATION,28451ce412f84a37896d87e458648b2a,Presolicitation,2026-09-16,2026-09-21,"GENERAL SERVICES ADMINISTRATION.PUBLIC BUILDINGS SERVICE.PBS OFFICE OF LEASING | NAICS 531120 | PSC X1AA | set-aside: none | WASHINGTON, DC","Presolicitation for lease/rental of office buildings from Pbs Office Of Leasing; Washington, DC.",[],[],4196c8ac75c977e0,False,False
sam.gov,"Lease of Office Space in NE Buffalo / Williamsville, New York - Request for Lease Proposals (RLP) #26NAT01 - Office Space",https://sam.gov/workspace/contract/opp/187c8a5ae2ce4cd1b21c54c370849ba3/view,GENERAL SERVICES ADMINISTRATION,187c8a5ae2ce4cd1b21c54c370849ba3,Combined Synopsis/Solicitation,2026-09-16,2026-10-07,"GENERAL SERVICES ADMINISTRATION.PUBLIC BUILDINGS SERVICE.PBS R2 OFFICE OF LEASING | NAICS 531120 | PSC X1AA | set-aside: none | NEW YORK, NY","Combined synopsis/solicitation for lease/rental of office buildings from Pbs R2 Office Of Leasing; New York, NY.",[],[],aa662aeacb081ae2,False,False
sam.gov,"53--SPACER,SLEEVE",https://sam.gov/workspace/contract/opp/de72d1cf86484db88b7f02487f875ed6/view,DEPT OF DEFENSE,de72d1cf86484db88b7f02487f875ed6,Combined Synopsis/Solicitation,2026-09-15,2026-09-23,"DEPT OF DEFENSE.DEFENSE LOGISTICS AGENCY.DLA AVIATION.DLA AV RICHMOND.DLA AVIATION | NAICS 332722 | PSC 53 | set-aside: none | RICHMOND, VA","Combined synopsis/solicitation for hardware and abrasives from Dla Aviation; Richmond, VA.",[],[],fc065f9dd943b989,False,False
sam.gov,"28--SPACER,COMPRESSOR S",https://sam.gov/workspace/contract/opp/aa9c26743b2647e49a093774456aec4c/view,DEPT OF DEFENSE,aa9c26743b2647e49a093774456aec4c,Combined Synopsis/Solicitation,2026-09-15,2026-09-23,"DEPT OF DEFENSE.DEFENSE LOGISTICS AGENCY.DLA AVIATION.DLA AV RICHMOND.DLA AVIATION | NAICS 336412 | PSC 28 | set-aside: Small Business Set Aside - Total | RICHMOND, VA","Combined synopsis/solicitation for engines and turbines and component from Dla Aviation; small business set aside - total; Richmond, VA.",[],[],a2756ddaf99a34eb,False,False
sam.gov,NAS410 40-Hour Level 2 Digital Radiography / Non-Film (DRT) Transition Training for DCMA Space Enterprises,https://sam.gov/workspace/contract/opp/8bd1e98e03d24c65b050a84a3238bb02/view,DEPT OF DEFENSE,8bd1e98e03d24c65b050a84a3238bb02,Solicitation,2026-09-15,2026-09-17,"DEPT OF DEFENSE.DEFENSE CONTRACT MANAGEMENT AGENCY (DCMA).DCMA, HQ, PROCUREMENT CENTER.DEFENSE CONTRACT MANAGMENT OFFICE | NAICS 611430 | PSC U006 | set-aside: none | FORT LEE, VA","Solicitation for vocational/technical from Defense Contract Managment Office; Fort Lee, VA.",['space'],[],54f61e3576f803be,False,False
sam.gov,"Lease of Office Space in Fort Lauderdale, Florida - Request for Lease Proposals (RLP) #26NAT01 - Office Space",https://sam.gov/workspace/contract/opp/8a145f105e324e9699e661f1d0738da6/view,GENERAL SERVICES ADMINISTRATION,8a145f105e324e9699e661f1d0738da6,Combined Synopsis/Solicitation,2026-09-15,2026-10-07,"GENERAL SERVICES ADMINISTRATION.PUBLIC BUILDINGS SERVICE.PBS R2 OFFICE OF LEASING | NAICS 531120 | PSC X1AA | set-aside: none | NEW YORK, NY","Combined synopsis/solicitation for lease/rental of office buildings from Pbs R2 Office Of Leasing; New York, NY.",[],[],2b5d82baf67dc082,False,False
sam.gov,Pituffik Space Base Project Delivery Method Market Research Questionnaire,https://sam.gov/workspace/contract/opp/25c604e23add4044b1a453b53eaeb04d/view,DEPT OF DEFENSE,25c604e23add4044b1a453b53eaeb04d,Sources Sought,2026-09-15,2026-10-01,"DEPT OF DEFENSE.DEPT OF THE ARMY.US ARMY CORPS OF ENGINEERS.ENGINEER DIVISION NORTH ATLANTIC.ENDIST NEW YORK.W2SD ENDIST NEW YORK | NAICS None | PSC None | set-aside: No Set aside used | NEW YORK, NY","Sources-sought notice (market research) for goods or services from W2Sd Endist New York; New York, NY.",['space'],[],34e1eb8ddc5a854a,False,False
sam.gov,"US GOVERNMENT WANTS TO LEASE OFFICE SPACE IN SAN ANTONIO, TX",https://sam.gov/workspace/contract/opp/18088107c6f24dd6863304c14c2450d6/view,GENERAL SERVICES ADMINISTRATION,18088107c6f24dd6863304c14c2450d6,Presolicitation,2026-09-15,2026-09-30,"GENERAL SERVICES ADMINISTRATION.PUBLIC BUILDINGS SERVICE.PBS R00 CENTER FOR BROKER SERVICES | NAICS 531120 | PSC X1AA | set-aside: none | WASHINGTON, DC","Presolicitation for lease/rental of office buildings from Pbs R00 Center For Broker Services; Washington, DC.",[],[],07a192d093ae658e,False,False
sam.gov,"53--SPACER,PLATE",https://sam.gov/workspace/contract/opp/14167b3279784bca94e465d0b2755dd0/view,DEPT OF DEFENSE,14167b3279784bca94e465d0b2755dd0,Combined Synopsis/Solicitation,2026-09-15,2026-09-23,"DEPT OF DEFENSE.DEFENSE LOGISTICS AGENCY.DLA AVIATION.DLA AV RICHMOND.DLA AVIATION | NAICS 332510 | PSC 53 | set-aside: none | RICHMOND, VA","Combined synopsis/solicitation for hardware and abrasives from Dla Aviation; Richmond, VA.",[],[],874f267c9280c78c,False,False
sam.gov,General Services Administration (GSA) is seeking the following space in Atlanta: 6GA0396,https://sam.gov/workspace/contract/opp/f65575bf54684c07a10dfab18d1a937d/view,GENERAL SERVICES ADMINISTRATION,f65575bf54684c07a10dfab18d1a937d,Presolicitation,2026-09-14,2026-10-05,"GENERAL SERVICES ADMINISTRATION.PUBLIC BUILDINGS SERVICE.PBS OFFICE OF LEASING | NAICS 531120 | PSC X1AA | set-aside: No Set aside used | WASHINGTON, DC","Presolicitation for lease/rental of office buildings from Pbs Office Of Leasing; Washington, DC.",[],[],9cca6841d7b62a19,False,False
sam.gov,"Government Seeking Lease Space in Mount Airy, NC",https://sam.gov/workspace/contract/opp/7ed34b8e2dec4aba83d3e4ab17bfc91c/view,GENERAL SERVICES ADMINISTRATION,7ed34b8e2dec4aba83d3e4ab17bfc91c,Presolicitation,2026-09-14,2026-09-22,"GENERAL SERVICES ADMINISTRATION.PUBLIC BUILDINGS SERVICE.PBS OFFICE OF LEASING | NAICS 53112 | PSC X1AA | set-aside: none | WASHINGTON, DC","Presolicitation for lease/rental of office buildings from Pbs Office Of Leasing; Washington, DC.",[],[],a86abeb84dc8922a,False,False
sam.gov,CMC Greenspace IFB,https://sam.gov/workspace/contract/opp/55e9e432223b4f2ab113597acdd6744d/view,DEPT OF DEFENSE,55e9e432223b4f2ab113597acdd6744d,Solicitation,2026-09-14,2026-09-14,"DEPT OF DEFENSE.DEPT OF THE ARMY.US ARMY CORPS OF ENGINEERS.ENGINEER DIVISION SOUTH ATLANTIC.ENDIST SAVANNAH.W074 ENDIST SAVANNAH | NAICS 237990 | PSC Y1PA | set-aside: Service-Disabled Veteran-Owned Small Business (SDVOSB) Set-Aside (FAR 19.14) | SAVANNAH, GA","Solicitation for construction of recreation facilities from W074 Endist Savannah; service-disabled veteran-owned small business (sdvosb) set-aside (far 19.14); Savannah, GA.",[],[],d029ac5bb6156bf8,False,False
sam.gov,Marine Corps Cyberspace Environment (MCCE) Operational Support Services (OSS) and Enterprise Artificial Intelligence (AI) Integration,https://sam.gov/workspace/contract/opp/4f733d690a9c48bd80a1a300f7d76335/view,DEPT OF DEFENSE,4f733d690a9c48bd80a1a300f7d76335,Sources Sought,2026-09-14,2026-10-05,"DEPT OF DEFENSE.DEPT OF THE NAVY.USMC.MARCOR SYSCOM.COMMANDER | NAICS 541513 | PSC DA01 | set-aside: No Set aside used | QUANTICO, VA","Sources-sought notice (market research) for support services for activities involved with application development and support to include analysis, design, development, coding, testing, and release packaging, as well as…",[],"['PSC DA01 (IT applications (development, support, SaaS))', 'application development', 'coding', 'artificial intelligence']",4345f4c1b13e6cb9,True,False
sam.gov,"Space Warfighter Training, Modeling, and Simulation Support",https://sam.gov/workspace/contract/opp/4f1577b3fc0547e7a4a906281a34f2e9/view,USSF,4f1577b3fc0547e7a4a906281a34f2e9,Sources Sought,2026-09-14,2026-10-08,"DEPT OF DEFENSE.DEPT OF THE AIR FORCE.SPACE TRAINING AND READINESS COMMAND.FA2549 STARCOM CONTRACTING PK | NAICS None | PSC None | set-aside: none | PATRICK SFB, FL","Sources-sought notice (market research) for goods or services from Starcom Contracting PK; Patrick Sfb, FL.",['space'],[],bd4eeb1430cc2a91,False,False
sam.gov,General Services Administration (GSA) is seeking the following space in Atlanta: 6GA0395,https://sam.gov/workspace/contract/opp/45ecdae69fc14c0295a9228d5588845c/view,GENERAL SERVICES ADMINISTRATION,45ecdae69fc14c0295a9228d5588845c,Presolicitation,2026-09-14,2026-10-05,"GENERAL SERVICES ADMINISTRATION.PUBLIC BUILDINGS SERVICE.PBS OFFICE OF LEASING | NAICS 531120 | PSC X1AA | set-aside: No Set aside used | WASHINGTON, DC","Presolicitation for lease/rental of office buildings from Pbs Office Of Leasing; Washington, DC.",[],[],af12e12425efb9fe,False,False
sam.gov,Receive Only Antennas for Antarctic Polar Orbiting Satellites,https://sam.gov/workspace/contract/opp/7798ab1a199d40c9a9efd2fdab445e97/view,DEPT OF DEFENSE,7798ab1a199d40c9a9efd2fdab445e97,Solicitation,2026-09-17,2026-09-24,"DEPT OF DEFENSE.DEPT OF THE NAVY.SPAWAR.SPAWAR LANT.NIWC ATLANTIC | NAICS 541715 | PSC AC13 | set-aside: none | NORTH CHARLESTON, SC","Solicitation for national defense r&d services; department of defense - military; experimental development from Niwc Atlantic; North Charleston, SC.","['satellite', 'orbit']",[],7a9c369bda7131d2,False,False
sam.gov,SATELLITE SHORELINE PROCESSING SYS.,https://sam.gov/workspace/contract/opp/c14be7c3004b452ab09907fea23d2218/view,"INTERIOR, DEPARTMENT OF THE",c14be7c3004b452ab09907fea23d2218,Solicitation,2026-09-15,2026-09-22,"INTERIOR, DEPARTMENT OF THE.US GEOLOGICAL SURVEY.OFFICE OF ACQUISITON  GRANTS | NAICS 541511 | PSC DA01 | set-aside: Small Business Set Aside - Total | SACRAMENTO, CA","Solicitation for support services for activities involved with application development and support to include analysis, design, development, coding, testing, and release packaging, as well as support of off-the-shelf…",['satellite'],"['NAICS 541511 (custom computer programming services)', 'PSC DA01 (IT applications (development, support, SaaS))', 'application development', 'coding']",de4480c3c0feadc3,True,False
sam.gov,"58--TERMINAL,SATELLITE, IN REPAIR/MODIFICATION OF",https://sam.gov/workspace/contract/opp/6415ee7d83cb40e5a8f166b3297e39f4/view,DEPT OF DEFENSE,6415ee7d83cb40e5a8f166b3297e39f4,Solicitation,2026-09-15,2026-10-30,"DEPT OF DEFENSE.DEPT OF THE NAVY.NAVSUP.NAVSUP WEAPON SYSTEMS SUPPORT.NAVSUP WSS PHILADELPHIA.NAVSUP WEAPON SYSTEMS SUPPORT | NAICS 334290 | PSC 7G20 | set-aside: none | PHILADELPHIA, PA","Solicitation for legacy analog voice communications equipment, hardware, and software used to connect end users to the organization's voice systems. includes analog transmission and transport equipment, physical…",['satellite'],['software'],466e1bf6513cc669,True,False
sam.gov,"58--TERMINAL,SATELLITE",https://sam.gov/workspace/contract/opp/3111fa3b57b645e69fbfdd03421c3f4e/view,DEPT OF DEFENSE,3111fa3b57b645e69fbfdd03421c3f4e,Solicitation,2026-09-14,2026-09-28,"DEPT OF DEFENSE.DEFENSE LOGISTICS AGENCY.DLA AVIATION.DLA AVIATION PHILADELPHIA.DLA AVIATION AT PHILADELPHIA, PA | NAICS 334290 | PSC 7G20 | set-aside: none | PHILADELPHIA, PA","Solicitation for legacy analog voice communications equipment, hardware, and software used to connect end users to the organization's voice systems. includes analog transmission and transport equipment, physical…",['satellite'],['software'],912ba2de89e1733a,True,False
sam.gov,58--Global Navigation Satellite System (GNSS),https://sam.gov/workspace/contract/opp/121423aa12da4a18899737200c9276a5/view,"INTERIOR, DEPARTMENT OF THE",121423aa12da4a18899737200c9276a5,Presolicitation,2026-09-14,2026-09-21,"INTERIOR, DEPARTMENT OF THE.US GEOLOGICAL SURVEY.OFC OF ACQUSITION  GRANTS-NATIONAL | NAICS 334511 | PSC 5825 | set-aside: none | RESTON, VA","Presolicitation for radio navigation equipment, except airborne from Ofc Of Acqusition Grants-National; Reston, VA.",['satellite'],[],eef1b283f240d208,False,False
sam.gov,Vertical Launching System (VLS) Deck and Hatch Assembly,https://sam.gov/workspace/contract/opp/ded1486023124f4aba2500de4e746ecc/view,DEPT OF DEFENSE,ded1486023124f4aba2500de4e746ecc,Solicitation,2026-09-21,2026-10-15,"DEPT OF DEFENSE.DEPT OF THE NAVY.NAVSEA.NAVSEA WARFARE CENTER.COMMANDING OFFICER | NAICS 332999 | PSC 9545 | set-aside: none | PORT HUENEME, CA","Solicitation for plate, sheet, strip, foil, and wire: precious metal from Commanding Officer; Port Hueneme, CA.",['launch'],[],0113a1331e7febc6,False,False
sam.gov,Indo-PACOM Recoilless Precision Rifle (RePR-G7) Rocket Propelled Grenade Launcher & Anti-Tank Weapon Simulator Systems,https://sam.gov/workspace/contract/opp/4413cef29dd643ed939e4c6b66908444/view,DEPT OF DEFENSE,4413cef29dd643ed939e4c6b66908444,Sources Sought,2026-09-17,2026-10-01,"DEPT OF DEFENSE.DEPT OF THE ARMY.AMC.ACC.ACC-CTRS.ACC-APG.W6QK ACC-APG-ORLANDO | NAICS 332993 | PSC 6920 | set-aside: No Set aside used | ORLANDO, FL","Sources-sought notice (market research) for armament training devices from W6Qk Acc-Apg-Orlando; Orlando, FL.","['launch', 'rocket']",[],a94c125ce5a1971f,False,False
sam.gov,Request for Information (RFI) for Silent Anvil Air-Launched Torpedo (SAA-LT) Standoff Delivery Solutions,https://sam.gov/workspace/contract/opp/38775b33dc5e4ce780cc3c3623594aa9/view,DEPT OF DEFENSE,38775b33dc5e4ce780cc3c3623594aa9,Sources Sought,2026-09-16,2026-09-29,"DEPT OF DEFENSE.DEPT OF THE NAVY.NAVAIR.NAVAIR HQS.NAVAL AIR SYSTEMS COMMAND | NAICS 336414 | PSC 1410 | set-aside: none | PATUXENT RIVER, MD","Sources-sought notice (market research) for guided missiles from Naval Air Systems Command; Patuxent River, MD.",['launch'],[],33586eb668d6afa9,False,False
sam.gov,Request for Application: NRIC Nuclear Energy Launch Pad,https://sam.gov/workspace/contract/opp/819e054d2f5b4b7fa31420809b585ffb/view,"ENERGY, DEPARTMENT OF",819e054d2f5b4b7fa31420809b585ffb,Special Notice,2026-09-15,2026-06-19,"ENERGY, DEPARTMENT OF.ENERGY, DEPARTMENT OF.BATTELLE ENERGY ALLIANCE–DOE CNTR | NAICS 221113 | PSC 4470 | set-aside: none | Idaho Falls, ID","Special notice for nuclear reactors from Battelle Energy Alliance–Doe Cntr; Idaho Falls, ID.",['launch'],[],126efc6376cb07ae,False,False
sam.gov,Service Agreement - Orbitrap Exploris 240 Mass Spectrometer and Associated Components,https://sam.gov/workspace/contract/opp/9f91224297fc45a4b8c26062cb872b63/view,"AGRICULTURE, DEPARTMENT OF",9f91224297fc45a4b8c26062cb872b63,Combined Synopsis/Solicitation,2026-09-15,2026-09-14,"AGRICULTURE, DEPARTMENT OF.AGRICULTURAL RESEARCH SERVICE.USDA ARS AFM APD | NAICS 811210 | PSC J066 | set-aside: Small Business Set Aside - Total | BELTSVILLE, MD","Combined synopsis/solicitation for maintenance, repair and rebuilding of equipment: instruments and laboratory equipment from Usda Ars Afm Apd; small business set aside - total; Beltsville, MD.",['orbit'],[],639e8cdbbc9bd7fa,False,False
sam.gov,Orbitrap Excedion Pro MS System ETD Ready with Vanquish Horizon UHPLC and associated components,https://sam.gov/workspace/contract/opp/4fe1bb470dff4e989abe8b47d8937f75/view,"HEALTH AND HUMAN SERVICES, DEPARTMENT OF",4fe1bb470dff4e989abe8b47d8937f75,Combined Synopsis/Solicitation,2026-09-14,2026-09-21,"HEALTH AND HUMAN SERVICES, DEPARTMENT OF.NATIONAL INSTITUTES OF HEALTH.NATIONAL INSTITUTES OF HEALTH OLAO | NAICS 334516 | PSC 6640 | set-aside: none | BETHESDA, MD","Combined synopsis/solicitation for laboratory equipment and supplies from National Institutes Of Health Olao; Bethesda, MD.",['orbit'],[],6f167cb6cc19fdb6,False,False
nspires,A.17 Hydrosphere,https://nspires.nasaprs.com/external/solicitations/summary!init.do?solId=%7B19309C30-9666-C72E-DB44-3AE2E4DD155C%7D&path=open,NASA,NNH25ZDA001N-HYDRO,NRA,2026-09-02,2026-10-08,NNH25ZDA001N-HYDRO — status: Due in 30 Days,NASA research announcement NNH25ZDA001N-HYDRO open for proposals on NSPIRES.,[],[],0f4965ede3462255,False,False
nspires,A.16 Cryosphere,https://nspires.nasaprs.com/external/solicitations/summary!init.do?solId=%7BF94216CA-4701-DF21-96C6-C8A791B1D8AE%7D&path=open,NASA,NNH25ZDA001N-CRYO,NRA,2026-09-01,2026-10-16,NNH25ZDA001N-CRYO — status: Due in 30 Days,NASA research announcement NNH25ZDA001N-CRYO open for proposals on NSPIRES.,[],[],36d20486b9201a0e,False,False
nspires,Solar System Exploration Research Virtual Institute Cooperative Agreement Notice-5 (SSERVI CAN-5),https://nspires.nasaprs.com/external/solicitations/summary!init.do?solId=%7BAB203FB1-0B66-BF02-1A26-EBA50EE72C35%7D&path=open,NASA,NNH26ZDA016C,CAN,2026-08-27,2026-09-29,NNH26ZDA016C — status: Due in 30 Days,NASA cooperative agreement notice NNH26ZDA016C open for proposals on NSPIRES.,[],[],965c862986c026a4,False,False
nspires,Research Initiation Award 2024 Extension - Invitation Only,https://nspires.nasaprs.com/external/solicitations/summary!init.do?solId=%7BEB1F0846-36E5-2E9A-30B0-C1DD9BFB40E6%7D&path=open,NASA,RIA24E,NRA,2026-08-07,2026-10-01,RIA24E — status: Due in 30 Days,NASA research announcement RIA24E open for proposals on NSPIRES.,[],[],d2f9ad266f15589b,False,False
nspires,A.13 Accelerating Earth Solutions,https://nspires.nasaprs.com/external/solicitations/summary!init.do?solId=%7B33D1A64A-D7B2-199F-7E02-90E363FB86BC%7D&path=open,NASA,NNH25ZDA001N-AES,NRA,2026-07-17,2026-10-15,NNH25ZDA001N-AES — status: Due in 30 Days,NASA research announcement NNH25ZDA001N-AES open for proposals on NSPIRES.,[],[],879e47f77d3d27ae,False,False
nspires,NASA Unsolicited Proposals,https://nspires.nasaprs.com/external/solicitations/summary!init.do?solId=%7B006B4304-ADC2-FFD7-6287-D2F2C1BCF1B4%7D&path=open,NASA,UNSOL_FY2026,NRA,2026-02-25,2026-09-30,UNSOL_FY2026 — status: Due in 30 Days,NASA research announcement UNSOL_FY2026 open for proposals on NSPIRES.,[],[],e75ddbf5ce4eeb36,False,False
nspires,XMM-Newton C Targets for Fiscal Year 2026,https://nspires.nasaprs.com/external/solicitations/summary!init.do?solId=%7BF555CBC4-C585-4425-3525-DA44D971B1A2%7D&path=open,NASA,XMMNCT_FY26,OTHER,2025-10-01,2026-09-30,XMMNCT_FY26 — status: Due in 30 Days,NASA solicitation XMMNCT_FY26 open for proposals on NSPIRES.,[],[],773236f934f478da,False,False
nspires,D.9 Habitable Worlds Observatory Instrument Concept Assessments,https://nspires.nasaprs.com/external/solicitations/summary!init.do?solId=%7BBE2AA4DC-81E7-2AF3-B465-8AA6478270A4%7D&path=open,NASA,NNH25ZDA001N-HWOICA,NRA,2025-08-14,2026-10-14,NNH25ZDA001N-HWOICA — status: Due in 30 Days,NASA research announcement NNH25ZDA001N-HWOICA open for proposals on NSPIRES.,[],[],1f3d781a2d5104e6,False,False
nasa-sbir,2025 NASA SBIR Ignite Phase II Solicitation,https://www.nasa.gov/sbir_sttr/sbir-ignite/,NASA,https://www.nasa.gov/sbir_sttr/sbir-ignite/,,,,SBIR Ignite | 2025 NASA SBIR Ignite Phase II Solicitation 9/3/26 10/15/26 Nov. 2026,"NASA SBIR/STTR program solicitation; opens 9/3/26, closes 10/15/26.",[],[],8dcdd4ed741e457a,False,False
nasa-sbir,2025 NASA STTR Phase II Solicitation,https://www.nasa.gov/sbir_sttr/phase-ii/#phaseiisolicitations,NASA,https://www.nasa.gov/sbir_sttr/phase-ii/#phaseiisolicitations,,,,Phase II | 2025 NASA STTR Phase II Solicitation 9/15/26 10/28/26 Dec. 2026,"NASA SBIR/STTR program solicitation; opens 9/15/26, closes 10/28/26.",[],[],3759f654aa02d9d5,False,False
nasa-sbir,STMD Solicitations and Opportunities,https://www.nasa.gov/stmd-solicitations-and-opportunities/,NASA,https://www.nasa.gov/stmd-solicitations-and-opportunities/,,,,Space Technology Mission Directorate STMD Solicitations and Opportunities Technology Transfer & Spinoffs Technology,NASA SBIR/STTR program solicitation.,[],[],72e6461179dac593,False,False
nasa-sbir-sttr-portal,Space Technology Mission…,https://www.nasa.gov/space-technology-mission-directorate/,NASA,https://www.nasa.gov/space-technology-mission-directorate/,,,,,Page on the NASA SBIR/STTR portal.,['space'],[],df6c8395de8f7bbf,False,False
nasa-sbir-sttr-portal,SBIR/STTR Home,https://www.nasa.gov/sbir_sttr/,NASA,https://www.nasa.gov/sbir_sttr/,,,,,Page on the NASA SBIR/STTR portal.,"['sbir', 'sttr']",[],40824c6331371635,False,False
nasa-sbir-sttr-portal,Phase II,https://www.nasa.gov/sbir_sttr/phase-ii/,NASA,https://www.nasa.gov/sbir_sttr/phase-ii/,,,,,Page on the NASA SBIR/STTR portal.,"['phase i', 'phase ii']",[],c284c699040b7762,False,False
nasa-sbir-sttr-portal,Post Phase II,https://www.nasa.gov/sbir_sttr/post-phase-ii/,NASA,https://www.nasa.gov/sbir_sttr/post-phase-ii/,,,,,Page on the NASA SBIR/STTR portal.,"['phase i', 'phase ii']",[],90a9a8c0f32ebed5,False,False
nasa-sbir-sttr-portal,Phase III,https://www.nasa.gov/sbir_sttr/phase-iii/,NASA,https://www.nasa.gov/sbir_sttr/phase-iii/,,,,,Page on the NASA SBIR/STTR portal.,"['phase i', 'phase ii']",[],889cd36a50608217,False,False
nasa-sbir-sttr-portal,SBIR Ignite,https://www.nasa.gov/sbir_sttr/sbir-ignite/,NASA,https://www.nasa.gov/sbir_sttr/sbir-ignite/,,,,,Page on the NASA SBIR/STTR portal.,"['sbir', 'ignite']",[],aee61ca21bce2486,False,False
nasa-sbir-sttr-portal,Phase II-E Submissions,https://www.nasa.gov/sbir_sttr/phase-ii-e/,NASA,https://www.nasa.gov/sbir_sttr/phase-ii-e/,,,,Post Phase II | Phase II-E Submissions — 8/11/26 Oct. 2026,Page on the NASA SBIR/STTR portal.,"['phase i', 'phase ii']",[],b56cf5daab3528c0,False,False
nasa-sbir-sttr-portal,2026 Phase II Sequential Call for White Papers,https://www.nasa.gov/sbir_sttr/phase-ii-sequential/,NASA,https://www.nasa.gov/sbir_sttr/phase-ii-sequential/,,,,Phase II Sequential | 2026 Phase II Sequential Call for White Papers 8/12/26 9/11/26 July 2027,Page on the NASA SBIR/STTR portal.,"['phase i', 'phase ii']",[],899f84aadc9efa15,False,False
nasa-sbir-sttr-portal,2025 NASA STTR Phase II Solicitation,https://www.nasa.gov/sbir_sttr/phase-ii/#phaseiisolicitations,NASA,https://www.nasa.gov/sbir_sttr/phase-ii/#phaseiisolicitations,,,,Phase II | 2025 NASA STTR Phase II Solicitation 9/15/26 10/28/26 Dec. 2026,Page on the NASA SBIR/STTR portal.,"['sttr', 'solicitation', 'phase i', 'phase ii']",[],ef9024e271b084a5,False,False
nasa-sbir-sttr-portal,Explore the SBIR Partnering Platform Here,https://www.sbirpartnering.org/nasa,NASA,https://www.sbirpartnering.org/nasa,,,,"The NASA SBIR/STTR Program has joined the SBIR Partnering Platform! We are excited to announce an opportunity for our small businesses to connect with other innovators and partners. NASA SBIR/STTR has joined the SBIR Partnering Platform. This public, multi-agency platform facilitates partnering betw",The NASA SBIR/STTR Program has joined the SBIR Partnering Platform!,['sbir'],[],25df82b3552d7480,False,False
nasa-sbir-sttr-portal,Learn More on SBIR.gov,https://www.sbir.gov/,NASA,https://www.sbir.gov/,,,,"We are one piece of the SBIR/STTR pie America’s Seed Fund is coordinated by the U.S. Small Business Administration (SBA), which provides resources and support to the NASA SBIR/STTR program and 10 other participating Federal agencies. The SBA tracks SBIR/STTR awards across the government, provides he","We are one piece of the SBIR/STTR pie America’s Seed Fund is coordinated by the U.S. Small Business Administration (SBA), which provides resources and support to the NASA SBIR/STTR program and 10 other participating…",['sbir'],[],295f237fd813dd26,False,False
nasa-sbir-sttr-portal,STMD Solicitations and Opportunities,https://www.nasa.gov/stmd-solicitations-and-opportunities/,NASA,https://www.nasa.gov/stmd-solicitations-and-opportunities/,,,,Space Technology Mission Directorate STMD Solicitations and Opportunities Technology Transfer & Spinoffs Technology,Space Technology Mission Directorate STMD Solicitations and Opportunities Technology Transfer & Spinoffs Technology.,"['solicitation', 'opportunit']",[],c740076732f219d6,False,False
spacewerx,"Meet SpaceWERX at the SBIR/STTR Fall Innovation Conference, co-located with Defense TechConnect!",https://spacewerx.us/events-calendar/2026-defense-techconnect-innovation-summit-and-expo-2/,USSF,https://spacewerx.us/events-calendar/2026-defense-techconnect-innovation-summit-and-expo-2/,,,,"Meet SpaceWERX at the SBIR/STTR Fall Innovation Conference, co-located with Defense TechConnect! Join us September 22-24 in Maryland to connect with SBIR/STTR agencies, learn about current areas of interest, opportunities to work with the U.S. Space Force, and discover pathways for moving promising ","Join us September 22-24 in Maryland to connect with SBIR/STTR agencies, learn about current areas of interest, opportunities to work with the U.S. Space Force, and discover pathways for moving promising.","['space', 'sbir', 'sttr']",[],d2687b12ea9f71e0,False,False
spacewerx,SpaceWERX hosts the Defense Curious Forum,https://spacewerx.us/events-calendar/defense-curious-forum/,USSF,https://spacewerx.us/events-calendar/defense-curious-forum/,,,,"SpaceWERX hosts the Defense Curious Forum Join SpaceWERX and national security leaders for the Defense Curious Forum to explore defense contracting, acquisition pathways, dual-use technology, and critical space capability needs.","Join SpaceWERX and national security leaders for the Defense Curious Forum to explore defense contracting, acquisition pathways, dual-use technology, and critical space capability needs.",['space'],[],68da3f82e086be2d,False,False
spacewerx,Announcing the Teams Advancing in the Adaptive and Intelligent Space Challenge,https://afwerxchallenge.com/ais-challenge-selections,USSF,https://afwerxchallenge.com/ais-challenge-selections,,,,"Announcing the Teams Advancing in the Adaptive and Intelligent Space Challenge SpaceWERX, in partnership with HQ SF/S9C, has selected the teams advancing in the Futures Series: Adaptive and Intelligent Space (AIS) Challenge, accelerating innovative technologies that will help shape the future of U.S","SpaceWERX, in partnership with HQ SF/S9C, has selected the teams advancing in the Futures Series: Adaptive and Intelligent Space (AIS) Challenge, accelerating innovative technologies that will help shape the future of…","['space', 'challenge']",[],07ac19ca43d4e2c2,False,False
spacewerx,Now Accepting Submissions: Space PY26.2 TACFI Notice of Opportunity (Rolling Basis),https://spacewerx.us/accelerate/stratfi-tacfi/,USSF,https://spacewerx.us/accelerate/stratfi-tacfi/,,,,"Now Accepting Submissions: Space PY26.2 TACFI Notice of Opportunity (Rolling Basis) The Space Program Year 26.2 Tactical Funding Increase Notice of Opportunity (PY26.2 TACFI NOO) features a continuous, rolling submission and evaluation system. Proposals will be reviewed as they are received, with th","The Space Program Year 26.2 Tactical Funding Increase Notice of Opportunity (PY26.2 TACFI NOO) features a continuous, rolling submission and evaluation system.",['space'],[],bfa4433d0400f6f5,False,False
spacewerx,Accelerate Space Capability with THE BR-DGE,https://www.thebr-dge.space/,USSF,https://www.thebr-dge.space/,,,,Accelerate Space Capability with THE BR-DGE Accelerate Space Capability with THE BR-DGE,SpaceWERX (Space Force innovation arm) announcement.,['space'],[],e8c5505ca74aea1b,False,False
sda,SDA Requests Proposals for Resilient Missile Warning and Tracking (RMWT) Low Earth Orbit (LEO) Ground Entry Points,https://sam.gov/workspace/contract/opp/572d40abf7f94ea4bc090d62581ef5f3/view,SDA,https://sam.gov/workspace/contract/opp/572d40abf7f94ea4bc090d62581ef5f3/view,,,,"SDA Requests Proposals for Resilient Missile Warning and Tracking (RMWT) Low Earth Orbit (LEO) Ground Entry Points Posted On: September 18, 2026 Responses Due: November 2, 2026",Space Development Agency opportunities-page item.,"['orbit', 'missile warning', 'leo']",[],9f6d516d201b5b36,False,False
sda,"Space Development Agency, Proliferated Warfighter Space Architecture (PWSA) Systems, Technologies, and Emerging Capabilities (STEC) Broad Agency Announcement",https://sam.gov/workspace/contract/opp/78e66858d8df4a1aaa895327a3b7b2c2/view,SDA,https://sam.gov/workspace/contract/opp/78e66858d8df4a1aaa895327a3b7b2c2/view,,,,"Space Development Agency, Proliferated Warfighter Space Architecture (PWSA) Systems, Technologies, and Emerging Capabilities (STEC) Broad Agency Announcement Posted On: March 4, 2026 Original Date Offers Due: March 3, 2027",Space Development Agency opportunities-page item.,['space'],[],97f19fcf8f5bd80a,False,False
sda,SDA Issues Request for Information for Future Space-To-Air Optical Communication Terminals,https://sam.gov/workspace/contract/opp/b2acd02b415743f2973877db5273850e/view,SDA,https://sam.gov/workspace/contract/opp/b2acd02b415743f2973877db5273850e/view,,,,"SDA Issues Request for Information for Future Space-To-Air Optical Communication Terminals Posted On: January 28, 2026 Response Date: February 27, 2026",Space Development Agency opportunities-page item.,['space'],[],37f7e6187a468c32,False,False
sda,Opportunities Archive,https://www.sda.mil/opportunities-archive/,SDA,https://www.sda.mil/opportunities-archive/,,,,,Space Development Agency opportunities-page item.,[],[],368050e12848c92e,False,False
sda,All SDA contracts over $7 million are announced via the Department of Defense public notice process.,https://www.defense.gov/Newsroom/Contracts/,SDA,https://www.defense.gov/Newsroom/Contracts/,,,,,Space Development Agency opportunities-page item.,[],[],d3f68881864e8655,False,False
diu,Commercial Solutions Openings (CSO) Space Threat Intelligence Synthesis Engine Closing: 2026-09-24 23:59:59 US/Eastern Time ↗ 01,https://www.diu.mil/work-with-us/submit-solution/PROJ00716,DIU,https://www.diu.mil/work-with-us/submit-solution/PROJ00716,,2026-09-24,,,Defense Innovation Unit commercial solutions opening.,['space'],[],590b0017c59fe0a7,False,False
nstxl-spec,Space Enterprise Consortium (SpEC) (Register Here),https://www.surveymonkey.com/r/53389RK,USSF,https://www.surveymonkey.com/r/53389RK,,,,Innovator NETWORX | 23 September at 11:00 AM PT: Register Here,Space Enterprise Consortium (NSTXL) item; full RFPs are member-only.,"['space', 'spec', 'register']",[],a8f70dc90a4bcc40,False,True
nstxl-spec,Space Enterprise Consortium (SpEC) (Register Here),https://info.nstxl.org/spec-gps-gen4-ground-ptx?hsLang=en,USSF,https://info.nstxl.org/spec-gps-gen4-ground-ptx?hsLang=en,,,,Project TALX | 22 September at 11:00 AM PT: Register Here,Space Enterprise Consortium (NSTXL) item; full RFPs are member-only.,"['space', 'spec', 'register']",[],d0040c6e7c2a8e2f,False,True
nstxl-spec,SpEC Opportunities (Register Now),https://www.specgmm.org/event/2026/summary,USSF,https://www.specgmm.org/event/2026/summary,,,,Register Now,Space Enterprise Consortium (NSTXL) item; full RFPs are member-only.,"['spec', 'opportunit', 'register']",[],8103fa9904f08c14,False,True
gsa-aas,Interact communities on buy.gsa.gov,https://buy.gsa.gov/interact/,GSA-AAS,https://buy.gsa.gov/interact/,,,,"Get updates on publicly posted opportunities and join pipeline review sessions. For more information, visit our Interact communities on buy.gsa.gov . Opportunities Active procurements are in the requirements and solicitation development stage with government partners. The Assisted Acquisition Servic",Get updates on publicly posted opportunities and join pipeline review sessions.,['interact'],[],62b3220a8b19c4a1,False,False
gsa-aas,Open the dashboard in its own window.,https://d2d.gsa.gov/tableau-report-for-embed/10725,GSA-AAS,https://d2d.gsa.gov/tableau-report-for-embed/10725,,,,"Get updates on publicly posted opportunities and join pipeline review sessions. For more information, visit our Interact communities on buy.gsa.gov . Opportunities Active procurements are in the requirements and solicitation development stage with government partners. The Assisted Acquisition Servic",Get updates on publicly posted opportunities and join pipeline review sessions.,['dashboard'],[],b5e8d32e321877a2,False,False
dtic-dod-agencies,Defense Advanced Research Projects Agency (DARPA): Solicitations,https://www.darpa.mil/work-with-us/opportunities,DoD-DAFA,https://www.darpa.mil/work-with-us/opportunities,,,,Defense Advanced Research Projects Agency (DARPA),"Link to Defense Advanced Research Projects Agency (DARPA)'s solicitation/BAA page, listed on the DTIC Defense Innovation Marketplace.",['solicitation'],[],961d447abf4b493e,False,True
dtic-dod-agencies,"Defense Advanced Research Projects Agency (DARPA): Small Business Innovation Research (SBIR), Small Business Technology Transfer (STTR)",https://www.darpa.mil/work-with-us/for-small-businesses,DoD-DAFA,https://www.darpa.mil/work-with-us/for-small-businesses,,,,Defense Advanced Research Projects Agency (DARPA),"Link to Defense Advanced Research Projects Agency (DARPA)'s solicitation/BAA page, listed on the DTIC Defense Innovation Marketplace.","['sbir', 'sttr', 'innovation']",[],92a4a383faad8e4a,False,True
dtic-dod-agencies,Defense Health Agency (DHA): Innovation Efforts,https://health.mil/Military-Health-Topics/Research-and-Innovation,DoD-DAFA,https://health.mil/Military-Health-Topics/Research-and-Innovation,,,,Defense Health Agency (DHA),"Link to Defense Health Agency (DHA)'s solicitation/BAA page, listed on the DTIC Defense Innovation Marketplace.",['innovation'],[],8fd3febae2898b02,False,True
dtic-dod-agencies,Defense Intelligence Agency (DIA): Defense Intelligence Agency Innovation,http://www.dia.mil/Business/Innovation.aspx,DoD-DAFA,http://www.dia.mil/Business/Innovation.aspx,,,,Defense Intelligence Agency (DIA),"Link to Defense Intelligence Agency (DIA)'s solicitation/BAA page, listed on the DTIC Defense Innovation Marketplace.",['innovation'],[],b15cb07c6abbfd85,False,True
dtic-dod-agencies,Defense Intelligence Agency (DIA): DIA Needipedia,http://www.dia.mil/Business/Needipedia.aspx,DoD-DAFA,http://www.dia.mil/Business/Needipedia.aspx,,,,Defense Intelligence Agency (DIA),"Link to Defense Intelligence Agency (DIA)'s solicitation/BAA page, listed on the DTIC Defense Innovation Marketplace.",['needipedia'],[],6d61127132103d2c,False,True
dtic-dod-agencies,Defense Threat Reduction Agency (DTRA): Doing Business with DTRA,http://www.dtra.mil/Contracts/BusinessOpportunities.aspx,DoD-DAFA,http://www.dtra.mil/Contracts/BusinessOpportunities.aspx,,,,Defense Threat Reduction Agency (DTRA),"Link to Defense Threat Reduction Agency (DTRA)'s solicitation/BAA page, listed on the DTIC Defense Innovation Marketplace.",['doing business'],[],bfd9ca0dcfa83514,False,True
dtic-dod-agencies,Defense Threat Reduction Agency (DTRA): Current Solicitations,http://www.dtra.mil/Contracts/BusinessOpportunities/CurrentSolicitations.aspx,DoD-DAFA,http://www.dtra.mil/Contracts/BusinessOpportunities/CurrentSolicitations.aspx,,,,Defense Threat Reduction Agency (DTRA),"Link to Defense Threat Reduction Agency (DTRA)'s solicitation/BAA page, listed on the DTIC Defense Innovation Marketplace.",['solicitation'],[],49a365a9e8b6678b,False,True
dtic-dod-agencies,Information Analysis Centers (IAC): Business Opportunities,http://iac.dtic.mil/business_opportunities.html,DoD-DAFA,http://iac.dtic.mil/business_opportunities.html,,,,Information Analysis Centers (IAC),"Link to Information Analysis Centers (IAC)'s solicitation/BAA page, listed on the DTIC Defense Innovation Marketplace.",['opportunit'],[],25a9b04eddaba9ff,False,True
dtic-dod-agencies,Joint Improvised-Threat Defeat Agency (JIDA): Doing Business with JIDA,https://www.jieddo.mil/bizops.htm,DoD-DAFA,https://www.jieddo.mil/bizops.htm,,,,Joint Improvised-Threat Defeat Agency (JIDA),"Link to Joint Improvised-Threat Defeat Agency (JIDA)'s solicitation/BAA page, listed on the DTIC Defense Innovation Marketplace.",['doing business'],[],7e293e7c5c52eca3,False,True
dtic-dod-agencies,Joint Non-Lethal Weapons Program: Doing Business with JNLWP,http://jnlwp.defense.gov/BusinessOpportunities.aspx,DoD-DAFA,http://jnlwp.defense.gov/BusinessOpportunities.aspx,,,,Joint Non-Lethal Weapons Program,"Link to Joint Non-Lethal Weapons Program's solicitation/BAA page, listed on the DTIC Defense Innovation Marketplace.",['doing business'],[],0309d8ba3a46e473,False,True
dtic-dod-agencies,Joint Program Executive Office for Chemical and Biological Defense (JPEO-CBD): Current Opportunities,http://www.jpeocbd.osd.mil/packs/Default.aspx?pg=321,DoD-DAFA,http://www.jpeocbd.osd.mil/packs/Default.aspx?pg=321,,,,Joint Program Executive Office for Chemical and Biological Defense (JPEO-CBD),"Link to Joint Program Executive Office for Chemical and Biological Defense (JPEO-CBD)'s solicitation/BAA page, listed on the DTIC Defense Innovation Marketplace.",['opportunit'],[],cbda703c4b0d5892,False,True
dtic-dod-agencies,Missile Defense Agency (MDA): Acquisition Center,http://www.mda.mil/business/acquisition_center.html,DoD-DAFA,http://www.mda.mil/business/acquisition_center.html,,,,Missile Defense Agency (MDA),"Link to Missile Defense Agency (MDA)'s solicitation/BAA page, listed on the DTIC Defense Innovation Marketplace.",['acquisition'],[],587408898f75d092,False,True
dtic-dod-agencies,Missile Defense Agency (MDA): Advanced Research BAA,http://www.mda.mil/business/advanced_research.html,DoD-DAFA,http://www.mda.mil/business/advanced_research.html,,,,Missile Defense Agency (MDA),"Link to Missile Defense Agency (MDA)'s solicitation/BAA page, listed on the DTIC Defense Innovation Marketplace.",['baa'],[],69f8ecac911ee271,False,True
dtic-dod-agencies,Missile Defense Agency (MDA): The System: Advanced Technology Needs,http://www.mda.mil/system/advanced_technology.html,DoD-DAFA,http://www.mda.mil/system/advanced_technology.html,,,,Missile Defense Agency (MDA),"Link to Missile Defense Agency (MDA)'s solicitation/BAA page, listed on the DTIC Defense Innovation Marketplace.",['needs'],[],dc4e495619ff27fe,False,True
dtic-dod-agencies,National Aeronautics Space Agency (NASA): Cooperative Development Opportunities,https://cms.nasa.gov/centers/johnson/partnerships/co-development-and-partnering-opportunities,DoD-DAFA,https://cms.nasa.gov/centers/johnson/partnerships/co-development-and-partnering-opportunities,,,,National Aeronautics Space Agency (NASA),"Link to National Aeronautics Space Agency (NASA)'s solicitation/BAA page, listed on the DTIC Defense Innovation Marketplace.",['opportunit'],[],418b98d10da6d678,False,True
dtic-dod-agencies,National Security Agency (NSA): Doing Business with the NSA,https://www.nsa.gov/business/,DoD-DAFA,https://www.nsa.gov/business/,,,,National Security Agency (NSA),"Link to National Security Agency (NSA)'s solicitation/BAA page, listed on the DTIC Defense Innovation Marketplace.",['doing business'],[],7f8f6afa7bed4b28,False,True
dtic-dod-agencies,National Security Agency (NSA): Programs for Innovation,https://www.nsa.gov/business/programs/programs-for-innovation.shtml,DoD-DAFA,https://www.nsa.gov/business/programs/programs-for-innovation.shtml,,,,National Security Agency (NSA),"Link to National Security Agency (NSA)'s solicitation/BAA page, listed on the DTIC Defense Innovation Marketplace.",['innovation'],[],7129651129dfe424,False,True
osc-doc-opportunities,Traffic Coordination System for Space (TraCSS),https://space.commerce.gov/traffic-coordination-system-for-space-tracss/,DOC-OSC,https://space.commerce.gov/traffic-coordination-system-for-space-tracss/,,,,"Traffic Coordination System for Space (TraCSS) – NOAA’s Office of Space Commerce (OSC) is developing the Traffic Coordination System for Space (TraCSS) to provide basic space situational awareness (SSA) data and services to civil and private space operators and to support spaceflight safety, space s",NOAA’s Office of Space Commerce (OSC) is developing the Traffic Coordination System for Space (TraCSS) to provide basic space situational awareness (SSA) data and services to civil and private space operators and to…,"['space', 'tracss']",[],43b814825da41cc2,False,True
osc-doc-opportunities,Technology Partnerships Office,https://techpartnerships.noaa.gov/,DOC-OSC,https://techpartnerships.noaa.gov/,,,,Technology Partnerships Office – This portal contains information and links to both NOAA’s small business and technology transfer programs.,This portal contains information and links to both NOAA’s small business and technology transfer programs.,['technology partnerships'],[],a682a80cd44e4f8a,False,True
osc-doc-opportunities,Acquisition & Grants Office,https://www.noaa.gov/acquisition-grants,DOC-OSC,https://www.noaa.gov/acquisition-grants,,,,Acquisition & Grants Office – Facilitating strategic relationships to support NOAA’s mission.,Facilitating strategic relationships to support NOAA’s mission.,['acquisition'],[],f8747a841125d97e,False,True
osc-doc-opportunities,Commercial Data Program,https://space.commerce.gov/business-with-noaa/commercial-weather-data-pilot-cwdp/,DOC-OSC,https://space.commerce.gov/business-with-noaa/commercial-weather-data-pilot-cwdp/,,,,Commercial Data Program – Information and solicitations for satellite data buys and other commercial relationships.,Information and solicitations for satellite data buys and other commercial relationships.,['commercial data'],[],4bd831de2bbcb465,False,True
osc-doc-opportunities,Future NOAA Satellite Architecture,https://space.commerce.gov/business-with-noaa/future-noaa-satellite-architecture/,DOC-OSC,https://space.commerce.gov/business-with-noaa/future-noaa-satellite-architecture/,,,,Future NOAA Satellite Architecture – Information and solicitations (BAAs) for concept studies of commercial solutions.,Information and solicitations (BAAs) for concept studies of commercial solutions.,['satellite'],[],62604b4f5c99fda6,False,True
osc-doc-opportunities,Guidance for NOAA Commercial Data Buys,https://nosc.noaa.gov/commercial_data_buys_guidance.php,DOC-OSC,https://nosc.noaa.gov/commercial_data_buys_guidance.php,,,,"National Oceanic and Atmospheric Administration (NOAA) NOAA’s mission to better understand our natural world and help protect its precious resources extends beyond national borders to monitor global weather and climate, and work with partners around the world. Traffic Coordination System for Space (",National Oceanic and Atmospheric Administration (NOAA) NOAA’s mission to better understand our natural world and help protect its precious resources extends beyond national borders to monitor global weather and climate…,"['commercial data', 'data buy']",[],4433c10d28760ba7,False,True
osc-noaa-satellite-architecture,Details on these awards are available at SAM.gov,https://sam.gov/opp/5fb765ef8f3e4ab1a8e202369c91c60e/view,NOAA,https://sam.gov/opp/5fb765ef8f3e4ab1a8e202369c91c60e/view,,,,"2020 Contract Awards On April 3, 2020, NOAA’s National Environmental Satellite, Data, and Information Service (NESDIS) began awarding contracts for satellite mission and instrument design analysis. NESDIS is building on the findings from the NOAA Satellite Observing System Architecture (NSOSA) study","2020 Contract Awards On April 3, 2020, NOAA’s National Environmental Satellite, Data, and Information Service (NESDIS) began awarding contracts for satellite mission and instrument design analysis.",[],[],9a52ccdd7b441f57,False,True
osc-noaa-satellite-architecture,View solicitation and information at SAM.gov,https://sam.gov/opp/0f637712b9228032f3ab51fc2cdc37a0/view?keywords=LEO&sort=-relevance&index=opp&is_active=true&page=1,NOAA,https://sam.gov/opp/0f637712b9228032f3ab51fc2cdc37a0/view?keywords=LEO&sort=-relevance&index=opp&is_active=true&page=1,,,,"2019 BAAs & Industry Days On October 3, 2019, NESDIS released a pair of Broad Agency Announcements (BAAs) to engage the commercial sector in developing new concepts for instruments, spacecraft, business models and mission elements for NOAA’s future space-based observation architecture beyond the JPS","2019 BAAs & Industry Days On October 3, 2019, NESDIS released a pair of Broad Agency Announcements (BAAs) to engage the commercial sector in developing new concepts for instruments, spacecraft, business models and…",[],[],465090ceb9e76a07,False,True
osc-noaa-satellite-architecture,View report and public comments at regulations.gov,https://www.regulations.gov/docket?D=NOAA-NESDIS-2018-0053,NOAA,https://www.regulations.gov/docket?D=NOAA-NESDIS-2018-0053,,,,"NSOSA Study On May 31, 2018, NOAA released the NOAA Satellite Observing System Architecture (NSOSA) study for public comments. The comment period closed July 2, 2018. View report and public comments at regulations.gov Industry Day On June 21, 2018, NOAA hosted a community day to address questions an","NSOSA Study On May 31, 2018, NOAA released the NOAA Satellite Observing System Architecture (NSOSA) study for public comments.",[],[],4b60ae2aa05906e3,False,True
osc-noaa-satellite-architecture,Download presentation slides from the event (2 MB PDF),https://space.commerce.gov/wp-content/uploads/2018-06-NSOSA.pdf,NOAA,https://space.commerce.gov/wp-content/uploads/2018-06-NSOSA.pdf,,,,"NSOSA Study On May 31, 2018, NOAA released the NOAA Satellite Observing System Architecture (NSOSA) study for public comments. The comment period closed July 2, 2018. View report and public comments at regulations.gov Industry Day On June 21, 2018, NOAA hosted a community day to address questions an","NSOSA Study On May 31, 2018, NOAA released the NOAA Satellite Observing System Architecture (NSOSA) study for public comments.",[],[],d259235afd1839d0,False,True
osc-noaa-satellite-architecture,Get event details at NOAA.gov,https://www.nesdis.noaa.gov/content/nesdis-community-engagements,NOAA,https://www.nesdis.noaa.gov/content/nesdis-community-engagements,,,,"NSOSA Study On May 31, 2018, NOAA released the NOAA Satellite Observing System Architecture (NSOSA) study for public comments. The comment period closed July 2, 2018. View report and public comments at regulations.gov Industry Day On June 21, 2018, NOAA hosted a community day to address questions an","NSOSA Study On May 31, 2018, NOAA released the NOAA Satellite Observing System Architecture (NSOSA) study for public comments.",[],[],2f14a1d3845fe03c,False,True
osc-tracss,Launch TraCSS.gov,https://tracss.gov/,DOC-OSC,https://tracss.gov/,,,,,Office of Space Commerce TraCSS (space traffic coordination) item for operators and industry.,"['launch', 'tracss']",[],dfeba538de06aab8,False,True
osc-tracss,Space Policy Directive 3,https://space.commerce.gov/president-signs-space-traffic-management-policy/,DOC-OSC,https://space.commerce.gov/president-signs-space-traffic-management-policy/,,,,NOAA’s Office of Space Commerce (OSC) is developing the Traffic Coordination System for Space (TraCSS) to provide basic space situational awareness (SSA) data and services to civil and private space operators in support of spaceflight safety. TraCSS is being developed to implement President Trump’s ,NOAA’s Office of Space Commerce (OSC) is developing the Traffic Coordination System for Space (TraCSS) to provide basic space situational awareness (SSA) data and services to civil and private space operators in support…,['space'],[],1668770954e427f5,False,True
osc-tracss,this link (TraCSS.gov),https://tracss.gov/resources/how-to/tk9dwtnky5altf5p4x7ogind,DOC-OSC,https://tracss.gov/resources/how-to/tk9dwtnky5altf5p4x7ogind,,,,Launch TraCSS.gov NOAA’s Office of Space Commerce (OSC) is developing the Traffic Coordination System for Space (TraCSS) to provide basic space situational awareness (SSA) data and services to civil and private space operators in support of spaceflight safety. TraCSS is being developed to implement ,Launch TraCSS.gov NOAA’s Office of Space Commerce (OSC) is developing the Traffic Coordination System for Space (TraCSS) to provide basic space situational awareness (SSA) data and services to civil and private space…,['tracss'],[],18ce4f594de6afd8,False,True
osc-tracss,publicly-accessible dataset,https://space.commerce.gov/dataset-for-conjunction-assessment-verification,DOC-OSC,https://space.commerce.gov/dataset-for-conjunction-assessment-verification,,,,Launch TraCSS.gov NOAA’s Office of Space Commerce (OSC) is developing the Traffic Coordination System for Space (TraCSS) to provide basic space situational awareness (SSA) data and services to civil and private space operators in support of spaceflight safety. TraCSS is being developed to implement ,Launch TraCSS.gov NOAA’s Office of Space Commerce (OSC) is developing the Traffic Coordination System for Space (TraCSS) to provide basic space situational awareness (SSA) data and services to civil and private space…,['dataset'],[],bfc10a0e290bb96e,False,True
osc-tracss,TraCSS User Registration,https://space.commerce.gov/traffic-coordination-system-for-space-tracss/tracss-registration-for-spacecraft-operators/,DOC-OSC,https://space.commerce.gov/traffic-coordination-system-for-space-tracss/tracss-registration-for-spacecraft-operators/,,,,"TraCSS User Registration FAQ Videos, Docs, & Sessions","FAQ Videos, Docs, & Sessions.","['tracss', 'registration']",[],101356aaec0b5073,False,True
osc-tracss,TraCSS User Agreement & Data Policy,https://space.commerce.gov/traffic-coordination-system-for-space-tracss/tracss-user-agreement-data-policy/,DOC-OSC,https://space.commerce.gov/traffic-coordination-system-for-space-tracss/tracss-user-agreement-data-policy/,,,,Vision for SSA Coordination TraCSS User Agreement & Data Policy Contact Us,Vision for SSA Coordination TraCSS User Agreement & Data Policy Contact Us.,"['tracss', 'user agreement']",[],e9e8402f83a04347,False,True
osc-tracss,TraCSS Overview Presentation – May 2026,https://space.commerce.gov/wp-content/uploads/2026/05/TraCSS-Overview-Presentation-May-2026.pdf,DOC-OSC,https://space.commerce.gov/wp-content/uploads/2026/05/TraCSS-Overview-Presentation-May-2026.pdf,,,,TraCSS Overview Presentation – May 2026 Download,Office of Space Commerce TraCSS (space traffic coordination) item for operators and industry.,"['tracss', 'presentation']",[],0b2037adcc5b8d75,False,True
osc-tracss,OSC to Hold TraCSS O/O Forum at 2026 Small Satellite Conference,https://space.commerce.gov/osc-to-hold-tracss-o-o-forum-at-2026-small-satellite-conference/,DOC-OSC,https://space.commerce.gov/osc-to-hold-tracss-o-o-forum-at-2026-small-satellite-conference/,,,,"OSC to Hold TraCSS O/O Forum at 2026 Small Satellite Conference August 10, 2026 On Wednesday, August 26, at the Small Satellite Conference, the Office of Space Commerce will host an in-person “satellite owner/operator” forum. During this open forum, the team will provide an overview of the Traffic C","On Wednesday, August 26, at the Small Satellite Conference, the Office of Space Commerce will host an in-person “satellite owner/operator” forum.","['satellite', 'tracss', 'forum']",[],dc9667aea502d12f,False,True
osc-tracss,OSC Participates in “India-US Joint Space Situational Awareness Workshop”,https://space.commerce.gov/osc-participates-in-india-us-joint-space-situational-awareness-workshop/,DOC-OSC,https://space.commerce.gov/osc-participates-in-india-us-joint-space-situational-awareness-workshop/,,,,"OSC Participates in “India-US Joint Space Situational Awareness Workshop” June 25, 2026 Photo credit: Indian National Space Promotion and Authorization Centre (IN-SPACe) From June 22-23, 2026, representatives of the Office of Space Commerce (OSC) and the ISRO Telemetry, Tracking and Command Network ","Photo credit: Indian National Space Promotion and Authorization Centre (IN-SPACe) From June 22-23, 2026, representatives of the Office of Space Commerce (OSC) and the ISRO Telemetry, Tracking and Command Network.",['space'],[],e22293ce7f18101e,False,True
osc-tracss,TraCSS Goes Global: International Government Onboarding Begins,https://space.commerce.gov/tracss-goes-global-international-government-onboarding-begins/,DOC-OSC,https://space.commerce.gov/tracss-goes-global-international-government-onboarding-begins/,,,,"TraCSS Goes Global: International Government Onboarding Begins June 9, 2026 A leap forward for international spaceflight safety and SSA coordination. The U.S. Department of Commerce’s Office of Space Commerce (OSC) has begun onboarding “National Government Accounts” onto the Traffic Coordination Sys",A leap forward for international spaceflight safety and SSA coordination.,['tracss'],[],ef4126b9e6530a74,False,True
osc-tracss,University Spacecraft Operators Forum – May 27,https://space.commerce.gov/university-spacecraft-operators-forum-may-27/,DOC-OSC,https://space.commerce.gov/university-spacecraft-operators-forum-may-27/,,,,"University Spacecraft Operators Forum – May 27 May 11, 2026 On Wednesday, May 27, at 3:00 PM (EDT), the Office of Space Commerce’s Traffic Coordination System for Space team will host a “University Spacecraft Operators Forum.” This group is designed to bring together spacecraft operators from academ","On Wednesday, May 27, at 3:00 PM (EDT), the Office of Space Commerce’s Traffic Coordination System for Space team will host a “University Spacecraft Operators Forum.” This group is designed to bring together spacecraft…","['space', 'spacecraft', 'forum']",[],1d70d5bdd5a87b48,False,True
osc-tracss,TraCSS Publishes “Dataset for Conjunction Assessment Verification”,https://space.commerce.gov/tracss-publishes-dataset-for-conjunction-assessment-verification/,DOC-OSC,https://space.commerce.gov/tracss-publishes-dataset-for-conjunction-assessment-verification/,,,,"TraCSS Publishes “Dataset for Conjunction Assessment Verification” March 18, 2026 The Office of Space Commerce has published an open “dataset for conjunction assessment verification.” This test set was developed for the Traffic Coordination System for Space (TraCSS) and is designed to help space sit",The Office of Space Commerce has published an open “dataset for conjunction assessment verification.” This test set was developed for the Traffic Coordination System for Space (TraCSS) and is designed to help space sit.,"['tracss', 'dataset']",[],5a4cb5fe71d4fd50,False,True
osc-tracss,OSC Opens TraCSS “Waitlist” for Satellite Operators,https://space.commerce.gov/osc-opens-tracss-waitlist-for-satellite-operators/,DOC-OSC,https://space.commerce.gov/osc-opens-tracss-waitlist-for-satellite-operators/,,,,"OSC Opens TraCSS “Waitlist” for Satellite Operators February 4, 2026 Background: NOAA’s Office of Space Commerce (OSC) is developing the Traffic Coordination System for Space (TraCSS) to provide basic space situational awareness (SSA) data and services to civil and private space operators in support",Background: NOAA’s Office of Space Commerce (OSC) is developing the Traffic Coordination System for Space (TraCSS) to provide basic space situational awareness (SSA) data and services to civil and private space…,"['satellite', 'tracss', 'waitlist']",[],c42e0baec254a424,False,True
osc-tracss,OSC Publishes Updated TraCSS Specifications,https://space.commerce.gov/osc-publishes-updated-tracss-specifications/,DOC-OSC,https://space.commerce.gov/osc-publishes-updated-tracss-specifications/,,,,"OSC Publishes Updated TraCSS Specifications January 22, 2026 Today, January 22, 2026, the Office of Space Commerce (OSC) published updated specification documents for the Traffic Coordination System for Space. These specifications replace those previously hosted on the Office of Space Commerce websi","Today, January 22, 2026, the Office of Space Commerce (OSC) published updated specification documents for the Traffic Coordination System for Space.","['tracss', 'specification']",[],88bc03d74a8ffd48,False,True
osc-tracss,TraCSS Update: Delivering on SPD-3 and Advancing Spaceflight Safety,https://space.commerce.gov/tracss-update-delivering-on-spd-3-and-advancing-spaceflight-safety/,DOC-OSC,https://space.commerce.gov/tracss-update-delivering-on-spd-3-and-advancing-spaceflight-safety/,,,,"TraCSS Update: Delivering on SPD-3 and Advancing Spaceflight Safety September 8, 2025 As the Traffic Coordination System for Space (TraCSS) approaches production release, the Office of Space Commerce is pleased to announce new solicitations through GSA’s Global Data Marketplace (GDM) for a “Commerci","As the Traffic Coordination System for Space (TraCSS) approaches production release, the Office of Space Commerce is pleased to announce new solicitations through GSA’s Global Data Marketplace (GDM) for a “Commerci.","['space', 'tracss']",[],c5b43ff0b5a61e2e,False,True
osc-tracss,TraCSS Update: Expanding Space Safety Partnerships,https://space.commerce.gov/tracss-update-expanding-space-safety-partnerships/,DOC-OSC,https://space.commerce.gov/tracss-update-expanding-space-safety-partnerships/,,,,"TraCSS Update: Expanding Space Safety Partnerships September 2, 2025 The Office of Space Commerce is pleased to announce that Amazon Kuiper recently joined leading names like Iridium, OneWeb, SpaceX, Maxar, Planet, and Intelsat, among others, to become a pilot user of the Traffic Coordination System","The Office of Space Commerce is pleased to announce that Amazon Kuiper recently joined leading names like Iridium, OneWeb, SpaceX, Maxar, Planet, and Intelsat, among others, to become a pilot user of the Traffic…","['space', 'tracss']",[],ec3d66dbdb9973a5,False,True
osc-tracss,TraCSS Expands COLA Gap Pathfinder Initiative,https://space.commerce.gov/tracss-expands-cola-gap-pathfinder-initiative/,DOC-OSC,https://space.commerce.gov/tracss-expands-cola-gap-pathfinder-initiative/,,,,"TraCSS Expands COLA Gap Pathfinder Initiative August 4, 2025 The Office of Space Commerce (OSC) is pleased to announce that the Traffic Coordination System for Space (TraCSS) program has added another commercial space situational awareness (SSA) services provider – Kayhan Space – to bring an additio",The Office of Space Commerce (OSC) is pleased to announce that the Traffic Coordination System for Space (TraCSS) program has added another commercial space situational awareness (SSA) services provider – Kayhan Space –…,"['tracss', 'pathfinder']",[],ed8b0bdd50831ef7,False,True
osc-cdp-industry-day,Visit the SAM. gov solicitation,https://sam.gov/workspace/contract/opp/5b59a94eb75440e1b876da3b546afc35/view,NOAA,https://sam.gov/workspace/contract/opp/5b59a94eb75440e1b876da3b546afc35/view,,,,"On Thursday, April 9, from 1:00 – 2:30 pm (ET) , NOAA/NESDIS’ Office of Systems Architecture and Engineering (SAE) will host an online Commercial Data Program (CDP) Industry Day . This will be a virtual event. Leaders from SAE and CDP – including Taylor Jordan , NOAA Assistant Secretary of Commerce ","On Thursday, April 9, from 1:00 – 2:30 pm (ET) , NOAA/NESDIS’ Office of Systems Architecture and Engineering (SAE) will host an online Commercial Data Program (CDP) Industry Day .",[],[],4614aa51e288e129,False,True
osc-cdp-industry-day,Registration link (Adobe Connect),https://events-na13.adobeconnect.com/content/connect/c1/2358677976/en/events/event/shared/10652325865/event_landing.html?sco-id=10652325663&_charset_=utf-8,NOAA,https://events-na13.adobeconnect.com/content/connect/c1/2358677976/en/events/event/shared/10652325865/event_landing.html?sco-id=10652325663&_charset_=utf-8,,,,,NOAA/NESDIS Commercial Data Program industry day resource.,[],[],5942b4a9d26c2843,False,True
osc-cdp-industry-day,NOAA’s Commercial Data Program,https://www.nesdis.noaa.gov/data-research-services/commercial-data-program,NOAA,https://www.nesdis.noaa.gov/data-research-services/commercial-data-program,,,,"On Thursday, April 9, from 1:00 – 2:30 pm (ET) , NOAA/NESDIS’ Office of Systems Architecture and Engineering (SAE) will host an online Commercial Data Program (CDP) Industry Day . This will be a virtual event. Leaders from SAE and CDP – including Taylor Jordan , NOAA Assistant Secretary of Commerce ","On Thursday, April 9, from 1:00 – 2:30 pm (ET) , NOAA/NESDIS’ Office of Systems Architecture and Engineering (SAE) will host an online Commercial Data Program (CDP) Industry Day .",[],[],29819b98f9c24e28,False,True
osc-news,US Dept. of State Launches “Space Catalyst Partnership” to Support Commercial Space Competitiveness,https://space.commerce.gov/us-dept-of-state-launches-space-catalyst-partnership-to-support-commercial-space-competitiveness/,DOC-OSC,https://space.commerce.gov/us-dept-of-state-launches-space-catalyst-partnership-to-support-commercial-space-competitiveness/,news,2026-09-15,,"Read the original press release on the U.S. Department of State website. The Space Catalyst Partnership (SCP), the Department of State’s flagship initiative to deepen civil and commercial space cooperation between the United States and … US Dept. of State Launches “Space Catalyst Partnership” to Sup",Read the original press release on the U.S. Department of State website.,"['space', 'launch']",[],c886df36e164b3ac,False,True
noaa-tpo,Sign Up to be an SBIR Reviewer!,https://techpartnerships.noaa.gov/sbir/awardee-resources/reviewers/,NOAA,https://techpartnerships.noaa.gov/sbir/awardee-resources/reviewers/,,,,,"NOAA Technology Partnerships Office (SBIR, CRADA, tech transfer) item.",['sbir'],[],f93cf292c7e4a44b,False,True
noaa-sbir,SBIR Funding Opportunities,https://techpartnerships.noaa.gov/sbir/fundingopportunities/,NOAA,https://techpartnerships.noaa.gov/sbir/fundingopportunities/,,,,"SBIR Funding Opportunities *** The next Notice of Funding Opportunity (NOFO), for FY27, will be updated on this page. The NOFO will be open in Fall 2026. *** NOAA’s SBIR Program seeks highly innovative products with excellent commercial potential. All SBIR proposals must relate to the NOAA mission a","*** The next Notice of Funding Opportunity (NOFO), for FY27, will be updated on this page.",[],[],ec073654f44c4d52,False,True
