source,title,url,agency,notice_id,notice_type,posted,deadline,description,summary,tags,software,key,is_software,new
sam.gov,"Rendezvous, Proximity Operations (RPO) Threat Response (RTR) VICTUS Responsive Launch Space Vehicle (SV)",https://sam.gov/workspace/contract/opp/1a794955d12546b59698e15d84a87364/view,USSF,1a794955d12546b59698e15d84a87364,Sources Sought,2026-10-01,2026-10-19,"DEPT OF DEFENSE.DEPT OF THE AIR FORCE.SPACE SYSTEMS COMMAND.PEO SPACE DOMAIN AWARENESS ANDCOMBAT POWER.FA8819 SDA AND COMBAT POWER SZK-LA | NAICS 541715 | PSC 1555 | set-aside: No Set aside used | EL SEGUNDO, CA","Sources-sought notice (market research) for space vehicles from SDA And Combat Power Szk-La; El Segundo, CA.","['space', 'launch', 'space domain awareness']",[],530fe4f14b5f057e,False,True
sam.gov,Vandenberg Space Force Base (VSFB) Call for Whitepapers for Mission Development Zone (MDZ) Outgrant,https://sam.gov/workspace/contract/opp/053436c19dbd4979a19587b059158969/view,USSF,053436c19dbd4979a19587b059158969,Special Notice,2026-09-30,2026-10-16,"DEPT OF DEFENSE.DEPT OF THE AIR FORCE.SPACE SYSTEMS COMMAND | NAICS None | PSC None | set-aside: none | , ",Special notice for goods or services from Space Systems Command.,['space'],[],e025877974869180,False,True
sam.gov,Facility Readiness and Maintenance Execution (FRAME) Request for Proposal (RFP) - DRAFT,https://sam.gov/workspace/contract/opp/f71aad73670b4b7e9b23c5c650adee08/view,USSF,f71aad73670b4b7e9b23c5c650adee08,Special Notice,2026-09-29,2027-01-31,"DEPT OF DEFENSE.DEPT OF THE AIR FORCE.SPACE SYSTEMS COMMAND.FA4610 30 CONS PK | NAICS 561210 | PSC Z1AZ | set-aside: Small Business Set Aside - Total | VANDENBERG SFB, CA","Special notice for maintenance of other administrative facilities and service buildings from 30 CONS PK; small business set aside - total; Vandenberg Sfb, CA.",['space'],[],d1bd3332e8f5c8dd,False,True
sam.gov,Automatic Direction-Finding Surveillance System,https://sam.gov/workspace/contract/opp/421154e3ad474de79858929492d1926b/view,USSF,421154e3ad474de79858929492d1926b,Combined Synopsis/Solicitation,2026-09-28,2026-09-29,"DEPT OF DEFENSE.DEPT OF THE AIR FORCE.SPACE SYSTEMS COMMAND.FA2521  45 CONS PK | NAICS 334220 | PSC 5810 | set-aside: none | PATRICK SFB, FL","Combined synopsis/solicitation for communications security equipment and components from 45 CONS PK; Patrick Sfb, FL.",['space'],[],110dc48a948b1d51,False,True
sam.gov,Request for Information _ Creation of The United States Space Academy,https://sam.gov/workspace/contract/opp/cfb2e7e1eaa2466dafe8206974c72d6e/view,NASA,cfb2e7e1eaa2466dafe8206974c72d6e,Special Notice,2026-10-02,2026-10-26,"NATIONAL AERONAUTICS AND SPACE ADMINISTRATION | NAICS 531 | PSC None | set-aside: No Set aside used | , ",Special notice for goods or services.,['space'],[],9ff79350cc5c6df4,False,True
sam.gov,NextSTEP-3 Appendix B: Moon Base Demonstrations,https://sam.gov/workspace/contract/opp/9ef5eb405c404c17a4aec0f4dcadfe67/view,NASA,9ef5eb405c404c17a4aec0f4dcadfe67,Solicitation,2026-10-02,2026-08-16,"NATIONAL AERONAUTICS AND SPACE ADMINISTRATION.NATIONAL AERONAUTICS AND SPACE ADMINISTRATION.NASA MARSHALL SPACE FLIGHT CENTER | NAICS 541715 | PSC AR12 | set-aside: No Set aside used | HUNTSVILLE, AL","Solicitation for space r&d services; space flight, research and supporting activities; applied research from NASA Marshall Space Flight Center; Huntsville, AL.","['space', 'moon']",[],d83ec3c6a2933aac,False,True
sam.gov,JPL Duplicating Services Request for Information (RFI),https://sam.gov/workspace/contract/opp/cbdf24e09939499ab978b64d1615ed46/view,NASA,cbdf24e09939499ab978b64d1615ed46,Sources Sought,2026-10-01,2026-10-26,"NATIONAL AERONAUTICS AND SPACE ADMINISTRATION.NATIONAL AERONAUTICS AND SPACE ADMINISTRATION.NASA MANAGEMENT OFFICE -- JPL | NAICS 323120 | PSC None | set-aside: Small Business Set Aside - Total | PASADENA, CA","Sources-sought notice (market research) for support activities for printing from NASA Management Office -- Jpl; small business set aside - total; Pasadena, CA.",['space'],[],107f12389be16ae4,False,True
sam.gov,Voice Radio Subsystem Components,https://sam.gov/workspace/contract/opp/aee77cca3b4c480696014e6d59c955a9/view,NASA,aee77cca3b4c480696014e6d59c955a9,Combined Synopsis/Solicitation,2026-10-01,2026-10-07,"NATIONAL AERONAUTICS AND SPACE ADMINISTRATION.NATIONAL AERONAUTICS AND SPACE ADMINISTRATION.NASA SHARED SERVICES CENTER | NAICS 334220 | PSC 7E20 | set-aside: Small Business Set Aside - Total | STENNIS SPACE CENTER, MS","Combined synopsis/solicitation for hardware, software, and other equipment for end user client computing including tier 1 and 2 help/service desk, deskside support, adds/moves/changes, workspace technical support…",['space'],['software'],ffe8cf443fa9319c,True,True
sam.gov,Perfect Point CP2-SY-001 E-Drill 2.0 System,https://sam.gov/workspace/contract/opp/a27b4a5540704476a79702f242f1f4ca/view,NASA,a27b4a5540704476a79702f242f1f4ca,Special Notice,2026-10-01,2026-10-05,"NATIONAL AERONAUTICS AND SPACE ADMINISTRATION.NATIONAL AERONAUTICS AND SPACE ADMINISTRATION.NASA SHARED SERVICES CENTER | NAICS 333991 | PSC 7E20 | set-aside: none | STENNIS SPACE CENTER, MS","Special notice for hardware, software, and other equipment for end user client computing including tier 1 and 2 help/service desk, deskside support, adds/moves/changes, workspace technical support, audio/video…",['space'],['software'],d0a8d8900693655c,True,True
sam.gov,R507 Refrigerant Resupply for IRT,https://sam.gov/workspace/contract/opp/98e26803c1c6448baf214ecd05c32554/view,NASA,98e26803c1c6448baf214ecd05c32554,Combined Synopsis/Solicitation,2026-10-01,2026-10-05,"NATIONAL AERONAUTICS AND SPACE ADMINISTRATION.NATIONAL AERONAUTICS AND SPACE ADMINISTRATION.NASA SHARED SERVICES CENTER | NAICS 325120 | PSC 6830 | set-aside: Small Business Set Aside - Total | STENNIS SPACE CENTER, MS","Combined synopsis/solicitation for gases: compressed and liquefied from NASA Shared Services Center; small business set aside - total; Stennis Space Center, MS.",['space'],[],4aaf4283ba55e041,False,True
sam.gov,Ground Recording System (GRS),https://sam.gov/workspace/contract/opp/91a885a3ea084c9c89b2c790d31cd633/view,NASA,91a885a3ea084c9c89b2c790d31cd633,Presolicitation,2026-10-01,2026-10-09,"NATIONAL AERONAUTICS AND SPACE ADMINISTRATION.NATIONAL AERONAUTICS AND SPACE ADMINISTRATION.NASA ARMSTRONG FLIGHT RESEARCH CNTR | NAICS 334515 | PSC 5835 | set-aside: 8(a) Sole Source (FAR 19.8) | EDWARDS, CA","Presolicitation for sound recording and reproducing equipment from NASA Armstrong Flight Research Cntr; 8(a) sole source (far 19.8); Edwards, CA.",['space'],[],0dad385ef7b8a4fa,False,True
sam.gov,Ground Systems and Mission Operations-4 (GSMO-4),https://sam.gov/workspace/contract/opp/5d7c7726d02649bf9da95f09f01e82b6/view,NASA,5d7c7726d02649bf9da95f09f01e82b6,Sources Sought,2026-10-01,2026-10-26,"NATIONAL AERONAUTICS AND SPACE ADMINISTRATION.NATIONAL AERONAUTICS AND SPACE ADMINISTRATION.NASA GODDARD SPACE FLIGHT CENTER | NAICS 541330 | PSC R499 | set-aside: No Set aside used | GREENBELT, MD","Sources-sought notice (market research) for other professional services from NASA Goddard Space Flight Center; Greenbelt, MD.",['space'],[],1ea6e0a889f8ab92,False,True
sam.gov,NIKON VOXLS 20 C 225 OR EQUIVALENT ORDER,https://sam.gov/workspace/contract/opp/39feeb9e0c934a78a7ff1fe94722faee/view,NASA,39feeb9e0c934a78a7ff1fe94722faee,Combined Synopsis/Solicitation,2026-10-01,2026-10-07,"NATIONAL AERONAUTICS AND SPACE ADMINISTRATION.NATIONAL AERONAUTICS AND SPACE ADMINISTRATION.NASA IT PROCUREMENT OFFICE | NAICS 334513 | PSC 6650 | set-aside: No Set aside used | Greenbelt, MD","Combined synopsis/solicitation for optical instruments, test equipment, components and accessories from NASA It Procurement Office; Greenbelt, MD.",['space'],[],fff0fd6fd57bb479,False,True
sam.gov,Lunar Enabling Infrastructure Accelerator (LEIA) -Broad Agency Announcement (BAA) NextSTEP-3 Appendix A - Final Solicitation,https://sam.gov/workspace/contract/opp/1f2ff5f5af5e40e59096d3f5996120c5/view,NASA,1f2ff5f5af5e40e59096d3f5996120c5,Solicitation,2026-10-01,2026-10-15,"NATIONAL AERONAUTICS AND SPACE ADMINISTRATION.NATIONAL AERONAUTICS AND SPACE ADMINISTRATION.NASA GLENN RESEARCH CENTER | NAICS 541715 | PSC AR12 | set-aside: No Set aside used | CLEVELAND, OH","Solicitation for space r&d services; space flight, research and supporting activities; applied research from NASA Glenn Research Center; Cleveland, OH.","['space', 'lunar']",[],d78cfa636245ffc2,False,True
sam.gov,"Mechanical Components, DSS-54 Deep Space Antenna, Madrid Deep Space Communications Complex (MDSCC)",https://sam.gov/workspace/contract/opp/1ce8bb9c8bb2424291ccb49c336851fd/view,NASA,1ce8bb9c8bb2424291ccb49c336851fd,Presolicitation,2026-10-01,2026-10-07,"NATIONAL AERONAUTICS AND SPACE ADMINISTRATION.NATIONAL AERONAUTICS AND SPACE ADMINISTRATION.NASA MANAGEMENT OFFICE -- JPL | NAICS 334220 | PSC 5985 | set-aside: No Set aside used | PASADENA, CA","Presolicitation for antennas, waveguide, and related equipment from NASA Management Office -- Jpl; Pasadena, CA.",['space'],[],76f442960eec2ff3,False,True
sam.gov,Hannecard Thermally Sprayed Test Samples,https://sam.gov/workspace/contract/opp/0b77f8324617421ea2b3fba4cec5e251/view,NASA,0b77f8324617421ea2b3fba4cec5e251,Special Notice,2026-10-01,2026-10-05,"NATIONAL AERONAUTICS AND SPACE ADMINISTRATION.NATIONAL AERONAUTICS AND SPACE ADMINISTRATION.NASA SHARED SERVICES CENTER | NAICS 541715 | PSC AJ11 | set-aside: none | STENNIS SPACE CENTER, MS","Special notice for general science and technology r&d services; general science and technology; basic research from NASA Shared Services Center; Stennis Space Center, MS.",['space'],[],a94d42784d0fc712,False,True
sam.gov,Environmental Control System,https://sam.gov/workspace/contract/opp/d75eca7d7d7e45c69d9a32597c973887/view,NASA,d75eca7d7d7e45c69d9a32597c973887,Combined Synopsis/Solicitation,2026-09-30,2026-10-09,"NATIONAL AERONAUTICS AND SPACE ADMINISTRATION.NATIONAL AERONAUTICS AND SPACE ADMINISTRATION.NASA KENNEDY SPACE CENTER | NAICS 333413 | PSC 4310 | set-aside: No Set aside used | KENNEDY SPACE CENTER, FL","Combined synopsis/solicitation for compressors and vacuum pumps from NASA Kennedy Space Center; Kennedy Space Center, FL.",['space'],[],2fdbd8b785e6352d,False,True
sam.gov,Vacuum Jacket Tubing for the purpose of upgrading the gas system to NTREES.,https://sam.gov/workspace/contract/opp/cb1dba6fd64f48aaa8f08d1822752a55/view,NASA,cb1dba6fd64f48aaa8f08d1822752a55,Solicitation,2026-09-30,2026-10-06,"NATIONAL AERONAUTICS AND SPACE ADMINISTRATION.NATIONAL AERONAUTICS AND SPACE ADMINISTRATION.NASA SHARED SERVICES CENTER | NAICS 326220 | PSC 6605 | set-aside: Small Business Set Aside - Total | STENNIS SPACE CENTER, MS","Solicitation for navigational instruments from NASA Shared Services Center; small business set aside - total; Stennis Space Center, MS.",['space'],[],d12f1d0ae900c70d,False,True
sam.gov,PerkinElmer Spectrum 3 Dual Range Spectrometer OR EQUIVALENT,https://sam.gov/workspace/contract/opp/7c7965fc311a4fe3b717f9a4700d64c0/view,NASA,7c7965fc311a4fe3b717f9a4700d64c0,Combined Synopsis/Solicitation,2026-09-30,2026-10-06,"NATIONAL AERONAUTICS AND SPACE ADMINISTRATION.NATIONAL AERONAUTICS AND SPACE ADMINISTRATION.NASA SHARED SERVICES CENTER | NAICS 334516 | PSC 6640 | set-aside: Small Business Set Aside - Total | STENNIS SPACE CENTER, MS","Combined synopsis/solicitation for laboratory equipment and supplies from NASA Shared Services Center; small business set aside - total; Stennis Space Center, MS.",['space'],[],260b4a3859f00cc3,False,True
sam.gov,Measurement of Core Temperature and Thermoregulatory Responses during and after Spaceflight in Astronauts,https://sam.gov/workspace/contract/opp/6208c238ca724934875b14f5a4e80b2b/view,NASA,6208c238ca724934875b14f5a4e80b2b,Sources Sought,2026-09-30,2026-10-14,"NATIONAL AERONAUTICS AND SPACE ADMINISTRATION.NATIONAL AERONAUTICS AND SPACE ADMINISTRATION.NASA JOHNSON SPACE CENTER | NAICS 541715 | PSC AN22 | set-aside: none | HOUSTON, TX","Sources-sought notice (market research) for health r&d services; health research and training; applied research from NASA Johnson Space Center; Houston, TX.",['space'],[],4711f11f052f505d,False,True
sam.gov,Instron 68TM-30,https://sam.gov/workspace/contract/opp/2f59718a3d7f44c6a001684f0a129fe7/view,NASA,2f59718a3d7f44c6a001684f0a129fe7,Special Notice,2026-09-30,2026-10-04,"NATIONAL AERONAUTICS AND SPACE ADMINISTRATION.NATIONAL AERONAUTICS AND SPACE ADMINISTRATION.NASA SHARED SERVICES CENTER | NAICS 541519 | PSC 7A20 | set-aside: none | STENNIS SPACE CENTER, MS","Special notice for application development software delivered by perpetual license, consisting of analysis, design, development, code, test and release packages associated with application development projects. from…",['space'],"['NAICS 541519 (other computer related services)', 'software', 'application development']",6a1fd1721ee64a8d,True,True
sam.gov,NASA SBIR/STTR FY 2026-2027 Broad Agency Announcement (BAA),https://sam.gov/workspace/contract/opp/1520abb90244427fbb2aa1c1964b841a/view,NASA,1520abb90244427fbb2aa1c1964b841a,Presolicitation,2026-09-30,2027-09-30,"NATIONAL AERONAUTICS AND SPACE ADMINISTRATION.NATIONAL AERONAUTICS AND SPACE ADMINISTRATION.NASA SHARED SERVICES CENTER | NAICS 541715 | PSC AJ11 | set-aside: Small Business Set Aside - Total | STENNIS SPACE CENTER, MS","Presolicitation for general science and technology r&d services; general science and technology; basic research from NASA Shared Services Center; small business set aside - total; Stennis Space Center, MS.",['space'],[],fc93c14fe022d15a,False,True
sam.gov,NETZSCH LFA 717 HyperFlash System,https://sam.gov/workspace/contract/opp/d55a9a367939438d89dbce0469e7ce72/view,NASA,d55a9a367939438d89dbce0469e7ce72,Special Notice,2026-09-29,2026-10-01,"NATIONAL AERONAUTICS AND SPACE ADMINISTRATION.NATIONAL AERONAUTICS AND SPACE ADMINISTRATION.NASA SHARED SERVICES CENTER | NAICS 334516 | PSC 7A20 | set-aside: none | STENNIS SPACE CENTER, MS","Special notice for application development software delivered by perpetual license, consisting of analysis, design, development, code, test and release packages associated with application development projects. from…",['space'],"['software', 'application development']",4857e0429bf7fedf,True,True
sam.gov,Prevo Technologies DocuBrain/TechDoc License FY26,https://sam.gov/workspace/contract/opp/ac0b0af606584ceebac4d62859eb4e21/view,NASA,ac0b0af606584ceebac4d62859eb4e21,Special Notice,2026-09-29,2026-10-02,"NATIONAL AERONAUTICS AND SPACE ADMINISTRATION.NATIONAL AERONAUTICS AND SPACE ADMINISTRATION.NASA SHARED SERVICES CENTER | NAICS 513210 | PSC DA10 | set-aside: none | STENNIS SPACE CENTER, MS","Special notice for support services, delivered as a service contract involved with the analysis, design, development, code, test and release packaging services associated with application development projects, as well…",['space'],"['NAICS 513210 (software publishers)', 'PSC DA10 (IT applications (development, support, SaaS))', 'application development']",8f4d3281720cac6e,True,True
sam.gov,Isokinetic Probe and WCM2000 Probe Repair and Maintenance,https://sam.gov/workspace/contract/opp/aba7c5fa04c34875b2b5672a9691d58e/view,NASA,aba7c5fa04c34875b2b5672a9691d58e,Special Notice,2026-09-29,2026-10-01,"NATIONAL AERONAUTICS AND SPACE ADMINISTRATION.NATIONAL AERONAUTICS AND SPACE ADMINISTRATION.NASA SHARED SERVICES CENTER | NAICS 811210 | PSC J059 | set-aside: none | STENNIS SPACE CENTER, MS","Special notice for maintenance, repair and rebuilding of equipment: electrical and electronic equipment components from NASA Shared Services Center; Stennis Space Center, MS.",['space'],[],dce2d18ac270609d,False,True
sam.gov,"Tugboat Services and Support, Vessel Technical Assessment, and Shipyard Maintenance, Operations, and Support",https://sam.gov/workspace/contract/opp/a37f1482c9b4409daf5a79f5c48decb5/view,NASA,a37f1482c9b4409daf5a79f5c48decb5,Sources Sought,2026-09-29,2026-10-30,"NATIONAL AERONAUTICS AND SPACE ADMINISTRATION.NATIONAL AERONAUTICS AND SPACE ADMINISTRATION.NASA MARSHALL SPACE FLIGHT CENTER | NAICS 488330 | PSC V125 | set-aside: No Set aside used | HUNTSVILLE, AL","Sources-sought notice (market research) for vessel towing service from NASA Marshall Space Flight Center; Huntsville, AL.",['space'],[],82467aec83627a06,False,True
sam.gov,"Brand Name or Equal to Wisconsin Oven Electrically Heated Batch Walk-In Series Oven, a Model Batch-8/16/8-E10/RM",https://sam.gov/workspace/contract/opp/9502507455de45c182136747d78ece4b/view,NASA,9502507455de45c182136747d78ece4b,Sources Sought,2026-09-29,2026-10-14,"NATIONAL AERONAUTICS AND SPACE ADMINISTRATION.NATIONAL AERONAUTICS AND SPACE ADMINISTRATION.NASA MARSHALL SPACE FLIGHT CENTER | NAICS None | PSC None | set-aside: none | HUNTSVILLE, AL","Sources-sought notice (market research) for goods or services from NASA Marshall Space Flight Center; Huntsville, AL.",['space'],[],d56d2095651a5e66,False,True
sam.gov,Knudsen Cell Spool Assembly,https://sam.gov/workspace/contract/opp/53d008d1c0c14a969027f340e9c4176c/view,NASA,53d008d1c0c14a969027f340e9c4176c,Special Notice,2026-09-29,2026-10-02,"NATIONAL AERONAUTICS AND SPACE ADMINISTRATION.NATIONAL AERONAUTICS AND SPACE ADMINISTRATION.NASA SHARED SERVICES CENTER | NAICS 334516 | PSC 6640 | set-aside: No Set aside used | STENNIS SPACE CENTER, MS","Special notice for laboratory equipment and supplies from NASA Shared Services Center; Stennis Space Center, MS.",['space'],[],c93cbf0af51a9be3,False,True
sam.gov,HSDI Art-IV Phantom S980 Camera System,https://sam.gov/workspace/contract/opp/47d3f0d5c25d4bb788839914a2c639b1/view,NASA,47d3f0d5c25d4bb788839914a2c639b1,Solicitation,2026-09-29,2026-10-06,"NATIONAL AERONAUTICS AND SPACE ADMINISTRATION.NATIONAL AERONAUTICS AND SPACE ADMINISTRATION.NASA SHARED SERVICES CENTER | NAICS 326220 | PSC 6605 | set-aside: Small Business Set Aside - Total | STENNIS SPACE CENTER, MS","Solicitation for navigational instruments from NASA Shared Services Center; small business set aside - total; Stennis Space Center, MS.",['space'],[],f2e1fecb80f98dcc,False,True
sam.gov,AGT Pressure Calibrate Units,https://sam.gov/workspace/contract/opp/45c40c95018a47a6b6106fb562c8af92/view,NASA,45c40c95018a47a6b6106fb562c8af92,Special Notice,2026-09-29,2026-10-02,"NATIONAL AERONAUTICS AND SPACE ADMINISTRATION.NATIONAL AERONAUTICS AND SPACE ADMINISTRATION.NASA SHARED SERVICES CENTER | NAICS 334513 | PSC 7E20 | set-aside: none | STENNIS SPACE CENTER, MS","Special notice for hardware, software, and other equipment for end user client computing including tier 1 and 2 help/service desk, deskside support, adds/moves/changes, workspace technical support, audio/video…",['space'],['software'],b2bb2cf5bb4fdd47,True,True
sam.gov,Six-Degree-of-Freedom 10k lbf Thrust Measurement System Load Cell Development,https://sam.gov/workspace/contract/opp/3f738d10e3f8445cad705c8a4a527463/view,NASA,3f738d10e3f8445cad705c8a4a527463,Special Notice,2026-09-29,2026-10-01,"NATIONAL AERONAUTICS AND SPACE ADMINISTRATION.NATIONAL AERONAUTICS AND SPACE ADMINISTRATION.NASA SHARED SERVICES CENTER | NAICS 334519 | PSC 6640 | set-aside: none | STENNIS SPACE CENTER, MS","Special notice for laboratory equipment and supplies from NASA Shared Services Center; Stennis Space Center, MS.",['space'],[],9fe2c5382ef3a14b,False,True
sam.gov,NASA FFRDC at the Jet Propulsion Laboratory - Competitive Procurement Request for Information (RFI) / Sources Sought Notice (SSN),https://sam.gov/workspace/contract/opp/304b2ed57676432ba22c12d2948f0c18/view,NASA,304b2ed57676432ba22c12d2948f0c18,Special Notice,2026-09-29,2026-10-14,"NATIONAL AERONAUTICS AND SPACE ADMINISTRATION | NAICS 541715 | PSC AJ12 | set-aside: none | , ",Special notice for general science and technology r&d services; general science and technology; applied research.,"['space', 'propulsion']",[],f8a2101fabd90eac,False,True
sam.gov,777 Pilot SIM Training,https://sam.gov/workspace/contract/opp/fccef64ae6934b8caeeb6fff9b4c12dd/view,NASA,fccef64ae6934b8caeeb6fff9b4c12dd,Special Notice,2026-09-28,2026-10-01,"NATIONAL AERONAUTICS AND SPACE ADMINISTRATION.NATIONAL AERONAUTICS AND SPACE ADMINISTRATION.NASA SHARED SERVICES CENTER | NAICS 611512 | PSC U002 | set-aside: none | STENNIS SPACE CENTER, MS","Special notice for personnel testing from NASA Shared Services Center; Stennis Space Center, MS.",['space'],[],6c568f97b4ef639a,False,True
sam.gov,Space NG (firefly) EDU Unit,https://sam.gov/workspace/contract/opp/f5c9b252647648aa953445a068741feb/view,NASA,f5c9b252647648aa953445a068741feb,Special Notice,2026-09-28,2026-09-30,"NATIONAL AERONAUTICS AND SPACE ADMINISTRATION.NATIONAL AERONAUTICS AND SPACE ADMINISTRATION.NASA SHARED SERVICES CENTER | NAICS 541715 | PSC 6605 | set-aside: 8(a) Sole Source (FAR 19.8) | STENNIS SPACE CENTER, MS","Special notice for navigational instruments from NASA Shared Services Center; 8(a) sole source (far 19.8); Stennis Space Center, MS.",['space'],[],fc392897d2fbc7c3,False,True
sam.gov,Venous Thrombosis (VT),https://sam.gov/workspace/contract/opp/e1baa77a8343447b8f7a952cc3fa3156/view,NASA,e1baa77a8343447b8f7a952cc3fa3156,Combined Synopsis/Solicitation,2026-09-28,2026-11-20,"NATIONAL AERONAUTICS AND SPACE ADMINISTRATION.NATIONAL AERONAUTICS AND SPACE ADMINISTRATION.NASA JOHNSON SPACE CENTER | NAICS 541715 | PSC AN22 | set-aside: none | HOUSTON, TX","Combined synopsis/solicitation for health r&d services; health research and training; applied research from NASA Johnson Space Center; Houston, TX.",['space'],[],73d1c8bcb500cb22,False,True
sam.gov,Cavilux HF Lasers for Schlieren-Based Imaging,https://sam.gov/workspace/contract/opp/96145bcdfcd04111bd82b5480a036e47/view,NASA,96145bcdfcd04111bd82b5480a036e47,Special Notice,2026-09-28,2026-09-29,"NATIONAL AERONAUTICS AND SPACE ADMINISTRATION | NAICS 334516 | PSC 6640 | set-aside: No Set aside used | , ",Special notice for laboratory equipment and supplies.,['space'],[],5c69acdd813407e3,False,True
sam.gov,New NSSC SAT Acquisition Request,https://sam.gov/workspace/contract/opp/8bcb83b52f0a4154928401497f7d0a74/view,NASA,8bcb83b52f0a4154928401497f7d0a74,Special Notice,2026-09-28,2026-10-01,"NATIONAL AERONAUTICS AND SPACE ADMINISTRATION.NATIONAL AERONAUTICS AND SPACE ADMINISTRATION.NASA SHARED SERVICES CENTER | NAICS 541512 | PSC DE01 | set-aside: 8(a) Sole Source (FAR 19.8) | STENNIS SPACE CENTER, MS","Special notice for support services for end user client computing including tier 1 and 2 help/service desk, deskside support, adds/moves/changes, workspace, collaboration, and productivity software technical support…",['space'],"['NAICS 541512 (computer systems design services)', 'software']",a6c614ddd332c0ce,True,True
sam.gov,Magtrol EDDY CURRENT DYNAMOMETER PURCHASE,https://sam.gov/workspace/contract/opp/821a374e610148faaa8c7304f7c8aa1e/view,NASA,821a374e610148faaa8c7304f7c8aa1e,Special Notice,2026-09-28,2026-09-30,"NATIONAL AERONAUTICS AND SPACE ADMINISTRATION.NATIONAL AERONAUTICS AND SPACE ADMINISTRATION.NASA SHARED SERVICES CENTER | NAICS 334519 | PSC 7A20 | set-aside: none | STENNIS SPACE CENTER, MS","Special notice for application development software delivered by perpetual license, consisting of analysis, design, development, code, test and release packages associated with application development projects. from…",['space'],"['software', 'application development']",612179292bb436a5,True,True
sam.gov,INMARSAT Airborne Equipment Set,https://sam.gov/workspace/contract/opp/631b1c951d1649a999b21695c26ad94c/view,NASA,631b1c951d1649a999b21695c26ad94c,Special Notice,2026-09-28,2026-10-01,"NATIONAL AERONAUTICS AND SPACE ADMINISTRATION.NATIONAL AERONAUTICS AND SPACE ADMINISTRATION.NASA SHARED SERVICES CENTER | NAICS 334511 | PSC 7E20 | set-aside: none | STENNIS SPACE CENTER, MS","Special notice for hardware, software, and other equipment for end user client computing including tier 1 and 2 help/service desk, deskside support, adds/moves/changes, workspace technical support, audio/video…",['space'],['software'],bac37e9d0e9ea3f7,True,True
sam.gov,TC Communications RIDLEY MIPR FTS,https://sam.gov/workspace/contract/opp/5cfd0417810d4eb48cb404e66d3807f6/view,NASA,5cfd0417810d4eb48cb404e66d3807f6,Combined Synopsis/Solicitation,2026-09-28,2026-10-05,"NATIONAL AERONAUTICS AND SPACE ADMINISTRATION.NATIONAL AERONAUTICS AND SPACE ADMINISTRATION.NASA SHARED SERVICES CENTER | NAICS 334210 | PSC 7G21 | set-aside: Small Business Set Aside - Total | STENNIS SPACE CENTER, MS","Combined synopsis/solicitation for digital network communications hardware, software, and other equipment used within the core data centers and work areas, connecting end users to the organization's local area network.…",['space'],['software'],6db68eb083be9e67,True,True
sam.gov,Allen-Bradley Spares and Components,https://sam.gov/workspace/contract/opp/1f5bf293809942ecbbbb89fe2913f18c/view,NASA,1f5bf293809942ecbbbb89fe2913f18c,Special Notice,2026-09-28,2026-09-30,"NATIONAL AERONAUTICS AND SPACE ADMINISTRATION.NATIONAL AERONAUTICS AND SPACE ADMINISTRATION.NASA SHARED SERVICES CENTER | NAICS 811310 | PSC DE01 | set-aside: 8(a) Sole Source (FAR 19.8) | STENNIS SPACE CENTER, MS","Special notice for support services for end user client computing including tier 1 and 2 help/service desk, deskside support, adds/moves/changes, workspace, collaboration, and productivity software technical support…",['space'],['software'],5b3eb934c63b9870,True,True
sam.gov,TechScan Purchase,https://sam.gov/workspace/contract/opp/1e06ae137d52477da9ad603b99cafc92/view,NASA,1e06ae137d52477da9ad603b99cafc92,Special Notice,2026-09-28,2026-09-30,"NATIONAL AERONAUTICS AND SPACE ADMINISTRATION.NATIONAL AERONAUTICS AND SPACE ADMINISTRATION.NASA SHARED SERVICES CENTER | NAICS 334516 | PSC DA10 | set-aside: none | STENNIS SPACE CENTER, MS","Special notice for support services, delivered as a service contract involved with the analysis, design, development, code, test and release packaging services associated with application development projects, as well…",['space'],"['PSC DA10 (IT applications (development, support, SaaS))', 'application development']",36b9d799d189f8cc,True,True
sam.gov,High Vacuum Gas Sorption Analyzer Purchase,https://sam.gov/workspace/contract/opp/106ea3501f6d47698762d20f5bb63211/view,NASA,106ea3501f6d47698762d20f5bb63211,Special Notice,2026-09-28,2026-09-30,"NATIONAL AERONAUTICS AND SPACE ADMINISTRATION.NATIONAL AERONAUTICS AND SPACE ADMINISTRATION.NASA SHARED SERVICES CENTER | NAICS 334516 | PSC 7A20 | set-aside: none | STENNIS SPACE CENTER, MS","Special notice for application development software delivered by perpetual license, consisting of analysis, design, development, code, test and release packages associated with application development projects. from…",['space'],"['software', 'application development']",428ab1bb0b1a240f,True,True
sam.gov,Spaceflight Readiness Training (SFRT) Aircraft Modernization,https://sam.gov/workspace/contract/opp/0a9adeb69e1e4e6f8bf1e24260a2c254/view,NASA,0a9adeb69e1e4e6f8bf1e24260a2c254,Sources Sought,2026-09-28,2026-10-12,"NATIONAL AERONAUTICS AND SPACE ADMINISTRATION.NATIONAL AERONAUTICS AND SPACE ADMINISTRATION.NASA JOHNSON SPACE CENTER | NAICS 336411 | PSC 1510 | set-aside: No Set aside used | HOUSTON, TX","Sources-sought notice (market research) for aircraft, fixed wing from NASA Johnson Space Center; Houston, TX.",['space'],[],e7a115238053dfc6,False,True
sam.gov,Request for Proposal (RFP) - Resilient Missile Warning Tracking (RMWT) Low Earth Orbit (LEO) Ground Entry Points (GEPs),https://sam.gov/workspace/contract/opp/bc2d5e5543974aab974e37ac591c78da/view,SDA,bc2d5e5543974aab974e37ac591c78da,Solicitation,2026-09-29,2026-11-02,"DEPT OF DEFENSE.DEPT OF THE AIR FORCE.SPACE DEVELOPMENT AGENCY.FA2401 SPACE DEVELOPMENT AGENCY SDA | NAICS 541715 | PSC AC13 | set-aside: No Set aside used | CHANTILLY, VA","Solicitation for national defense r&d services; department of defense - military; experimental development from Space Development Agency SDA; Chantilly, VA.","['space', 'orbit', 'missile warning', 'leo']",[],e36e6e4585e58e3d,False,True
sam.gov,"Spacer, Compressor, R",https://sam.gov/workspace/contract/opp/d4db4b0a53774d898f7b4b0cb760a78b/view,DEPT OF DEFENSE,d4db4b0a53774d898f7b4b0cb760a78b,Solicitation,2026-10-02,2026-11-02,"DEPT OF DEFENSE.DEFENSE LOGISTICS AGENCY.DLA AVIATION.DLA AVIATION OKLAHOMA CITY.DLA AVIATION AT OKLAHOMA CITY, OK | NAICS 336412 | PSC 2840 | set-aside: none | TINKER AFB, OK","Solicitation for gas turbines and jet engines, aircraft, prime moving; and components from Dla Aviation At Oklahoma City, Ok; Tinker Afb, OK.",[],[],a678f7a27eb8f39e,False,True
sam.gov,S215--Spacesaver and VIDIR Bed Lift Preventative Maintenance  Services - SAVAHCS,https://sam.gov/workspace/contract/opp/c967d077a89840c98e04d8a29c94a986/view,"VETERANS AFFAIRS, DEPARTMENT OF",c967d077a89840c98e04d8a29c94a986,Combined Synopsis/Solicitation,2026-10-02,2026-10-08,"VETERANS AFFAIRS, DEPARTMENT OF.VETERANS AFFAIRS, DEPARTMENT OF.262-NETWORK CONTRACT OFFICE 22 (36C262) | NAICS 561210 | PSC S215 | set-aside: Small Business Set Aside - Total | Gilbert, AZ","Combined synopsis/solicitation for warehousing and storage services from 262-Network Contract Office 22 (36C262); small business set aside - total; Gilbert, AZ.",['space'],[],37b0bd55364b0bcf,False,True
sam.gov,"Office space in the Milwaukee, WI area",https://sam.gov/workspace/contract/opp/b421b0fca3284d1f94cd017814d7db99/view,"AGRICULTURE, DEPARTMENT OF",b421b0fca3284d1f94cd017814d7db99,Special Notice,2026-10-02,2026-10-14,"AGRICULTURE, DEPARTMENT OF | NAICS 531120 | PSC X1AA | set-aside: none | , ",Special notice for lease/rental of office buildings.,[],[],418c86db45dcf0ef,False,True
sam.gov,Sources Sought - Construction Repair Building 6413 Secure Space (511669 & 519580) Barksdale AFB,https://sam.gov/workspace/contract/opp/7a993bfafe5a4299aac27a1314464369/view,DEPT OF DEFENSE,7a993bfafe5a4299aac27a1314464369,Special Notice,2026-10-02,2026-10-30,"DEPT OF DEFENSE.DEPT OF THE ARMY.US ARMY CORPS OF ENGINEERS.ENGINEER DIVISION SOUTHWESTERN.ENDIST FT WORTH.W076 ENDIST FT WORTH | NAICS 236220 | PSC Y1AA | set-aside: none | FORT WORTH, TX","Special notice for construction of office buildings from W076 Endist Ft Worth; Fort Worth, TX.",['space'],[],d3a5e03fb0094b74,False,True
sam.gov,"Lease for office space - 18,000 - 23,000 Sq. Ft. Required",https://sam.gov/workspace/contract/opp/735e745b6be04d15a434cba9b58e75aa/view,DEPT OF DEFENSE,735e745b6be04d15a434cba9b58e75aa,Solicitation,2026-10-02,2026-10-09,"DEPT OF DEFENSE.DEPT OF THE ARMY.US ARMY CORPS OF ENGINEERS.ENGINEER DIVISION NORTHWESTERN.ENDIST OMAHA.W071 ENDIST OMAHA | NAICS 531120 | PSC X1PZ | set-aside: none | OMAHA, NE","Solicitation for lease/rental of other non-building facilities from W071 Endist Omaha; Omaha, NE.",[],[],a3ee95c44e71cf65,False,True
sam.gov,"General Services Administration (GSA) seeks to lease the following space in Atlanta, GA: Solicitation No. 6GA0339",https://sam.gov/workspace/contract/opp/6cf903edb8164a048e6db7195ff26a60/view,GENERAL SERVICES ADMINISTRATION,6cf903edb8164a048e6db7195ff26a60,Presolicitation,2026-10-02,2026-10-23,"GENERAL SERVICES ADMINISTRATION.PUBLIC BUILDINGS SERVICE.PBS OFFICE OF LEASING | NAICS 531120 | PSC X1AA | set-aside: No Set aside used | WASHINGTON, DC","Presolicitation for lease/rental of office buildings from Pbs Office Of Leasing; Washington, DC.",[],[],0b8a53009b8ea035,False,True
sam.gov,"NOTICE OF INTENT TO RENEW LEASE TO HOUSE 7,844 ANSI/BOMA OFFICE AREA SQUARE FEET OF OFFICE AND RELATED SPACE IN WEST PLAINS, MO",https://sam.gov/workspace/contract/opp/5691d9c2dec44601a55e4a97256c4255/view,GENERAL SERVICES ADMINISTRATION,5691d9c2dec44601a55e4a97256c4255,Presolicitation,2026-10-02,2026-10-06,"GENERAL SERVICES ADMINISTRATION.PUBLIC BUILDINGS SERVICE.PBS OFFICE OF LEASING | NAICS 531120 | PSC X1AA | set-aside: none | WASHINGTON, DC","Presolicitation for lease/rental of office buildings from Pbs Office Of Leasing; Washington, DC.",[],[],4f17e98412b4a0f8,False,True
sam.gov,"Spacer, Compressor R (1P)",https://sam.gov/workspace/contract/opp/4fb6d87ed94f400b9cb136f43baffd6f/view,DEPT OF DEFENSE,4fb6d87ed94f400b9cb136f43baffd6f,Presolicitation,2026-10-02,2026-10-17,"DEPT OF DEFENSE.DEFENSE LOGISTICS AGENCY.DLA AVIATION.DLA AVIATION OKLAHOMA CITY.DLA AVIATION AT OKLAHOMA CITY, OK | NAICS None | PSC 2840 | set-aside: Small Business Set Aside - Total | TINKER AFB, OK","Presolicitation for gas turbines and jet engines, aircraft, prime moving; and components from Dla Aviation At Oklahoma City, Ok; small business set aside - total; Tinker Afb, OK.",[],[],4a32956ba4bbc935,False,True
sam.gov,Industry Day - Space Force Operations Centers - Various Locations,https://sam.gov/workspace/contract/opp/457375429ac8439d9ee52768dbd2da6e/view,DEPT OF DEFENSE,457375429ac8439d9ee52768dbd2da6e,Sources Sought,2026-10-02,2026-10-15,"DEPT OF DEFENSE.DEPT OF THE ARMY.US ARMY CORPS OF ENGINEERS.ENGINEER DIVISION NORTHWESTERN.ENDIST OMAHA.W071 ENDIST OMAHA | NAICS 236220 | PSC Y1JZ | set-aside: none | OMAHA, NE","Sources-sought notice (market research) for construction of miscellaneous buildings from W071 Endist Omaha; Omaha, NE.",['space'],[],bd9189880f9c444c,False,True
sam.gov,"SPACER,COMPRESSOR R",https://sam.gov/workspace/contract/opp/1b278b47a1434f4198abe4e4a6d6ab6e/view,DEPT OF DEFENSE,1b278b47a1434f4198abe4e4a6d6ab6e,Presolicitation,2026-10-02,2026-07-02,"DEPT OF DEFENSE.DEFENSE LOGISTICS AGENCY.DLA AVIATION.DLA AVIATION OKLAHOMA CITY.DLA AVIATION AT OKLAHOMA CITY, OK | NAICS 336412 | PSC 2840 | set-aside: none | TINKER AFB, OK","Presolicitation for gas turbines and jet engines, aircraft, prime moving; and components from Dla Aviation At Oklahoma City, Ok; Tinker Afb, OK.",[],[],64322ddbc646a396,False,True
sam.gov,"U.S Government Seeks to Lease Warehouse and Related Space in Sterling, VA",https://sam.gov/workspace/contract/opp/0f4925aabd2d458993c20e5c02be5fa4/view,GENERAL SERVICES ADMINISTRATION,0f4925aabd2d458993c20e5c02be5fa4,Presolicitation,2026-10-02,2026-10-16,"GENERAL SERVICES ADMINISTRATION.PUBLIC BUILDINGS SERVICE.PBS OFFICE OF LEASING | NAICS 531120 | PSC X1GZ | set-aside: none | WASHINGTON, DC","Presolicitation for lease/rental of other warehouse buildings from Pbs Office Of Leasing; Washington, DC.",[],[],989f854c9558df77,False,True
sam.gov,"6ID0103 - Lewiston, ID Office or Retail Space for Lease (3,784 - 4,162 ABOA SF)",https://sam.gov/workspace/contract/opp/fdd5dd80e0134b469a1668d4a8f7a965/view,GENERAL SERVICES ADMINISTRATION,fdd5dd80e0134b469a1668d4a8f7a965,Solicitation,2026-10-01,2026-10-02,"GENERAL SERVICES ADMINISTRATION.PUBLIC BUILDINGS SERVICE.PBS OFFICE OF LEASING | NAICS 531120 | PSC X1AA | set-aside: none | WASHINGTON, DC","Solicitation for lease/rental of office buildings from Pbs Office Of Leasing; Washington, DC.",[],[],07f35a8b3c51aef3,False,True
sam.gov,Lessors of Nonresidential Office Space for Lease,https://sam.gov/workspace/contract/opp/e543c9188cb74064ba8b6bd284b9df6c/view,DEPT OF DEFENSE,e543c9188cb74064ba8b6bd284b9df6c,Sources Sought,2026-10-01,2026-10-08,"DEPT OF DEFENSE.DEPT OF THE ARMY.US ARMY CORPS OF ENGINEERS.ENGINEER DIVISION NORTHWESTERN.ENDIST KANSAS CITY.W071 ENDIST KANSAS CITY | NAICS 53112 | PSC None | set-aside: none | KANSAS CITY, MO","Sources-sought notice (market research) for goods or services from W071 Endist Kansas City; Kansas City, MO.",[],[],46b1b325de442898,False,True
sam.gov,"Lease of Office Space in Fort Lauderdale, Florida - Request for Lease Proposals (RLP) #26NAT01 - Office Space",https://sam.gov/workspace/contract/opp/d43c1dc6b7ce4db3ba78f17f07029b23/view,GENERAL SERVICES ADMINISTRATION,d43c1dc6b7ce4db3ba78f17f07029b23,Combined Synopsis/Solicitation,2026-10-01,2026-10-16,"GENERAL SERVICES ADMINISTRATION.PUBLIC BUILDINGS SERVICE.PBS R2 OFFICE OF LEASING | NAICS 531120 | PSC X1AA | set-aside: none | NEW YORK, NY","Combined synopsis/solicitation for lease/rental of office buildings from Pbs R2 Office Of Leasing; New York, NY.",[],[],2154ad3ece89caac,False,True
sam.gov,Space Environment Technologies and Science (SETS) Broad Agency Announcement (BAA) Call 004,https://sam.gov/workspace/contract/opp/bd5a9859e9a2446f9cee8f0cb6c267df/view,DEPT OF DEFENSE,bd5a9859e9a2446f9cee8f0cb6c267df,Solicitation,2026-10-01,2026-10-29,"DEPT OF DEFENSE.DEPT OF THE AIR FORCE.AIR FORCE MATERIEL COMMAND.AIR FORCE RESEARCH LABORATORY.FA9453  AFRL RVK | NAICS 541715 | PSC AC12 | set-aside: No Set aside used | KIRTLAND AFB, NM","Solicitation for national defense r&d services; department of defense - military; applied research from Afrl Rvk; Kirtland Afb, NM.",['space'],[],3f3d3de9c796598d,False,True
sam.gov,"USDA Seeks to Lease Office and Related Space in Georgetown, Sussex County, Deleware",https://sam.gov/workspace/contract/opp/b9780b13bd434eab831cea5b946f2158/view,"AGRICULTURE, DEPARTMENT OF",b9780b13bd434eab831cea5b946f2158,Solicitation,2026-10-01,2026-10-05,"AGRICULTURE, DEPARTMENT OF.FARM PRODUCTION AND CONSERVATION BUSINESS CENTER.FPAC BUS CNTR-MGMT SVS DIV | NAICS 531120 | PSC X1AA | set-aside: No Set aside used | WASHINGTON, DC","Solicitation for lease/rental of office buildings from Fpac Bus Cntr-Mgmt Svs Div; Washington, DC.",[],[],24997b1b05f9753d,False,True
sam.gov,"U.S. Government Seeks Proposals to Lease 2,405 to 2,605 ABOA SQ FT of Office and Related Space in Washington, DC",https://sam.gov/workspace/contract/opp/b7ad1e32a63849d2b15dd9b024dda053/view,GENERAL SERVICES ADMINISTRATION,b7ad1e32a63849d2b15dd9b024dda053,Solicitation,2026-10-01,2026-10-15,"GENERAL SERVICES ADMINISTRATION.PUBLIC BUILDINGS SERVICE.PBS OFFICE OF LEASING | NAICS 531120 | PSC X1AA | set-aside: No Set aside used | WASHINGTON, DC","Solicitation for lease/rental of office buildings from Pbs Office Of Leasing; Washington, DC.",[],[],ddff8cc4c9900470,False,True
sam.gov,Lessors of Nonresidential Office Space for Lease,https://sam.gov/workspace/contract/opp/a74df5a1ca3f439bb7bc7a43608a2595/view,DEPT OF DEFENSE,a74df5a1ca3f439bb7bc7a43608a2595,Sources Sought,2026-10-01,2026-10-08,"DEPT OF DEFENSE.DEPT OF THE ARMY.US ARMY CORPS OF ENGINEERS.ENGINEER DIVISION NORTHWESTERN.ENDIST KANSAS CITY.W071 ENDIST KANSAS CITY | NAICS 53112 | PSC None | set-aside: none | KANSAS CITY, MO","Sources-sought notice (market research) for goods or services from W071 Endist Kansas City; Kansas City, MO.",[],[],453b089ff38a5792,False,True
sam.gov,"Lease Space in Los Angeles, CA",https://sam.gov/workspace/contract/opp/86abf8e241f74c1a8560461f7534fe35/view,GENERAL SERVICES ADMINISTRATION,86abf8e241f74c1a8560461f7534fe35,Presolicitation,2026-10-01,2026-10-21,"GENERAL SERVICES ADMINISTRATION.PUBLIC BUILDINGS SERVICE.PBS OFFICE OF LEASING | NAICS 531120 | PSC X1AA | set-aside: none | WASHINGTON, DC","Presolicitation for lease/rental of office buildings from Pbs Office Of Leasing; Washington, DC.",[],[],aa572a1671eca7fc,False,True
sam.gov,"Lease of Office Space in NE Buffalo / Williamsville, New York - Request for Lease Proposals (RLP) #26NAT01 - Office Space",https://sam.gov/workspace/contract/opp/85b326b56f324972b592855d6b167621/view,GENERAL SERVICES ADMINISTRATION,85b326b56f324972b592855d6b167621,Combined Synopsis/Solicitation,2026-10-01,2026-10-07,"GENERAL SERVICES ADMINISTRATION.PUBLIC BUILDINGS SERVICE.PBS R2 OFFICE OF LEASING | NAICS 531120 | PSC X1AA | set-aside: none | NEW YORK, NY","Combined synopsis/solicitation for lease/rental of office buildings from Pbs R2 Office Of Leasing; New York, NY.",[],[],55587475bbaf7508,False,True
sam.gov,"45--HEATER,SPACE,ELECTRIC",https://sam.gov/workspace/contract/opp/5389612ea4944b588d1eb8950192355f/view,DEPT OF DEFENSE,5389612ea4944b588d1eb8950192355f,Combined Synopsis/Solicitation,2026-10-01,2026-10-13,"DEPT OF DEFENSE.DEFENSE LOGISTICS AGENCY.TROOP SUPPORT CONSTRUCTION & EQUIPMENT.DLA TROOP SUPPORT | NAICS 333414 | PSC 45 | set-aside: Small Business Set Aside - Total | PHILADELPHIA, PA","Combined synopsis/solicitation for plumbing, heating, waste disposal from Dla Troop Support; small business set aside - total; Philadelphia, PA.",['space'],[],290da54d6f43dbcc,False,True
sam.gov,Z2DA--589A5-27-176 REPLACE B1 SEWER LINES IN CRAWL SPACE|TOP,https://sam.gov/workspace/contract/opp/475bce6244d94fdabc41442d9a629f45/view,"VETERANS AFFAIRS, DEPARTMENT OF",475bce6244d94fdabc41442d9a629f45,Sources Sought,2026-10-01,2026-10-15,"VETERANS AFFAIRS, DEPARTMENT OF.VETERANS AFFAIRS, DEPARTMENT OF.255-NETWORK CONTRACT OFFICE 15 (36C255) | NAICS 236220 | PSC Z2DA | set-aside: Service-Disabled Veteran-Owned Small Business (SDVOSB) Set-Aside (FAR 19.14) | LEAVENWORTH, KS",Sources-sought notice (market research) for repair or alteration of hospitals and infirmaries from 255-Network Contract Office 15 (36C255); service-disabled veteran-owned small business (sdvosb) set-aside (far 19.14)…,['space'],[],449a55d01a980e05,False,True
sam.gov,Lessors of Nonresidential Office Space for Lease,https://sam.gov/workspace/contract/opp/19e72e10c82b44a59a892fb4e4e75549/view,DEPT OF DEFENSE,19e72e10c82b44a59a892fb4e4e75549,Sources Sought,2026-10-01,2026-10-08,"DEPT OF DEFENSE.DEPT OF THE ARMY.US ARMY CORPS OF ENGINEERS.ENGINEER DIVISION NORTHWESTERN.ENDIST KANSAS CITY.W071 ENDIST KANSAS CITY | NAICS 53112 | PSC None | set-aside: none | KANSAS CITY, MO","Sources-sought notice (market research) for goods or services from W071 Endist Kansas City; Kansas City, MO.",[],[],22c2a7d7d8219685,False,True
sam.gov,"45--HEATER,SPACE",https://sam.gov/workspace/contract/opp/006aac35e9bf4c7bb19f5066812b347c/view,DEPT OF DEFENSE,006aac35e9bf4c7bb19f5066812b347c,Combined Synopsis/Solicitation,2026-10-01,2026-10-13,"DEPT OF DEFENSE.DEFENSE LOGISTICS AGENCY.TROOP SUPPORT CONSTRUCTION & EQUIPMENT.DLA TROOP SUPPORT | NAICS 333414 | PSC 45 | set-aside: none | PHILADELPHIA, PA","Combined synopsis/solicitation for plumbing, heating, waste disposal from Dla Troop Support; Philadelphia, PA.",['space'],[],6ad8c1a9ef3f4eb5,False,True
sam.gov,Lessors of Nonresidential Office Space for Lease,https://sam.gov/workspace/contract/opp/d8826b16d3914d3db3c3d2713b48f4d6/view,DEPT OF DEFENSE,d8826b16d3914d3db3c3d2713b48f4d6,Sources Sought,2026-09-30,2026-10-07,"DEPT OF DEFENSE.DEPT OF THE ARMY.US ARMY CORPS OF ENGINEERS.ENGINEER DIVISION NORTHWESTERN.ENDIST KANSAS CITY.W071 ENDIST KANSAS CITY | NAICS 53112 | PSC None | set-aside: none | KANSAS CITY, MO","Sources-sought notice (market research) for goods or services from W071 Endist Kansas City; Kansas City, MO.",[],[],2c69c36d77fa57b2,False,True
sam.gov,"General Services Administration (GSA) seeks to lease office space in Montclair, CA",https://sam.gov/workspace/contract/opp/caa55526dd09448e94894753e8d43c7f/view,GENERAL SERVICES ADMINISTRATION,caa55526dd09448e94894753e8d43c7f,Presolicitation,2026-09-30,2026-10-16,"GENERAL SERVICES ADMINISTRATION.PUBLIC BUILDINGS SERVICE.PBS R00 CENTER FOR BROKER SERVICES | NAICS 531120 | PSC X1AA | set-aside: none | WASHINGTON, DC","Presolicitation for lease/rental of office buildings from Pbs R00 Center For Broker Services; Washington, DC.",[],[],67d13c418a9397cf,False,True
sam.gov,Space Environment Technologies and Science (SETS) Broad Agency Announcement (BAA),https://sam.gov/workspace/contract/opp/ad37e93008ef4893a8e8895816799b73/view,DEPT OF DEFENSE,ad37e93008ef4893a8e8895816799b73,Solicitation,2026-09-30,2028-12-17,"DEPT OF DEFENSE.DEPT OF THE AIR FORCE.AIR FORCE MATERIEL COMMAND.AIR FORCE RESEARCH LABORATORY.FA9453  AFRL RVK | NAICS 541715 | PSC AC12 | set-aside: none | KIRTLAND AFB, NM","Solicitation for national defense r&d services; department of defense - military; applied research from Afrl Rvk; Kirtland Afb, NM.",['space'],[],82752b81f6d93789,False,True
sam.gov,"Fire Station, Building 806, Buckley Space Force Base, CO 80011",https://sam.gov/workspace/contract/opp/9b9356392b194b998ed0870e84c61cf2/view,DEPT OF DEFENSE,9b9356392b194b998ed0870e84c61cf2,Sources Sought,2026-09-30,2026-10-21,"DEPT OF DEFENSE.DEPT OF THE ARMY.US ARMY CORPS OF ENGINEERS.ENGINEER DIVISION NORTHWESTERN.ENDIST OMAHA.W071 ENDIST OMAHA | NAICS 236220 | PSC Y1AZ | set-aside: No Set aside used | OMAHA, NE","Sources-sought notice (market research) for construction of other administrative facilities and service buildings from W071 Endist Omaha; Omaha, NE.",['space'],[],59a0d668e207dd84,False,True
sam.gov,"U.S. Government Space Required: Danville, CA",https://sam.gov/workspace/contract/opp/9a48b9f0bb054cda9814d16e949342e8/view,DEPT OF DEFENSE,9a48b9f0bb054cda9814d16e949342e8,Solicitation,2026-09-30,2026-10-15,"DEPT OF DEFENSE.DEPT OF THE ARMY.US ARMY CORPS OF ENGINEERS.ENGINEER DIVISION SOUTH PACIFIC.ENDIST SACRAMENTO.W075 ENDIST SACRAMENTO | NAICS 53112 | PSC X1AA | set-aside: none | SACRAMENTO, CA","Solicitation for lease/rental of office buildings from W075 Endist Sacramento; Sacramento, CA.",[],[],3a78c5518d66273c,False,True
sam.gov,"General Services Administration Office Space Pine Bluff, Arkansas",https://sam.gov/workspace/contract/opp/9678f86f6e2146f2a39f18af9e3082d1/view,GENERAL SERVICES ADMINISTRATION,9678f86f6e2146f2a39f18af9e3082d1,Special Notice,2026-09-30,2026-10-14,"GENERAL SERVICES ADMINISTRATION.PUBLIC BUILDINGS SERVICE.PBS R7 OFFICE OF LEASING | NAICS 531120 | PSC X1AA | set-aside: none | FORT WORTH, TX","Special notice for lease/rental of office buildings from Pbs R7 Office Of Leasing; Fort Worth, TX.",[],[],3369367325fc1302,False,True
sam.gov,Lessors of Nonresidential Office Space for lease,https://sam.gov/workspace/contract/opp/965677b370e148b38d36cbd0a44a7610/view,DEPT OF DEFENSE,965677b370e148b38d36cbd0a44a7610,Sources Sought,2026-09-30,2026-10-06,"DEPT OF DEFENSE.DEPT OF THE ARMY.US ARMY CORPS OF ENGINEERS.ENGINEER DIVISION NORTHWESTERN.ENDIST KANSAS CITY.W071 ENDIST KANSAS CITY | NAICS None | PSC None | set-aside: none | KANSAS CITY, MO","Sources-sought notice (market research) for goods or services from W071 Endist Kansas City; Kansas City, MO.",[],[],e881d1b6fda9a90d,False,True
sam.gov,Lessors of Nonresidental Office Space for lease,https://sam.gov/workspace/contract/opp/86552b063a4a4f57956eff4a89182967/view,DEPT OF DEFENSE,86552b063a4a4f57956eff4a89182967,Sources Sought,2026-09-30,2026-10-06,"DEPT OF DEFENSE.DEPT OF THE ARMY.US ARMY CORPS OF ENGINEERS.ENGINEER DIVISION NORTHWESTERN.ENDIST KANSAS CITY.W071 ENDIST KANSAS CITY | NAICS 53112 | PSC None | set-aside: none | KANSAS CITY, MO","Sources-sought notice (market research) for goods or services from W071 Endist Kansas City; Kansas City, MO.",[],[],63118f7879d1c4be,False,True
sam.gov,"U.S. Government Space Required: American Canyon, CA",https://sam.gov/workspace/contract/opp/7b087f76ea7d443f8cbb29a38b772f40/view,DEPT OF DEFENSE,7b087f76ea7d443f8cbb29a38b772f40,Solicitation,2026-09-30,2026-10-15,"DEPT OF DEFENSE.DEPT OF THE ARMY.US ARMY CORPS OF ENGINEERS.ENGINEER DIVISION SOUTH PACIFIC.ENDIST SACRAMENTO.W075 ENDIST SACRAMENTO | NAICS 53112 | PSC X1AA | set-aside: none | SACRAMENTO, CA","Solicitation for lease/rental of office buildings from W075 Endist Sacramento; Sacramento, CA.",[],[],9027588f3fe63fad,False,True
sam.gov,Lease of Office Space within Region 7. Request for Lease Proposals (RLP) #25REG07,https://sam.gov/workspace/contract/opp/61ff4db1f8d544cd9843908ac3295af1/view,GENERAL SERVICES ADMINISTRATION,61ff4db1f8d544cd9843908ac3295af1,Special Notice,2026-09-30,2026-12-01,"GENERAL SERVICES ADMINISTRATION.PUBLIC BUILDINGS SERVICE.PBS R9 LEASING DIV | NAICS 531120 | PSC X1AA | set-aside: none | SAN FRANCISCO, CA","Special notice for lease/rental of office buildings from Pbs R9 Leasing Div; San Francisco, CA.",[],[],fa9d05b0aff24fab,False,True
sam.gov,General Services Administration (GSA) seeks to lease the following space:,https://sam.gov/workspace/contract/opp/30634b069e0c47d99ffc01ac3bb8904c/view,GENERAL SERVICES ADMINISTRATION,30634b069e0c47d99ffc01ac3bb8904c,Presolicitation,2026-09-30,2026-10-29,"GENERAL SERVICES ADMINISTRATION.PUBLIC BUILDINGS SERVICE.PBS OFFICE OF LEASING | NAICS 531120 | PSC X1AA | set-aside: No Set aside used | WASHINGTON, DC","Presolicitation for lease/rental of office buildings from Pbs Office Of Leasing; Washington, DC.",[],[],591b7f7464aa8fd4,False,True
sam.gov,Lessors of Nonresidential Office Space for lease,https://sam.gov/workspace/contract/opp/25e14ee20f9e4364952e0a9e148aa585/view,DEPT OF DEFENSE,25e14ee20f9e4364952e0a9e148aa585,Sources Sought,2026-09-30,2026-10-06,"DEPT OF DEFENSE.DEPT OF THE ARMY.US ARMY CORPS OF ENGINEERS.ENGINEER DIVISION NORTHWESTERN.ENDIST KANSAS CITY.W071 ENDIST KANSAS CITY | NAICS 53112 | PSC None | set-aside: none | KANSAS CITY, MO","Sources-sought notice (market research) for goods or services from W071 Endist Kansas City; Kansas City, MO.",[],[],5427d52a99d57024,False,True
sam.gov,"U.S. Government Space Required: Fairfield, CA",https://sam.gov/workspace/contract/opp/1b8a87cd8ac940538dab8282c849fc39/view,DEPT OF DEFENSE,1b8a87cd8ac940538dab8282c849fc39,Solicitation,2026-09-30,2026-10-15,"DEPT OF DEFENSE.DEPT OF THE ARMY.US ARMY CORPS OF ENGINEERS.ENGINEER DIVISION SOUTH PACIFIC.ENDIST SACRAMENTO.W075 ENDIST SACRAMENTO | NAICS 53112 | PSC X1AA | set-aside: none | SACRAMENTO, CA","Solicitation for lease/rental of office buildings from W075 Endist Sacramento; Sacramento, CA.",[],[],1b692a729723de91,False,True
sam.gov,Lessors of Nonresidential Office Space or Lease,https://sam.gov/workspace/contract/opp/137db1049294457493287a965af0e120/view,DEPT OF DEFENSE,137db1049294457493287a965af0e120,Sources Sought,2026-09-30,2026-10-07,"DEPT OF DEFENSE.DEPT OF THE ARMY.US ARMY CORPS OF ENGINEERS.ENGINEER DIVISION NORTHWESTERN.ENDIST KANSAS CITY.W071 ENDIST KANSAS CITY | NAICS None | PSC None | set-aside: none | KANSAS CITY, MO","Sources-sought notice (market research) for goods or services from W071 Endist Kansas City; Kansas City, MO.",[],[],b182ccae64aa5218,False,True
sam.gov,"CONSTRUCT US SPACE FORCE INTEGRATION FACILITY, F/10852 WPAFB, OHIO",https://sam.gov/workspace/contract/opp/e7e196637f9e46f8ad603ddf8d175056/view,DEPT OF DEFENSE,e7e196637f9e46f8ad603ddf8d175056,Sources Sought,2026-09-29,2026-10-06,"DEPT OF DEFENSE.DEPT OF THE ARMY.US ARMY CORPS OF ENGINEERS.ENGINEER DIVISION GREAT LAKES AND OHIO.ENDIST LOUISVILLE.W072 ENDIST LOUISVILLE | NAICS 236220 | PSC None | set-aside: none | LOUISVILLE, KY","Sources-sought notice (market research) for commercial and institutional building construction from W072 Endist Louisville; Louisville, KY.",['space'],[],397230a11f7f5241,False,True
sam.gov,"SSA and IRS - Lease of Office Space within Atlanta, Georgia.   Request for Lease Proposals (RLP) #26NAT01",https://sam.gov/workspace/contract/opp/e78b6995de974d29ac05a5a29859afab/view,GENERAL SERVICES ADMINISTRATION,e78b6995de974d29ac05a5a29859afab,Combined Synopsis/Solicitation,2026-09-29,2026-10-07,"GENERAL SERVICES ADMINISTRATION.PUBLIC BUILDINGS SERVICE.PBS OFFICE OF LEASING | NAICS 531120 | PSC X1AA | set-aside: none | WASHINGTON, DC","Combined synopsis/solicitation for lease/rental of office buildings from Pbs Office Of Leasing; Washington, DC.",[],[],ea969aca6ed58c33,False,True
sam.gov,REQUEST FOR INFORMATION (RFI)/ SOURCES SOUGHT Space Force Mission Delta 9 (MD9),https://sam.gov/workspace/contract/opp/e70989c31eb3487bb1eeb1883cfdfbcd/view,DEPT OF DEFENSE,e70989c31eb3487bb1eeb1883cfdfbcd,Sources Sought,2026-09-29,2026-10-12,"DEPT OF DEFENSE.DEPT OF THE AIR FORCE.AIR FORCE SPACE COMMAND.FA2518 USSF SPOC/SAIO | NAICS None | PSC None | set-aside: none | PETERSON AFB, CO","Sources-sought notice (market research) for goods or services from USSF Spoc/Saio; Peterson Afb, CO.",['space'],[],2c0b89a32ac38334,False,True
sam.gov,Z2DA--FY27 EHRM |  657-21-702JC EHRM Training And Administrative  Space Construction - St Louis John Cochran,https://sam.gov/workspace/contract/opp/bdae09b04ce04ca6b2958fdd3c300db3/view,"VETERANS AFFAIRS, DEPARTMENT OF",bdae09b04ce04ca6b2958fdd3c300db3,Presolicitation,2026-09-29,2026-10-07,"VETERANS AFFAIRS, DEPARTMENT OF.VETERANS AFFAIRS, DEPARTMENT OF.PCAC (36C776) | NAICS 236220 | PSC Z2DA | set-aside: none | INDEPENDENCE, OH","Presolicitation for repair or alteration of hospitals and infirmaries from Pcac (36C776); Independence, OH.",[],[],0c0c958a2b5a375d,False,True
sam.gov,"General Services Administration (GSA) seeks to lease office space in Portland, OR",https://sam.gov/workspace/contract/opp/b12813e93bc94dfca84cfafb0a67683f/view,GENERAL SERVICES ADMINISTRATION,b12813e93bc94dfca84cfafb0a67683f,Solicitation,2026-09-29,2026-10-19,"GENERAL SERVICES ADMINISTRATION.PUBLIC BUILDINGS SERVICE.PBS R00 CENTER FOR BROKER SERVICES | NAICS 531120 | PSC X1AA | set-aside: none | WASHINGTON, DC","Solicitation for lease/rental of office buildings from Pbs R00 Center For Broker Services; Washington, DC.",[],[],1fb0b133a2b20693,False,True
sam.gov,"Lease of Office Space within Houston, TX. Request for Lease Proposals (RLP) #26NAT01",https://sam.gov/workspace/contract/opp/a33f643a9a5e49efaba976f897830244/view,GENERAL SERVICES ADMINISTRATION,a33f643a9a5e49efaba976f897830244,Combined Synopsis/Solicitation,2026-09-29,2026-10-07,"GENERAL SERVICES ADMINISTRATION.PUBLIC BUILDINGS SERVICE.PBS OFFICE OF LEASING | NAICS 531120 | PSC X1AA | set-aside: none | WASHINGTON, DC","Combined synopsis/solicitation for lease/rental of office buildings from Pbs Office Of Leasing; Washington, DC.",[],[],8c8324ef12b66586,False,True
sam.gov,Administrative Space Expansion - Combined Special Operations Group (CSOG),https://sam.gov/workspace/contract/opp/8cd9c05ac834454688a44162c120f638/view,DEPT OF DEFENSE,8cd9c05ac834454688a44162c120f638,Solicitation,2026-09-29,2026-10-09,"DEPT OF DEFENSE.DEFENSE INFORMATION SYSTEMS AGENCY (DISA).IT CONTRACTING DIVISION - PL83 | NAICS 561210 | PSC Z2AA | set-aside: Small Business Set Aside - Total | SCOTT AFB, IL","Solicitation for repair or alteration of office buildings from It Contracting Division - Pl83; small business set aside - total; Scott Afb, IL.",[],[],1b9a2faca8c1f1f6,False,True
sam.gov,"Milwaukee, WI BLM Warehouse Space",https://sam.gov/workspace/contract/opp/8259063531334933b91b05ef8fc394c2/view,"INTERIOR, DEPARTMENT OF THE",8259063531334933b91b05ef8fc394c2,Sources Sought,2026-09-29,2026-09-29,"INTERIOR, DEPARTMENT OF THE.BUREAU OF LAND MANAGEMENT.NATIONAL OPERATIONS CENTER | NAICS None | PSC None | set-aside: none | DENVER, CO","Sources-sought notice (market research) for goods or services from National Operations Center; Denver, CO.",[],[],6e2a7a000e5b0239,False,True
sam.gov,Lessors of Nonresidential Office Space for Lease,https://sam.gov/workspace/contract/opp/53a1c2cdad224ee1a16527cdd7d6fe31/view,DEPT OF DEFENSE,53a1c2cdad224ee1a16527cdd7d6fe31,Sources Sought,2026-09-29,2026-10-07,"DEPT OF DEFENSE.DEPT OF THE ARMY.US ARMY CORPS OF ENGINEERS.ENGINEER DIVISION NORTHWESTERN.ENDIST KANSAS CITY.W071 ENDIST KANSAS CITY | NAICS 53112 | PSC None | set-aside: none | KANSAS CITY, MO","Sources-sought notice (market research) for goods or services from W071 Endist Kansas City; Kansas City, MO.",[],[],25841bf5e57888f1,False,True
sam.gov,Lease for office space - 3313 sf Required,https://sam.gov/workspace/contract/opp/46dc6b59b7534cb79b2e3c18df69397b/view,DEPT OF DEFENSE,46dc6b59b7534cb79b2e3c18df69397b,Solicitation,2026-09-29,2026-10-13,"DEPT OF DEFENSE.DEPT OF THE ARMY.US ARMY CORPS OF ENGINEERS.ENGINEER DIVISION NORTHWESTERN.ENDIST OMAHA.W071 ENDIST OMAHA | NAICS 531120 | PSC X1PZ | set-aside: none | OMAHA, NE","Solicitation for lease/rental of other non-building facilities from W071 Endist Omaha; Omaha, NE.",[],[],14f345f7785fbc90,False,True
sam.gov,General Services Administration (GSA) seeks to lease the following space: Solicitation No. 3LA0262,https://sam.gov/workspace/contract/opp/1bcac2a80d4042c78397bbe319fc2ca3/view,GENERAL SERVICES ADMINISTRATION,1bcac2a80d4042c78397bbe319fc2ca3,Presolicitation,2026-09-29,2026-10-07,"GENERAL SERVICES ADMINISTRATION.PUBLIC BUILDINGS SERVICE.PBS OFFICE OF LEASING | NAICS 531120 | PSC X1AA | set-aside: No Set aside used | WASHINGTON, DC","Presolicitation for lease/rental of office buildings from Pbs Office Of Leasing; Washington, DC.",[],[],bf6ca515a72bf23a,False,True
sam.gov,Lease for office space - 572 SF Required,https://sam.gov/workspace/contract/opp/0e517c7e482f4f94932c60a3fefa274b/view,DEPT OF DEFENSE,0e517c7e482f4f94932c60a3fefa274b,Solicitation,2026-09-29,2026-10-13,"DEPT OF DEFENSE.DEPT OF THE ARMY.US ARMY CORPS OF ENGINEERS.ENGINEER DIVISION NORTHWESTERN.ENDIST OMAHA.W071 ENDIST OMAHA | NAICS 531120 | PSC X1PZ | set-aside: none | OMAHA, NE","Solicitation for lease/rental of other non-building facilities from W071 Endist Omaha; Omaha, NE.",[],[],f8cb760083d92560,False,True
sam.gov,"General Services Administration (GSA) seeks to lease 383,043 ABOA SF of underground storage space in Independence, MO",https://sam.gov/workspace/contract/opp/0d165c4320494e449c2dfe415555d289/view,GENERAL SERVICES ADMINISTRATION,0d165c4320494e449c2dfe415555d289,Presolicitation,2026-09-29,2026-10-13,"GENERAL SERVICES ADMINISTRATION.PUBLIC BUILDINGS SERVICE.PBS R00 CENTER FOR BROKER SERVICES | NAICS 531130 | PSC X1GZ | set-aside: No Set aside used | WASHINGTON, DC","Presolicitation for lease/rental of other warehouse buildings from Pbs R00 Center For Broker Services; Washington, DC.",[],[],4e7748dd5b127d7d,False,True
sam.gov,OFFICE SPACE - ST LOUIS MO,https://sam.gov/workspace/contract/opp/030881195c3043a1a7687069fe81aa4a/view,DEPT OF DEFENSE,030881195c3043a1a7687069fe81aa4a,Presolicitation,2026-09-29,2026-10-29,"DEPT OF DEFENSE.DEPT OF THE ARMY.US ARMY CORPS OF ENGINEERS.ENGINEER DIVISION GREAT LAKES AND OHIO.ENDIST LOUISVILLE.W072 ENDIST LOUISVILLE | NAICS 531190 | PSC X1AA | set-aside: none | LOUISVILLE, KY","Presolicitation for lease/rental of office buildings from W072 Endist Louisville; Louisville, KY.",[],[],207e6c9f1c2cb788,False,True
sam.gov,"Notice of Intent to Lease Space Using Other Than Full and Open Competition: TSA Hyannis, MA Project 5MA0205",https://sam.gov/workspace/contract/opp/f749e02f1c2449e4a909b4443e7390dc/view,GENERAL SERVICES ADMINISTRATION,f749e02f1c2449e4a909b4443e7390dc,Special Notice,2026-09-28,2026-10-12,"GENERAL SERVICES ADMINISTRATION | NAICS 531120 | PSC X1AA | set-aside: none | , ",Special notice for lease/rental of office buildings.,[],[],d8048a6b49a81d38,False,True
sam.gov,Space Port of the Future Infrastructure (SPOTFi) Campus (AM01),https://sam.gov/workspace/contract/opp/e787348698764383a1a96360e0fd2f11/view,DEPT OF DEFENSE,e787348698764383a1a96360e0fd2f11,Solicitation,2026-09-28,2026-10-09,"DEPT OF DEFENSE.DEPT OF THE ARMY.US ARMY CORPS OF ENGINEERS.ENGINEER DIVISION SOUTH ATLANTIC.ENDIST MOBILE.W074 ENDIST MOBILE | NAICS 236220 | PSC Y1JZ | set-aside: none | MOBILE, AL","Solicitation for construction of miscellaneous buildings from W074 Endist Mobile; Mobile, AL.",['space'],[],aacbdf7734ab7150,False,True
sam.gov,Lease of Office Space. Request for Lease Proposals (RLP) #26NAT01 - Office Space,https://sam.gov/workspace/contract/opp/adca1355345e463a83a1398eb4211c53/view,GENERAL SERVICES ADMINISTRATION,adca1355345e463a83a1398eb4211c53,Combined Synopsis/Solicitation,2026-09-28,2026-10-07,"GENERAL SERVICES ADMINISTRATION.PUBLIC BUILDINGS SERVICE.PBS OFFICE OF LEASING | NAICS 531120 | PSC X1AA | set-aside: none | WASHINGTON, DC","Combined synopsis/solicitation for lease/rental of office buildings from Pbs Office Of Leasing; Washington, DC.",[],[],67ff6a391c3b7662,False,True
sam.gov,"Lease of Office Space within Raleigh, NC. Request for Lease Proposals (RLP) #26NAT02",https://sam.gov/workspace/contract/opp/82c27ebf2fb84c7880431fa596ca4313/view,GENERAL SERVICES ADMINISTRATION,82c27ebf2fb84c7880431fa596ca4313,Combined Synopsis/Solicitation,2026-09-28,2026-11-09,"GENERAL SERVICES ADMINISTRATION.PUBLIC BUILDINGS SERVICE.PBS OFFICE OF LEASING | NAICS 531120 | PSC X1AA | set-aside: none | WASHINGTON, DC","Combined synopsis/solicitation for lease/rental of office buildings from Pbs Office Of Leasing; Washington, DC.",[],[],e781199b46b41cf9,False,True
sam.gov,"United States Government Seeks To Lease Office Space In Taunton, MA",https://sam.gov/workspace/contract/opp/7fe4cedbf11749d29d9794220ec565fe/view,GENERAL SERVICES ADMINISTRATION,7fe4cedbf11749d29d9794220ec565fe,Presolicitation,2026-09-28,2026-10-13,"GENERAL SERVICES ADMINISTRATION.PUBLIC BUILDINGS SERVICE.PBS OFFICE OF LEASING | NAICS 531120 | PSC X1AA | set-aside: none | WASHINGTON, DC","Presolicitation for lease/rental of office buildings from Pbs Office Of Leasing; Washington, DC.",[],[],ef6c42ee33d9af6a,False,True
sam.gov,"Seeking Competitive Lease Proposals – Administrative Office Space in in Atlanta, GA - Request for Lease Proposals No. 26NAT02",https://sam.gov/workspace/contract/opp/7f142162092a47f5a0e50a1894d217bf/view,GENERAL SERVICES ADMINISTRATION,7f142162092a47f5a0e50a1894d217bf,Combined Synopsis/Solicitation,2026-09-28,2026-10-07,"GENERAL SERVICES ADMINISTRATION.PUBLIC BUILDINGS SERVICE.PBS OFFICE OF LEASING | NAICS 531120 | PSC X1AA | set-aside: none | WASHINGTON, DC","Combined synopsis/solicitation for lease/rental of office buildings from Pbs Office Of Leasing; Washington, DC.",[],[],389cba519f6d7e7f,False,True
sam.gov,54--IA - Temp Modular Office Space 36X56 ft,https://sam.gov/workspace/contract/opp/7100426722674dd1a4932c25166c42ca/view,"INTERIOR, DEPARTMENT OF THE",7100426722674dd1a4932c25166c42ca,Sources Sought,2026-09-28,2026-07-21,"INTERIOR, DEPARTMENT OF THE.US FISH AND WILDLIFE SERVICE.FWS, OVER SAT G/S | NAICS 321991 | PSC 5410 | set-aside: none | Falls Church, VA","Sources-sought notice (market research) for prefabricated and portable buildings from Fws, Over Sat G/S; Falls Church, VA.",[],[],6591a5c28aa864b2,False,True
sam.gov,"Seeking Competitive Lease Proposals –- Management Hub Office Space -- in in Atlanta, GA - Request for Lease Proposals No. 26NAT02",https://sam.gov/workspace/contract/opp/4f280a1ab32b4019886de853907f4f8f/view,GENERAL SERVICES ADMINISTRATION,4f280a1ab32b4019886de853907f4f8f,Combined Synopsis/Solicitation,2026-09-28,2026-10-07,"GENERAL SERVICES ADMINISTRATION.PUBLIC BUILDINGS SERVICE.PBS OFFICE OF LEASING | NAICS 531120 | PSC X1AA | set-aside: none | WASHINGTON, DC","Combined synopsis/solicitation for lease/rental of office buildings from Pbs Office Of Leasing; Washington, DC.",[],[],e6129296923d39b7,False,True
sam.gov,"UNITED STATES GOVERNMENT SEEKS TO LEASE OFFICE SPACE IN BEDFORD, NH",https://sam.gov/workspace/contract/opp/434da325169f4599bb5d39131646a0a1/view,GENERAL SERVICES ADMINISTRATION,434da325169f4599bb5d39131646a0a1,Presolicitation,2026-09-28,2026-10-09,"GENERAL SERVICES ADMINISTRATION.PUBLIC BUILDINGS SERVICE.PBS OFFICE OF LEASING | NAICS 531120 | PSC X1AA | set-aside: none | WASHINGTON, DC","Presolicitation for lease/rental of office buildings from Pbs Office Of Leasing; Washington, DC.",[],[],9eeafbaef21dff3a,False,True
sam.gov,"Lease of Office Space within Norfolk, VA. Request for Lease Proposals (RLP) #26NAT02",https://sam.gov/workspace/contract/opp/27ea80f1c11945479bf18170c7d6cc24/view,GENERAL SERVICES ADMINISTRATION,27ea80f1c11945479bf18170c7d6cc24,Combined Synopsis/Solicitation,2026-09-28,2026-11-09,"GENERAL SERVICES ADMINISTRATION.PUBLIC BUILDINGS SERVICE.PBS OFFICE OF LEASING | NAICS 531120 | PSC X1AA | set-aside: none | WASHINGTON, DC","Combined synopsis/solicitation for lease/rental of office buildings from Pbs Office Of Leasing; Washington, DC.",[],[],b6cb6a46fad1b199,False,True
sam.gov,CANCELLATION OF SOLICITATION NOTICE: 191N6026Q0008 – PR16205552 - Physical space design and furnishing work at American Center Chennai,https://sam.gov/workspace/contract/opp/1aff01da2b254c46906e5e5dccaf571c/view,"STATE, DEPARTMENT OF",1aff01da2b254c46906e5e5dccaf571c,Special Notice,2026-09-28,2026-10-28,"STATE, DEPARTMENT OF.STATE, DEPARTMENT OF.AMERICAN CONSULATE CHENNAI | NAICS 541410 | PSC N071 | set-aside: No Set aside used | WASHINGTON, DC","Special notice for installation of equipment: furniture from American Consulate Chennai; Washington, DC.",['space'],[],12d104cc3824582a,False,False
sam.gov,GPS Satellite Simulator Notice,https://sam.gov/workspace/contract/opp/23f4a6bccab74856bfa774902fccd296/view,DEPT OF DEFENSE,23f4a6bccab74856bfa774902fccd296,Combined Synopsis/Solicitation,2026-10-01,2026-10-16,"DEPT OF DEFENSE.DEPT OF THE AIR FORCE.AIR FORCE MATERIEL COMMAND.AIR FORCE LIFE CYCLE MANAGEMENT CENTER.HANSCOM AIR FORCE LIFE CYCLE MANAGEMENT CENTER.COMMAND, CONTROL AND COMMUNICATION BATTLE MANAGEMENT - HANSCOM AIR FORCE B.FA2291 AFLCMC C3NK | NAICS 334220 | PSC 7C20 | set-aside: No Set aside used | HANSCOM AFB, MA","Combined synopsis/solicitation for hardware, software, and other equipment for tiered or enterprise data center facilities that house and protect critical it equipment. from Aflcmc C3Nk; Hanscom Afb, MA.","['satellite', 'gps']","['software', 'battle management']",e08401dcdd0fddac,True,True
sam.gov,Army Contracting Command (ACC) Aberdeen Proving Ground (APG) High Altitude Electromagnetic Pulse (HEMP) hardened medium fixed Satellite Communications Earth Terminals Request for Information (RFI),https://sam.gov/workspace/contract/opp/6294a5d633c64829a7dbdd36de161034/view,DEPT OF DEFENSE,6294a5d633c64829a7dbdd36de161034,Sources Sought,2026-09-29,2026-10-15,"DEPT OF DEFENSE.DEPT OF THE ARMY.AMC.ACC.ACC-CTRS.ACC-APG.W6QK ACC-APG | NAICS 517410 | PSC None | set-aside: No Set aside used | ABERDEEN PROVING GROU, MD","Sources-sought notice (market research) for satellite telecommunications from W6Qk Acc-Apg; Aberdeen Proving Grou, MD.",['satellite'],[],7a5a96284a1820f6,False,True
sam.gov,MK 41 VERTICAL LAUNCH SYSTEM (VLS) OVERHAUL,https://sam.gov/workspace/contract/opp/ebdbe9c1f181494994143cc48a03786e/view,DEPT OF DEFENSE,ebdbe9c1f181494994143cc48a03786e,Solicitation,2026-09-28,2026-10-29,"DEPT OF DEFENSE.DEPT OF THE NAVY.NAVSEA.REGIONAL MAINTENANCE CENTER.SOUTHEAST REGIONAL MAINT CENTER | NAICS 336611 | PSC J998 | set-aside: No Set aside used | MAYPORT, FL","Solicitation for non-nuclear ship repair ship repair performed on non-nuclear propelled and nonpropelled ships east of the 108th meridian from Southeast Regional Maint Center; Mayport, FL.",['launch'],[],7b5ad877dab0cf97,False,True
sam.gov,Request for Information (RFI) for Silent Anvil Air-Launched Torpedo (SAA-LT) Standoff Delivery Solutions,https://sam.gov/workspace/contract/opp/de6d74241e9b46319d99d1e29a6ea0b6/view,DEPT OF DEFENSE,de6d74241e9b46319d99d1e29a6ea0b6,Sources Sought,2026-09-28,2026-10-02,"DEPT OF DEFENSE.DEPT OF THE NAVY.NAVAIR.NAVAIR HQS.NAVAL AIR SYSTEMS COMMAND | NAICS 336414 | PSC 1410 | set-aside: none | PATUXENT RIVER, MD","Sources-sought notice (market research) for guided missiles from Naval Air Systems Command; Patuxent River, MD.",['launch'],[],e6a368fa804ecc95,False,True
sam.gov,Notice of Intent to award a Brand Name contract to Norbit Multibeam Echo System and Accessories,https://sam.gov/workspace/contract/opp/fc48a909639f4b49bad73f4fc3b46000/view,DEPT OF DEFENSE,fc48a909639f4b49bad73f4fc3b46000,Special Notice,2026-09-27,2026-09-27,"DEPT OF DEFENSE.WASHINGTON HEADQUARTERS SERVICES (WHS).WASHINGTON HEADQUARTERS SERVICES | NAICS 334511 | PSC 5845 | set-aside: No Set aside used | WASHINGTON, DC","Special notice for underwater sound equipment from Washington Headquarters Services; Washington, DC.",[],[],37811a38ee495f4d,False,False
sam.gov,Norbit Multibeam Echo Equipment and Accessories,https://sam.gov/workspace/contract/opp/ba8c7cfe7fc946c1b75b7380dda23666/view,DEPT OF DEFENSE,ba8c7cfe7fc946c1b75b7380dda23666,Combined Synopsis/Solicitation,2026-09-27,2026-09-29,"DEPT OF DEFENSE.WASHINGTON HEADQUARTERS SERVICES (WHS).WASHINGTON HEADQUARTERS SERVICES | NAICS 334511 | PSC 5845 | set-aside: No Set aside used | WASHINGTON, DC","Combined synopsis/solicitation for underwater sound equipment from Washington Headquarters Services; Washington, DC.",[],[],005f18b23ddf480c,False,False
sam.gov,F-15EX Missile Warning System,https://sam.gov/workspace/contract/opp/1f35a40030d34cb19167619d5266f2c6/view,DEPT OF DEFENSE,1f35a40030d34cb19167619d5266f2c6,Sources Sought,2026-09-29,2026-11-12,"DEPT OF DEFENSE.DEPT OF THE AIR FORCE.AIR FORCE MATERIEL COMMAND.AIR FORCE LIFE CYCLE MANAGEMENT CENTER.FIGHTER AND ADVANCED AIRCRAFT.FA8634 AFLCMC WAQK F15 | NAICS 334511 | PSC 5865 | set-aside: No Set aside used | WRIGHT PATTERSON AFB, OH","Sources-sought notice (market research) for electronic countermeasures, counter-countermeasures and quick reaction capability equipment from Aflcmc Waqk F15; Wright Patterson Afb, OH.",['missile warning'],[],44a5e2835a94e005,False,True
nspires,A.18 Geosphere,https://nspires.nasaprs.com/external/solicitations/summary!init.do?solId=%7B96E486D6-50BE-ACA9-743C-3BB366950868%7D&path=open,NASA,NNH25ZDA001N-GEO,NRA,2026-10-02,2026-11-16,NNH25ZDA001N-GEO — status: Open,NASA research announcement NNH25ZDA001N-GEO open for proposals on NSPIRES.,[],[],9321f4473fbfbdf0,False,True
nspires,Human Research Program Single-Source - by invitation only (FY 2027),https://nspires.nasaprs.com/external/solicitations/summary!init.do?solId=%7BA7D793A9-F744-9698-38AC-411C10ADBBC8%7D&path=open,NASA,HRPSS27,NRA,2026-10-01,,HRPSS27 — status: Open,NASA research announcement HRPSS27 open for proposals on NSPIRES.,[],[],89a71b0b570f77f4,False,True
nspires,NASA Innovative Advanced Concepts (NIAC) Phase I,https://nspires.nasaprs.com/external/solicitations/summary!init.do?solId=%7B22E11D9D-DD58-DEFE-6B49-B6F9763F53BE%7D&path=open,NASA,NNH26ZTR001N-27NIAC_A1,NRA,2026-09-28,2026-10-28,NNH26ZTR001N-27NIAC_A1 — status: Due in 30 Days,NASA research announcement NNH26ZTR001N-27NIAC_A1 open for proposals on NSPIRES.,[],[],7b535195e2ccd1de,False,True
nspires,A.17 Hydrosphere,https://nspires.nasaprs.com/external/solicitations/summary!init.do?solId=%7B19309C30-9666-C72E-DB44-3AE2E4DD155C%7D&path=open,NASA,NNH25ZDA001N-HYDRO,NRA,2026-09-02,2026-10-08,NNH25ZDA001N-HYDRO — status: Due in 30 Days,NASA research announcement NNH25ZDA001N-HYDRO open for proposals on NSPIRES.,[],[],0f4965ede3462255,False,False
nspires,A.16 Cryosphere,https://nspires.nasaprs.com/external/solicitations/summary!init.do?solId=%7BF94216CA-4701-DF21-96C6-C8A791B1D8AE%7D&path=open,NASA,NNH25ZDA001N-CRYO,NRA,2026-09-01,2026-10-16,NNH25ZDA001N-CRYO — status: Due in 30 Days,NASA research announcement NNH25ZDA001N-CRYO open for proposals on NSPIRES.,[],[],36d20486b9201a0e,False,False
nspires,Solar System Exploration Research Virtual Institute Cooperative Agreement Notice-5 (SSERVI CAN-5),https://nspires.nasaprs.com/external/solicitations/summary!init.do?solId=%7BAB203FB1-0B66-BF02-1A26-EBA50EE72C35%7D&path=open,NASA,NNH26ZDA016C,CAN,2026-08-27,2026-09-29,NNH26ZDA016C — status: Open,NASA cooperative agreement notice NNH26ZDA016C open for proposals on NSPIRES.,[],[],965c862986c026a4,False,False
nspires,Research Initiation Award 2024 Extension - Invitation Only,https://nspires.nasaprs.com/external/solicitations/summary!init.do?solId=%7BEB1F0846-36E5-2E9A-30B0-C1DD9BFB40E6%7D&path=open,NASA,RIA24E,NRA,2026-08-07,2026-10-01,RIA24E — status: Closed,NASA research announcement RIA24E open for proposals on NSPIRES.,[],[],d2f9ad266f15589b,False,False
nspires,D.8 Habitable Worlds Observatory Precursor Science Investigations,https://nspires.nasaprs.com/external/solicitations/summary!init.do?solId=%7B7BC438A4-AB22-310E-DE69-08E348C1F294%7D&path=open,NASA,NNH25ZDA001N-HWOPSI,NRA,2026-07-24,2026-10-26,NNH25ZDA001N-HWOPSI — status: Due in 30 Days,NASA research announcement NNH25ZDA001N-HWOPSI open for proposals on NSPIRES.,[],[],afedbe05dd4c13de,False,False
nspires,A.13 Accelerating Earth Solutions,https://nspires.nasaprs.com/external/solicitations/summary!init.do?solId=%7B33D1A64A-D7B2-199F-7E02-90E363FB86BC%7D&path=open,NASA,NNH25ZDA001N-AES,NRA,2026-07-17,2026-10-15,NNH25ZDA001N-AES — status: Due in 30 Days,NASA research announcement NNH25ZDA001N-AES open for proposals on NSPIRES.,[],[],879e47f77d3d27ae,False,False
nspires,NASA Unsolicited Proposals,https://nspires.nasaprs.com/external/solicitations/summary!init.do?solId=%7B006B4304-ADC2-FFD7-6287-D2F2C1BCF1B4%7D&path=open,NASA,UNSOL_FY2026,NRA,2026-02-25,2026-09-30,UNSOL_FY2026 — status: Closed,NASA research announcement UNSOL_FY2026 open for proposals on NSPIRES.,[],[],e75ddbf5ce4eeb36,False,False
nspires,XMM-Newton C Targets for Fiscal Year 2026,https://nspires.nasaprs.com/external/solicitations/summary!init.do?solId=%7BF555CBC4-C585-4425-3525-DA44D971B1A2%7D&path=open,NASA,XMMNCT_FY26,OTHER,2025-10-01,2026-09-30,XMMNCT_FY26 — status: Closed,NASA solicitation XMMNCT_FY26 open for proposals on NSPIRES.,[],[],773236f934f478da,False,False
nspires,D.9 Habitable Worlds Observatory Instrument Concept Assessments,https://nspires.nasaprs.com/external/solicitations/summary!init.do?solId=%7BBE2AA4DC-81E7-2AF3-B465-8AA6478270A4%7D&path=open,NASA,NNH25ZDA001N-HWOICA,NRA,2025-08-14,2026-10-14,NNH25ZDA001N-HWOICA — status: Due in 30 Days,NASA research announcement NNH25ZDA001N-HWOICA open for proposals on NSPIRES.,[],[],1f3d781a2d5104e6,False,False
nspires,D.4 Theoretical and Computational Astrophysics Networks,https://nspires.nasaprs.com/external/solicitations/summary!init.do?solId=%7B5509DEBF-B8B4-2F3D-0EFB-350EFE67DCD5%7D&path=open,NASA,NNH25ZDA001N-TCAN,NRA,2025-07-10,2026-10-15,NNH25ZDA001N-TCAN — status: Due in 30 Days,NASA research announcement NNH25ZDA001N-TCAN open for proposals on NSPIRES.,[],[],d5baae19b6440fac,False,False
nasa-sbir,2025 NASA SBIR Ignite Phase II Solicitation,https://www.nasa.gov/sbir_sttr/sbir-ignite/,NASA,https://www.nasa.gov/sbir_sttr/sbir-ignite/,,,,SBIR Ignite | 2025 NASA SBIR Ignite Phase II Solicitation 9/3/26 10/15/26 Nov. 2026,"NASA SBIR/STTR program solicitation; opens 9/3/26, closes 10/15/26.",[],[],8dcdd4ed741e457a,False,False
nasa-sbir,2025 NASA STTR Phase II Solicitation,https://www.nasa.gov/sbir_sttr/phase-ii/#phaseiisolicitations,NASA,https://www.nasa.gov/sbir_sttr/phase-ii/#phaseiisolicitations,,,,Phase II | 2025 NASA STTR Phase II Solicitation 9/15/26 10/28/26 Dec. 2026,"NASA SBIR/STTR program solicitation; opens 9/15/26, closes 10/28/26.",[],[],3759f654aa02d9d5,False,False
nasa-sbir,STMD Solicitations and Opportunities,https://www.nasa.gov/stmd-solicitations-and-opportunities/,NASA,https://www.nasa.gov/stmd-solicitations-and-opportunities/,,,,Space Technology Mission Directorate STMD Solicitations and Opportunities Technology Transfer & Spinoffs Technology,NASA SBIR/STTR program solicitation.,[],[],72e6461179dac593,False,False
nasa-sbir-sttr-portal,Space Technology Mission…,https://www.nasa.gov/space-technology-mission-directorate/,NASA,https://www.nasa.gov/space-technology-mission-directorate/,,,,,Page on the NASA SBIR/STTR portal.,['space'],[],df6c8395de8f7bbf,False,False
nasa-sbir-sttr-portal,SBIR/STTR Home,https://www.nasa.gov/sbir_sttr/,NASA,https://www.nasa.gov/sbir_sttr/,,,,,Page on the NASA SBIR/STTR portal.,"['sbir', 'sttr']",[],40824c6331371635,False,False
nasa-sbir-sttr-portal,Phase II,https://www.nasa.gov/sbir_sttr/phase-ii/,NASA,https://www.nasa.gov/sbir_sttr/phase-ii/,,,,,Page on the NASA SBIR/STTR portal.,"['phase i', 'phase ii']",[],c284c699040b7762,False,False
nasa-sbir-sttr-portal,Post Phase II,https://www.nasa.gov/sbir_sttr/post-phase-ii/,NASA,https://www.nasa.gov/sbir_sttr/post-phase-ii/,,,,,Page on the NASA SBIR/STTR portal.,"['phase i', 'phase ii']",[],90a9a8c0f32ebed5,False,False
nasa-sbir-sttr-portal,Phase III,https://www.nasa.gov/sbir_sttr/phase-iii/,NASA,https://www.nasa.gov/sbir_sttr/phase-iii/,,,,,Page on the NASA SBIR/STTR portal.,"['phase i', 'phase ii']",[],889cd36a50608217,False,False
nasa-sbir-sttr-portal,SBIR Ignite,https://www.nasa.gov/sbir_sttr/sbir-ignite/,NASA,https://www.nasa.gov/sbir_sttr/sbir-ignite/,,,,,Page on the NASA SBIR/STTR portal.,"['sbir', 'ignite']",[],aee61ca21bce2486,False,False
nasa-sbir-sttr-portal,Phase II-E Submissions,https://www.nasa.gov/sbir_sttr/phase-ii-e/,NASA,https://www.nasa.gov/sbir_sttr/phase-ii-e/,,,,Post Phase II | Phase II-E Submissions — 8/11/26 Oct. 2026,Page on the NASA SBIR/STTR portal.,"['phase i', 'phase ii']",[],b56cf5daab3528c0,False,False
nasa-sbir-sttr-portal,2026 Phase II Sequential Call for White Papers,https://www.nasa.gov/sbir_sttr/phase-ii-sequential/,NASA,https://www.nasa.gov/sbir_sttr/phase-ii-sequential/,,,,Phase II Sequential | 2026 Phase II Sequential Call for White Papers 8/12/26 9/11/26 July 2027,Page on the NASA SBIR/STTR portal.,"['phase i', 'phase ii']",[],899f84aadc9efa15,False,False
nasa-sbir-sttr-portal,2025 NASA STTR Phase II Solicitation,https://www.nasa.gov/sbir_sttr/phase-ii/#phaseiisolicitations,NASA,https://www.nasa.gov/sbir_sttr/phase-ii/#phaseiisolicitations,,,,Phase II | 2025 NASA STTR Phase II Solicitation 9/15/26 10/28/26 Dec. 2026,Page on the NASA SBIR/STTR portal.,"['sttr', 'solicitation', 'phase i', 'phase ii']",[],ef9024e271b084a5,False,False
nasa-sbir-sttr-portal,Explore the SBIR Partnering Platform Here,https://www.sbirpartnering.org/nasa,NASA,https://www.sbirpartnering.org/nasa,,,,"The NASA SBIR/STTR Program has joined the SBIR Partnering Platform! We are excited to announce an opportunity for our small businesses to connect with other innovators and partners. NASA SBIR/STTR has joined the SBIR Partnering Platform. This public, multi-agency platform facilitates partnering betw",The NASA SBIR/STTR Program has joined the SBIR Partnering Platform!,['sbir'],[],25df82b3552d7480,False,False
nasa-sbir-sttr-portal,Learn More on SBIR.gov,https://www.sbir.gov/,NASA,https://www.sbir.gov/,,,,"We are one piece of the SBIR/STTR pie America’s Seed Fund is coordinated by the U.S. Small Business Administration (SBA), which provides resources and support to the NASA SBIR/STTR program and 10 other participating Federal agencies. The SBA tracks SBIR/STTR awards across the government, provides he","We are one piece of the SBIR/STTR pie America’s Seed Fund is coordinated by the U.S. Small Business Administration (SBA), which provides resources and support to the NASA SBIR/STTR program and 10 other participating…",['sbir'],[],295f237fd813dd26,False,False
nasa-sbir-sttr-portal,STMD Solicitations and Opportunities,https://www.nasa.gov/stmd-solicitations-and-opportunities/,NASA,https://www.nasa.gov/stmd-solicitations-and-opportunities/,,,,Space Technology Mission Directorate STMD Solicitations and Opportunities Technology Transfer & Spinoffs Technology,Space Technology Mission Directorate STMD Solicitations and Opportunities Technology Transfer & Spinoffs Technology.,"['solicitation', 'opportunit']",[],c740076732f219d6,False,False
spacewerx,Announcing the Teams Advancing in the Adaptive and Intelligent Space Challenge,https://afwerxchallenge.com/ais-challenge-selections,USSF,https://afwerxchallenge.com/ais-challenge-selections,,,,"Announcing the Teams Advancing in the Adaptive and Intelligent Space Challenge SpaceWERX, in partnership with HQ SF/S9C, has selected the teams advancing in the Futures Series: Adaptive and Intelligent Space (AIS) Challenge, accelerating innovative technologies that will help shape the future of U.S","SpaceWERX, in partnership with HQ SF/S9C, has selected the teams advancing in the Futures Series: Adaptive and Intelligent Space (AIS) Challenge, accelerating innovative technologies that will help shape the future of…","['space', 'challenge']",[],07ac19ca43d4e2c2,False,False
spacewerx,Now Accepting Submissions: Space PY26.2 TACFI Notice of Opportunity (Rolling Basis),https://spacewerx.us/accelerate/stratfi-tacfi/,USSF,https://spacewerx.us/accelerate/stratfi-tacfi/,,,,"Now Accepting Submissions: Space PY26.2 TACFI Notice of Opportunity (Rolling Basis) The Space Program Year 26.2 Tactical Funding Increase Notice of Opportunity (PY26.2 TACFI NOO) features a continuous, rolling submission and evaluation system. Proposals will be reviewed as they are received, with th","The Space Program Year 26.2 Tactical Funding Increase Notice of Opportunity (PY26.2 TACFI NOO) features a continuous, rolling submission and evaluation system.",['space'],[],bfa4433d0400f6f5,False,False
spacewerx,Accelerate Space Capability with THE BR-DGE,https://www.thebr-dge.space/,USSF,https://www.thebr-dge.space/,,,,Accelerate Space Capability with THE BR-DGE Accelerate Space Capability with THE BR-DGE,SpaceWERX (Space Force innovation arm) announcement.,['space'],[],e8c5505ca74aea1b,False,False
sda,SDA Seeks Sources for the Performance Enhanced Real-time Ground Environment (PEREGRINE) Sentry Effort,https://sam.gov/workspace/contract/opp/2f199343f536422c9e0a5b6b400c8827/view,SDA,https://sam.gov/workspace/contract/opp/2f199343f536422c9e0a5b6b400c8827/view,,,,"SDA Seeks Sources for the Performance Enhanced Real-time Ground Environment (PEREGRINE) Sentry Effort Posted On: September 23, 2026 Responses Due: October 23, 2026",Space Development Agency opportunities-page item.,[],[],0046c262f9feeb7c,False,False
sda,SDA Requests Proposals for Resilient Missile Warning and Tracking (RMWT) Low Earth Orbit (LEO) Ground Entry Points,https://sam.gov/workspace/contract/opp/572d40abf7f94ea4bc090d62581ef5f3/view,SDA,https://sam.gov/workspace/contract/opp/572d40abf7f94ea4bc090d62581ef5f3/view,,,,"SDA Requests Proposals for Resilient Missile Warning and Tracking (RMWT) Low Earth Orbit (LEO) Ground Entry Points Posted On: September 18, 2026 Responses Due: November 2, 2026",Space Development Agency opportunities-page item.,"['orbit', 'missile warning', 'leo']",[],9f6d516d201b5b36,False,False
sda,"Space Development Agency, Proliferated Warfighter Space Architecture (PWSA) Systems, Technologies, and Emerging Capabilities (STEC) Broad Agency Announcement",https://sam.gov/workspace/contract/opp/78e66858d8df4a1aaa895327a3b7b2c2/view,SDA,https://sam.gov/workspace/contract/opp/78e66858d8df4a1aaa895327a3b7b2c2/view,,,,"Space Development Agency, Proliferated Warfighter Space Architecture (PWSA) Systems, Technologies, and Emerging Capabilities (STEC) Broad Agency Announcement Posted On: March 4, 2026 Original Date Offers Due: March 3, 2027",Space Development Agency opportunities-page item.,['space'],[],97f19fcf8f5bd80a,False,False
sda,SDA Issues Request for Information for Future Space-To-Air Optical Communication Terminals,https://sam.gov/workspace/contract/opp/b2acd02b415743f2973877db5273850e/view,SDA,https://sam.gov/workspace/contract/opp/b2acd02b415743f2973877db5273850e/view,,,,"SDA Issues Request for Information for Future Space-To-Air Optical Communication Terminals Posted On: January 28, 2026 Response Date: February 27, 2026",Space Development Agency opportunities-page item.,['space'],[],37f7e6187a468c32,False,False
sda,Opportunities Archive,https://www.sda.mil/opportunities-archive/,SDA,https://www.sda.mil/opportunities-archive/,,,,,Space Development Agency opportunities-page item.,[],[],368050e12848c92e,False,False
sda,All SDA contracts over $7 million are announced via the Department of Defense public notice process.,https://www.defense.gov/Newsroom/Contracts/,SDA,https://www.defense.gov/Newsroom/Contracts/,,,,,Space Development Agency opportunities-page item.,[],[],d3f68881864e8655,False,False
dod-sbir,ARM26BX03-DP007 xTech|Kinetic Reach Competition,https://www.dodsbirsttr.mil/topics-app/?baa=DOD_SBIR_2026_P1_CBX&release=3,DOD,ARM26BX03-DP007,SBIR topic (Pre-Release),2026-11-25,2026-12-23,ARMY | DoW SBIR 2026 CSO | Air Platform; Battlespace; Bio Medical; Chem Bio Defense; Electronics; Human Systems; Information Systems; Materials; Sensors; Space Platforms; Weapons | The U.S. Army is seeking innovative force sustainment solutions from eligible small businesses across the U.S. through the xTech Kinetic Reach competition. This platform offers participants the opportunity to engage wit,"ARMY SBIR topic under DoW SBIR 2026 CSO, pre-release: The U.S. Army is seeking innovative force sustainment solutions from eligible small businesses across the U.S. through the xTech Kinetic Reach competition.",['gps'],[],5e2fd4ad0feb2036,False,False
dod-sbir,"DAF26BX06-DV511 Low SWaP-C Tactical Awareness Payload for Proliferated, Agile Satellites (TAPPAS) for Space Domain Awareness",https://www.dodsbirsttr.mil/topics-app/?baa=DOD_SBIR_2026_P1_CBX&release=6,DOD,DAF26BX06-DV511,SBIR topic (Open),2026-09-23,2026-10-21,"USAF | DoW SBIR 2026 CSO | Space Platforms | The objective of this Direct to Phase II (D2P2) effort is to provide a production representative article of flight qualifiable hardware to be flown in the GEO space environment. The modern space domain requires a layered sensing architecture to ensure resilience. This D2P2 effort is focused on a critical element of that architecture: a compact, efficien","USAF SBIR topic under DoW SBIR 2026 CSO, open: The objective of this Direct to Phase II (D2P2) effort is to provide a production representative article of flight qualifiable hardware to be flown in the GEO space…","['space', 'satellite', 'orbit', 'space domain awareness', 'payload', 'constellation', 'geo']",[],5d519cc95b017ca5,False,False
dod-sbir,DAF26BX06-DV512 Cyberspace Warfare for Space,https://www.dodsbirsttr.mil/topics-app/?baa=DOD_SBIR_2026_P1_CBX&release=6,DOD,DAF26BX06-DV512,SBIR topic (Open),2026-09-23,2026-10-21,"USAF | DoW SBIR 2026 CSO | Space Platforms | SpaceWERX, in partnership with Cyberspace Warfare professionals within the U.S. Space Force (USSF), are seeking innovative solutions supporting the next generation capabilities to defend space systems from adversarial attack through the cyber domain. The desired outcome is to produce capabilities that advance the domain of defensive cyber warfare operat","USAF SBIR topic under DoW SBIR 2026 CSO, open: SpaceWERX, in partnership with Cyberspace Warfare professionals within the U.S. Space Force (USSF), are seeking innovative solutions supporting the next generation…","['space', 'orbit']",[],9ab094240518a79a,False,False
dod-sbir,DAF26BX06-DV513 Autonomous On Orbit Logistics and Sustainment Architecture,https://www.dodsbirsttr.mil/topics-app/?baa=DOD_SBIR_2026_P1_CBX&release=6,DOD,DAF26BX06-DV513,SBIR topic (Open),2026-09-23,2026-10-21,"USAF | DoW SBIR 2026 CSO | Space Platforms | The objective of this Direct to Phase II topic is to accelerate the development and demonstration of prototype ready technologies that enable a complete on orbit logistics enterprise. This enterprise must support autonomous resupply, refuel, repair, recovery, and reconstitution of United States space assets across Low Earth Orbit, Medium Earth Orbit, Ge","USAF SBIR topic under DoW SBIR 2026 CSO, open: The objective of this Direct to Phase II topic is to accelerate the development and demonstration of prototype ready technologies that enable a complete on orbit logistics…","['space', 'orbit', 'orbital', 'spacecraft']",[],fc8bd3fdaa776ff0,False,False
dod-sbir,"DAF26BX06-NV510 AI/ML for Next Generation of Missile Detection, Warning, Tracking, and Reporting",https://www.dodsbirsttr.mil/topics-app/?baa=DOD_SBIR_2026_P1_CBX&release=6,DOD,DAF26BX06-NV510,SBIR topic (Open),2026-09-23,2026-10-21,"USAF | DoW SBIR 2026 CSO | Space Platforms | SpaceWERX, in partnership with Space Systems Command's Space Sensing System Delta 84 and the OPIR Tap Lab, are seeking innovative solutions supporting the next generation of missile detection, warning, tracking, and reporting. The objective of this SBIR Phase I effort is to evaluate the feasibility of applying innovative data processing techniques inclu","USAF SBIR topic under DoW SBIR 2026 CSO, open: SpaceWERX, in partnership with Space Systems Command's Space Sensing System Delta 84 and the OPIR Tap Lab, are seeking innovative solutions supporting the next generation…","['space', 'overhead persistent infrared']",[],4ebf3e28aed654d3,False,False
dod-sbir,DAF26TX06-NV514 Space Domain Operational Environment Assessment,https://www.dodsbirsttr.mil/topics-app/?baa=DOD_STTR_2026_P1_CTX&release=6,DOD,DAF26TX06-NV514,STTR topic (Open),2026-09-23,2026-10-21,"USAF | DoW STTR 2026 CSO | Space Platforms | The objective of this Phase I effort is to develop methods, including integration of intelligence information, predictive analytics, anomaly detection, threat prediction and environmental monitoring for timely space domain awareness, threat detection and operational environment assessment to support multi-domain operations. Traditional sensing alone can","USAF STTR topic under DoW STTR 2026 CSO, open: The objective of this Phase I effort is to develop methods, including integration of intelligence information, predictive analytics, anomaly detection, threat prediction…","['space', 'space domain awareness']",[],fcbadd040aa5bc87,False,False
dod-sbir,DAF26TZ06-DV008 Counter Adversial GPS Jamming,https://www.dodsbirsttr.mil/topics-app/?baa=DOD_STTR_2026_P1_CTZ&release=6,DOD,DAF26TZ06-DV008,STTR topic (Open),2026-09-23,2026-10-21,"USAF | DoW STTR 2026 BAA | Battlespace; Information Systems; Sensors | Developing a general, effective, and robust antijamming framework for GPS signals is a problem of critical importance. This topic seeks proposals that utilize exceptional-point stochastic resonance and modern machine learning to overcome the vulnerabilities of GPS signals to strong adversarial jamming and spoofing. This will ul","USAF STTR topic under DoW STTR 2026 BAA, open: Developing a general, effective, and robust antijamming framework for GPS signals is a problem of critical importance.",['gps'],['machine learning'],0854a86959da5cdd,True,False
dod-sbir,DPA26TZ06-DV005 Fuel-Flexible Spacecraft Electric Propulsion System,https://www.dodsbirsttr.mil/topics-app/?baa=DOD_STTR_2026_P1_CTZ&release=6,DOD,DPA26TZ06-DV005,STTR topic (Open),2026-09-23,2026-10-21,"DARPA | DoW STTR 2026 BAA | Space Platforms | Develop a fuel-flexible spacecraft electric propulsion system capable of operating efficiently on air, water, or mixtures of water/carbon dioxide or nitrogen/hydrogen at >30% electrical efficiency.ITAR: The technology within this topic may be restricted under the International Traffic in Arms Regulation (ITAR), 22 CFR Parts 120-130, which controls the ","DARPA STTR topic under DoW STTR 2026 BAA, open: Develop a fuel-flexible spacecraft electric propulsion system capable of operating efficiently on air, water, or mixtures of water/carbon dioxide or nitrogen/hydrogen at…","['space', 'spacecraft', 'propulsion']",[],8e8d75d400186d6f,False,False
dod-sbir,"DPA26TZ06-DV006 Localization, Characterization, and Modeling of Freestream Disturbances in Hypersonic Wind Tunnels",https://www.dodsbirsttr.mil/topics-app/?baa=DOD_STTR_2026_P1_CTZ&release=6,DOD,DPA26TZ06-DV006,STTR topic (Open),2026-09-23,2026-10-21,"DARPA | DoW STTR 2026 BAA | Air Platform; Materials | Develop and demonstrate a robust methodology to localize, characterize and model upstream noise and flow disturbances in hypersonic wind tunnels, specifically targeting high-risk, hard-to-access regions upstream of the test section (e.g., driver, reservoir, nozzle throat and walls) where traditional optical access is restricted or unavailable. ","DARPA STTR topic under DoW STTR 2026 BAA, open: Develop and demonstrate a robust methodology to localize, characterize and model upstream noise and flow disturbances in hypersonic wind tunnels, specifically targeting…",['hypersonic'],[],90cf437797a4a8bb,False,False
dod-sbir,OSW26BZ06-DV027 Monolithic Graphene–CMOS Broadband (UV-LWIR) Focal Plane Arrays for target detection in low-light conditions,https://www.dodsbirsttr.mil/topics-app/?baa=DOD_SBIR_2026_P1_CBZ&release=6,DOD,OSW26BZ06-DV027,SBIR topic (Open),2026-09-23,2026-10-21,"OSD | DoW SBIR 2026 BAA | Air Platform; Battlespace; Electronics; Ground Sea; Materials; Sensors; Space Platforms; Weapons | Develop, fabricate, and demonstrate a wafer-scale, monolithically integrated graphene-on-CMOS image sensor that provides broadband imaging from 300 nm to 10,000 nm in a compact, low-power, uncooled focal plane array.","OSD SBIR topic under DoW SBIR 2026 BAA, open: Develop, fabricate, and demonstrate a wafer-scale, monolithically integrated graphene-on-CMOS image sensor that provides broadband imaging from 300 nm to 10,000 nm in a…",['space platforms'],[],47a52ce61e2c147e,False,False
dod-sbir,OSW26BZ06-DV033 Agentic AI Based Cognitive Radar for GEOINT Mission,https://www.dodsbirsttr.mil/topics-app/?baa=DOD_SBIR_2026_P1_CBZ&release=6,DOD,OSW26BZ06-DV033,SBIR topic (Open),2026-09-23,2026-10-21,"OSD | DoW SBIR 2026 BAA | Ground Sea; Sensors | Develop an agentic AI (artificial intelligence) based cognitive radar system for automatic selection of radar parameters, waveforms, and exploitation for resilient GEOINT applications.","OSD SBIR topic under DoW SBIR 2026 BAA, open: Develop an agentic AI (artificial intelligence) based cognitive radar system for automatic selection of radar parameters, waveforms, and exploitation for resilient GEOINT…",['geoint'],['artificial intelligence'],fa11630803012f06,True,False
dod-sbir,OSW26BZ06-DV034 Vision Language Model (VLM) for Synthetic Aperture Radar (SAR) target search and classification from Sensor Independent Complex Data (SICD),https://www.dodsbirsttr.mil/topics-app/?baa=DOD_SBIR_2026_P1_CBZ&release=6,DOD,OSW26BZ06-DV034,SBIR topic (Open),2026-09-23,2026-10-21,OSD | DoW SBIR 2026 BAA | Air Platform; Ground Sea; Space Platforms | Develop VLM based SAR imagery search and classification from sensor independent complex data (SICD),"OSD SBIR topic under DoW SBIR 2026 BAA, open: Develop VLM based SAR imagery search and classification from sensor independent complex data (SICD).",['space platforms'],[],66d4e6c15392ad8e,False,False
dod-sbir,SOC26BZ06-DV006 Resilient Integrated Photonic Transport In Denied Environments (RIPTIDE),https://www.dodsbirsttr.mil/topics-app/?baa=DOD_SBIR_2026_P1_CBZ&release=6,DOD,SOC26BZ06-DV006,SBIR topic (Open),2026-09-23,2026-10-21,"SOCOM | DoW SBIR 2026 BAA | None | The objective of this topic is to develop applied research toward an innovative capability that provides resilient, jam-resistant communications and cooperative navigation for distributed Group three (3) unmanned aerial system (UAS) formations operating in Global Positioning System (GPS)-denied environments across a theater-scale formation spanning two hundred (2","SOCOM SBIR topic under DoW SBIR 2026 BAA, open: The objective of this topic is to develop applied research toward an innovative capability that provides resilient, jam-resistant communications and cooperative navigation…","['space', 'gps', 'pnt']",[],72edadb89c533bd6,False,False
nstxl-spec,SpEC opportunities,https://nstxl.org/spec-opportunities-members/,USSF,https://nstxl.org/spec-opportunities-members/,,,,Are you a SpEC member? Click here to view SpEC opportunities .,Click here to view SpEC opportunities .,"['spec', 'opportunit']",[],f7b0a99351938a68,False,True
nstxl-spec,Consolidated Relay Ground Station-Modernization (CRGS-M),https://nstxl.org/opportunity/consolidated-relay-ground-station-modernization-crgs-m-project-26-14/,USSF,https://nstxl.org/opportunity/consolidated-relay-ground-station-modernization-crgs-m-project-26-14/,,,,,Space Enterprise Consortium (NSTXL) item; full RFPs are member-only.,['ground station'],[],46c48df32c4d202e,False,True
nstxl-spec,GPS Gen4 Ground,https://nstxl.org/opportunity/gps-gen4-ground-project-26-18/,USSF,https://nstxl.org/opportunity/gps-gen4-ground-project-26-18/,,,,,Space Enterprise Consortium (NSTXL) item; full RFPs are member-only.,['gps'],[],5461f25e382f2b62,False,True
nstxl-spec,Next Generation Hypersonics for the Department of War,https://nstxl.org/opportunity/project-no-26-07/,USSF,https://nstxl.org/opportunity/project-no-26-07/,,,,,Space Enterprise Consortium (NSTXL) item; full RFPs are member-only.,['hypersonic'],[],6c6518eb18ed1088,False,True
nstxl-spec,Sirena Payload Adapter & Demonstration,https://nstxl.org/opportunity/project-no-26-06/,USSF,https://nstxl.org/opportunity/project-no-26-06/,,,,,Space Enterprise Consortium (NSTXL) item; full RFPs are member-only.,['payload'],[],2aaca6a0e8d44598,False,True
nstxl-spec,Phased Launch Test Demonstration (PLTD),https://nstxl.org/opportunity/pltd/,USSF,https://nstxl.org/opportunity/pltd/,,,,,Space Enterprise Consortium (NSTXL) item; full RFPs are member-only.,['launch'],[],1204eb071066f4e5,False,True
nstxl-spec,RNI - Scaled Hypersonics (SHY),https://nstxl.org/opportunity/rni-scaled-hypersonics-shy/,USSF,https://nstxl.org/opportunity/rni-scaled-hypersonics-shy/,,,,,Space Enterprise Consortium (NSTXL) item; full RFPs are member-only.,['hypersonic'],[],e312a6d8bf919e02,False,True
nstxl-spec,Workforce Innovation for Scalable Hypersonics (WISH),https://nstxl.org/opportunity/workforce-innovations-supporting-hypersonics-wish-project-no-25-14/,USSF,https://nstxl.org/opportunity/workforce-innovations-supporting-hypersonics-wish-project-no-25-14/,,,,,Space Enterprise Consortium (NSTXL) item; full RFPs are member-only.,['hypersonic'],[],5749098b8819f7fa,False,True
nstxl-spec,Multi-Service Advanced Capability Hypersonic Accelerator (MACH-XL 26),https://nstxl.org/opportunity/multi-service-advanced-capability-hypersonic-accelerator-challenge-mach-xl/,USSF,https://nstxl.org/opportunity/multi-service-advanced-capability-hypersonic-accelerator-challenge-mach-xl/,,,,,Space Enterprise Consortium (NSTXL) item; full RFPs are member-only.,['hypersonic'],[],3b668b26ab06573b,False,True
nstxl-spec,Hypersonics Advanced Capabilities - RF System on a Chip (RF SoC),https://nstxl.org/opportunity/hypersonic-advanced-capabilities-rf-soc/,USSF,https://nstxl.org/opportunity/hypersonic-advanced-capabilities-rf-soc/,,,,,Space Enterprise Consortium (NSTXL) item; full RFPs are member-only.,['hypersonic'],[],fb7421fba4148b05,False,True
nstxl-spec,Operational Command and Control & Battle Management System Supporting the Space Tasking & Joint Targeting Cycles,https://nstxl.org/opportunity/operational-command-and-control-battle-management-system-supporting-the-space-tasking-joint-targeting-cycles/,USSF,https://nstxl.org/opportunity/operational-command-and-control-battle-management-system-supporting-the-space-tasking-joint-targeting-cycles/,,,,,Space Enterprise Consortium (NSTXL) item; full RFPs are member-only.,['space'],['battle management'],c25769efd64611bd,True,True
nstxl-spec,Joint Hypersonics Transition Office 2025 Request for Proposals (JHTO),https://nstxl.org/opportunity/jhto/,USSF,https://nstxl.org/opportunity/jhto/,,,,,Space Enterprise Consortium (NSTXL) item; full RFPs are member-only.,['hypersonic'],[],8d66e6a9aea1e402,False,True
nstxl-spec,Nuclear-Armed Sea-Launched Cruise Missile (SLCM-N),https://nstxl.org/opportunity/slcm-n/,USSF,https://nstxl.org/opportunity/slcm-n/,,,,,Space Enterprise Consortium (NSTXL) item; full RFPs are member-only.,['launch'],[],c3dff9da70269ce3,False,True
nstxl-spec,Multi-Service Advanced Capability Hypersonic Test Bed (MACH-TB) 2.0,https://nstxl.org/opportunity/mach-tb-2-0/,USSF,https://nstxl.org/opportunity/mach-tb-2-0/,,,,,Space Enterprise Consortium (NSTXL) item; full RFPs are member-only.,['hypersonic'],[],57a8580b500fb25c,False,True
nstxl-spec,Resilient Global Positioning System (R-GPS),https://nstxl.org/opportunity/r-gps/,USSF,https://nstxl.org/opportunity/r-gps/,,,,,Space Enterprise Consortium (NSTXL) item; full RFPs are member-only.,['gps'],[],1f61092f19a511a8,False,True
nstxl-spec,Demonstration of Aero Structures for Hypersonics – Manufacturing Optimization and Testing (DASH-MOT),https://nstxl.org/opportunity/dash-mot/,USSF,https://nstxl.org/opportunity/dash-mot/,,,,,Space Enterprise Consortium (NSTXL) item; full RFPs are member-only.,['hypersonic'],[],9a2e85b2bfc55315,False,True
nstxl-spec,Enterprise Space Terminal (EST),https://nstxl.org/opportunity/enterprise-space-terminal/,USSF,https://nstxl.org/opportunity/enterprise-space-terminal/,,,,,Space Enterprise Consortium (NSTXL) item; full RFPs are member-only.,['space'],[],e3f46aa82ce1e748,False,True
nstxl-spec,Space Mobility and Logistics (SML),https://nstxl.org/opportunity/space-mobility-and-logistics-sml/,USSF,https://nstxl.org/opportunity/space-mobility-and-logistics-sml/,,,,,Space Enterprise Consortium (NSTXL) item; full RFPs are member-only.,['space'],[],14e3cd1607eabf24,False,True
nstxl-spec,Joint Acceleration of Hypersonic Vehicle Aerostructure Alternatives (JAHVAA),https://nstxl.org/opportunity/joint-acceleration-of-hypersonic-vehicle-aerostructure-alternatives-jahvaa/,USSF,https://nstxl.org/opportunity/joint-acceleration-of-hypersonic-vehicle-aerostructure-alternatives-jahvaa/,,,,,Space Enterprise Consortium (NSTXL) item; full RFPs are member-only.,['hypersonic'],[],9f503cc849e14322,False,True
nstxl-spec,"Hypersonics Position, Navigation, and Timing Weapon System Improvements (HPNT-WSI)",https://nstxl.org/opportunity/hypersonics-position-navigation-timing-weapon-system-improvements/,USSF,https://nstxl.org/opportunity/hypersonics-position-navigation-timing-weapon-system-improvements/,,,,,Space Enterprise Consortium (NSTXL) item; full RFPs are member-only.,"['position, navigation', 'hypersonic']",[],b06a9eba7f0ba3fe,False,True
nstxl-spec,Data Exploitation and Enhanced Processing for Space Domain Awareness (DEEP SDA),https://nstxl.org/opportunity/data-exploitation-and-enhanced-processing-for-space-domain-awareness-deep-sda/,USSF,https://nstxl.org/opportunity/data-exploitation-and-enhanced-processing-for-space-domain-awareness-deep-sda/,,,,,Space Enterprise Consortium (NSTXL) item; full RFPs are member-only.,"['space', 'space domain awareness']",[],2033e0e5b77b6b44,False,True
nstxl-spec,Growing Additive Manufacturing Maturity for Airbreathing Hypersonics (GAMMA-H),https://nstxl.org/opportunity/growing-additive-manufacturing-maturity-for-airbreathing-hypersonics-gamma-h/,USSF,https://nstxl.org/opportunity/growing-additive-manufacturing-maturity-for-airbreathing-hypersonics-gamma-h/,,,,,Space Enterprise Consortium (NSTXL) item; full RFPs are member-only.,['hypersonic'],[],b822dca054748a2c,False,True
nstxl-spec,Hypersonics: Carbon/Carbon Non-phenolic Resin,https://nstxl.org/opportunity/hypersonics-carbon-carbon-non-phenolic-resin-c-c/,USSF,https://nstxl.org/opportunity/hypersonics-carbon-carbon-non-phenolic-resin-c-c/,,,,,Space Enterprise Consortium (NSTXL) item; full RFPs are member-only.,['hypersonic'],[],987769829202a3ce,False,True
nstxl-spec,National Space Test and Training Complex - Electromagnetic Spectrum (NSTTC-E),https://nstxl.org/opportunity/nsttc-er/,USSF,https://nstxl.org/opportunity/nsttc-er/,,,,,Space Enterprise Consortium (NSTXL) item; full RFPs are member-only.,['space'],[],468eb20f6b5347bb,False,True
nstxl-spec,Overhead Persistent Infrared Data Exploitation Technology Transition (OPIR ODETT),https://nstxl.org/opportunity/overhead-persistent-infrared-data-exploitation-technology-transition-opir-odett/,USSF,https://nstxl.org/opportunity/overhead-persistent-infrared-data-exploitation-technology-transition-opir-odett/,,,,,Space Enterprise Consortium (NSTXL) item; full RFPs are member-only.,['overhead persistent infrared'],[],5922ed72fff80ce1,False,True
nstxl-spec,Multi-Service Advanced Capability Hypersonics Test Bed (MACH-TB),https://nstxl.org/opportunity/multi-service-advanced-capability-test-bed-mach-tb/,USSF,https://nstxl.org/opportunity/multi-service-advanced-capability-test-bed-mach-tb/,,,,,Space Enterprise Consortium (NSTXL) item; full RFPs are member-only.,['hypersonic'],[],2cd4fe724d682576,False,True
nstxl-spec,Manufacturing Advanced Composites for Hypersonics (MACH),https://nstxl.org/opportunity/manufacturing-advanced-composites-for-hypersonics-mach/,USSF,https://nstxl.org/opportunity/manufacturing-advanced-composites-for-hypersonics-mach/,,,,,Space Enterprise Consortium (NSTXL) item; full RFPs are member-only.,['hypersonic'],[],1bfcc5b079c791a0,False,True
nstxl-spec,Classified Test Material for Hypersonics (CTMH),https://nstxl.org/opportunity/classified-test-material-for-hypersonics-ctmh/,USSF,https://nstxl.org/opportunity/classified-test-material-for-hypersonics-ctmh/,,,,,Space Enterprise Consortium (NSTXL) item; full RFPs are member-only.,['hypersonic'],[],8ca59bc6420e7e4f,False,True
nstxl-spec,Hypersonics Advanced Capabilities for Weapon System Improvements,https://nstxl.org/opportunity/2204-hypersonics-advanced-capabilities-for-weapon-system-improvements/,USSF,https://nstxl.org/opportunity/2204-hypersonics-advanced-capabilities-for-weapon-system-improvements/,,,,,Space Enterprise Consortium (NSTXL) item; full RFPs are member-only.,['hypersonic'],[],4cdce2570e469128,False,True
nstxl-spec,Hypersonics Advanced Manufacturing Test Capability (HAMTC),https://nstxl.org/opportunity/s2marts-21-13-hamtc/,USSF,https://nstxl.org/opportunity/s2marts-21-13-hamtc/,,,,,Space Enterprise Consortium (NSTXL) item; full RFPs are member-only.,['hypersonic'],[],a2a6bf3c76fb1ffe,False,True
nstxl-spec,Neptune Payload Prototype Project,https://nstxl.org/opportunity/neptune-payload-prototype-project/,USSF,https://nstxl.org/opportunity/neptune-payload-prototype-project/,,,,,Space Enterprise Consortium (NSTXL) item; full RFPs are member-only.,['payload'],[],bd0a8281c93994f6,False,True
nstxl-spec,The Inertial Measurement Unit (IMU) as a Navigational Tool for Hypersonics Weapons Systems,https://nstxl.org/opportunity/the-inertial-measurement-unit-imu-as-a-navigational-tool-for-hypersonics-weapons-systems/,USSF,https://nstxl.org/opportunity/the-inertial-measurement-unit-imu-as-a-navigational-tool-for-hypersonics-weapons-systems/,,,,,Space Enterprise Consortium (NSTXL) item; full RFPs are member-only.,['hypersonic'],[],9ac3095afd0d73a7,False,True
nstxl-spec,Terminal Seeker for Hypersonics Weapon Systems,https://nstxl.org/opportunity/terminal-seeker-for-hypersonics-weapon-systems/,USSF,https://nstxl.org/opportunity/terminal-seeker-for-hypersonics-weapon-systems/,,,,,Space Enterprise Consortium (NSTXL) item; full RFPs are member-only.,['hypersonic'],[],8439ce27e0aa651d,False,True
nstxl-spec,"Alternative, Non-GPS Navigational Tool for Hypersonic Weapon Systems",https://nstxl.org/opportunity/alternative-non-gps-navigational-tool-for-hypersonic-weapon-systems/,USSF,https://nstxl.org/opportunity/alternative-non-gps-navigational-tool-for-hypersonic-weapon-systems/,,,,,Space Enterprise Consortium (NSTXL) item; full RFPs are member-only.,"['gps', 'hypersonic']",[],3b7ad573c18cbc94,False,True
nstxl-spec,Autonomous Flight Safety System (AFSS) for Hypersonic Weapon Systems,https://nstxl.org/opportunity/afss-autonomous-flight-safety-system-for-hypersonic-weapon-systems/,USSF,https://nstxl.org/opportunity/afss-autonomous-flight-safety-system-for-hypersonic-weapon-systems/,,,,,Space Enterprise Consortium (NSTXL) item; full RFPs are member-only.,['hypersonic'],[],6ccdd1b556b7703e,False,True
nstxl-spec,LOKI Electromagnetic Spectrum (EMS) Payload Prototype,https://nstxl.org/opportunity/loki-electromagnetic-spectrum-ems-payload-prototype/,USSF,https://nstxl.org/opportunity/loki-electromagnetic-spectrum-ems-payload-prototype/,,,,,Space Enterprise Consortium (NSTXL) item; full RFPs are member-only.,['payload'],[],6e07c7c544923fad,False,True
gsa-aas,Interact communities on buy.gsa.gov,https://buy.gsa.gov/interact/,GSA-AAS,https://buy.gsa.gov/interact/,,,,"Get updates on publicly posted opportunities and join pipeline review sessions. For more information, visit our Interact communities on buy.gsa.gov . Opportunities Active procurements are in the requirements and solicitation development stage with government partners. The Assisted Acquisition Servic",Get updates on publicly posted opportunities and join pipeline review sessions.,['interact'],[],62b3220a8b19c4a1,False,False
gsa-aas,Open the dashboard in its own window.,https://d2d.gsa.gov/tableau-report-for-embed/10725,GSA-AAS,https://d2d.gsa.gov/tableau-report-for-embed/10725,,,,"Get updates on publicly posted opportunities and join pipeline review sessions. For more information, visit our Interact communities on buy.gsa.gov . Opportunities Active procurements are in the requirements and solicitation development stage with government partners. The Assisted Acquisition Servic",Get updates on publicly posted opportunities and join pipeline review sessions.,['dashboard'],[],b5e8d32e321877a2,False,False
dtic-dod-agencies,Defense Advanced Research Projects Agency (DARPA): Solicitations,https://www.darpa.mil/work-with-us/opportunities,DoD-DAFA,https://www.darpa.mil/work-with-us/opportunities,,,,Defense Advanced Research Projects Agency (DARPA),"Link to Defense Advanced Research Projects Agency (DARPA)'s solicitation/BAA page, listed on the DTIC Defense Innovation Marketplace.",['solicitation'],[],961d447abf4b493e,False,False
dtic-dod-agencies,"Defense Advanced Research Projects Agency (DARPA): Small Business Innovation Research (SBIR), Small Business Technology Transfer (STTR)",https://www.darpa.mil/work-with-us/for-small-businesses,DoD-DAFA,https://www.darpa.mil/work-with-us/for-small-businesses,,,,Defense Advanced Research Projects Agency (DARPA),"Link to Defense Advanced Research Projects Agency (DARPA)'s solicitation/BAA page, listed on the DTIC Defense Innovation Marketplace.","['sbir', 'sttr', 'innovation']",[],92a4a383faad8e4a,False,False
dtic-dod-agencies,Defense Health Agency (DHA): Innovation Efforts,https://health.mil/Military-Health-Topics/Research-and-Innovation,DoD-DAFA,https://health.mil/Military-Health-Topics/Research-and-Innovation,,,,Defense Health Agency (DHA),"Link to Defense Health Agency (DHA)'s solicitation/BAA page, listed on the DTIC Defense Innovation Marketplace.",['innovation'],[],8fd3febae2898b02,False,False
dtic-dod-agencies,Defense Intelligence Agency (DIA): Defense Intelligence Agency Innovation,http://www.dia.mil/Business/Innovation.aspx,DoD-DAFA,http://www.dia.mil/Business/Innovation.aspx,,,,Defense Intelligence Agency (DIA),"Link to Defense Intelligence Agency (DIA)'s solicitation/BAA page, listed on the DTIC Defense Innovation Marketplace.",['innovation'],[],b15cb07c6abbfd85,False,False
dtic-dod-agencies,Defense Intelligence Agency (DIA): DIA Needipedia,http://www.dia.mil/Business/Needipedia.aspx,DoD-DAFA,http://www.dia.mil/Business/Needipedia.aspx,,,,Defense Intelligence Agency (DIA),"Link to Defense Intelligence Agency (DIA)'s solicitation/BAA page, listed on the DTIC Defense Innovation Marketplace.",['needipedia'],[],6d61127132103d2c,False,False
dtic-dod-agencies,Defense Threat Reduction Agency (DTRA): Doing Business with DTRA,http://www.dtra.mil/Contracts/BusinessOpportunities.aspx,DoD-DAFA,http://www.dtra.mil/Contracts/BusinessOpportunities.aspx,,,,Defense Threat Reduction Agency (DTRA),"Link to Defense Threat Reduction Agency (DTRA)'s solicitation/BAA page, listed on the DTIC Defense Innovation Marketplace.",['doing business'],[],bfd9ca0dcfa83514,False,False
dtic-dod-agencies,Defense Threat Reduction Agency (DTRA): Current Solicitations,http://www.dtra.mil/Contracts/BusinessOpportunities/CurrentSolicitations.aspx,DoD-DAFA,http://www.dtra.mil/Contracts/BusinessOpportunities/CurrentSolicitations.aspx,,,,Defense Threat Reduction Agency (DTRA),"Link to Defense Threat Reduction Agency (DTRA)'s solicitation/BAA page, listed on the DTIC Defense Innovation Marketplace.",['solicitation'],[],49a365a9e8b6678b,False,False
dtic-dod-agencies,Information Analysis Centers (IAC): Business Opportunities,http://iac.dtic.mil/business_opportunities.html,DoD-DAFA,http://iac.dtic.mil/business_opportunities.html,,,,Information Analysis Centers (IAC),"Link to Information Analysis Centers (IAC)'s solicitation/BAA page, listed on the DTIC Defense Innovation Marketplace.",['opportunit'],[],25a9b04eddaba9ff,False,False
dtic-dod-agencies,Joint Improvised-Threat Defeat Agency (JIDA): Doing Business with JIDA,https://www.jieddo.mil/bizops.htm,DoD-DAFA,https://www.jieddo.mil/bizops.htm,,,,Joint Improvised-Threat Defeat Agency (JIDA),"Link to Joint Improvised-Threat Defeat Agency (JIDA)'s solicitation/BAA page, listed on the DTIC Defense Innovation Marketplace.",['doing business'],[],7e293e7c5c52eca3,False,False
dtic-dod-agencies,Joint Non-Lethal Weapons Program: Doing Business with JNLWP,http://jnlwp.defense.gov/BusinessOpportunities.aspx,DoD-DAFA,http://jnlwp.defense.gov/BusinessOpportunities.aspx,,,,Joint Non-Lethal Weapons Program,"Link to Joint Non-Lethal Weapons Program's solicitation/BAA page, listed on the DTIC Defense Innovation Marketplace.",['doing business'],[],0309d8ba3a46e473,False,False
dtic-dod-agencies,Joint Program Executive Office for Chemical and Biological Defense (JPEO-CBD): Current Opportunities,http://www.jpeocbd.osd.mil/packs/Default.aspx?pg=321,DoD-DAFA,http://www.jpeocbd.osd.mil/packs/Default.aspx?pg=321,,,,Joint Program Executive Office for Chemical and Biological Defense (JPEO-CBD),"Link to Joint Program Executive Office for Chemical and Biological Defense (JPEO-CBD)'s solicitation/BAA page, listed on the DTIC Defense Innovation Marketplace.",['opportunit'],[],cbda703c4b0d5892,False,False
dtic-dod-agencies,Missile Defense Agency (MDA): Acquisition Center,http://www.mda.mil/business/acquisition_center.html,DoD-DAFA,http://www.mda.mil/business/acquisition_center.html,,,,Missile Defense Agency (MDA),"Link to Missile Defense Agency (MDA)'s solicitation/BAA page, listed on the DTIC Defense Innovation Marketplace.",['acquisition'],[],587408898f75d092,False,False
dtic-dod-agencies,Missile Defense Agency (MDA): Advanced Research BAA,http://www.mda.mil/business/advanced_research.html,DoD-DAFA,http://www.mda.mil/business/advanced_research.html,,,,Missile Defense Agency (MDA),"Link to Missile Defense Agency (MDA)'s solicitation/BAA page, listed on the DTIC Defense Innovation Marketplace.",['baa'],[],69f8ecac911ee271,False,False
dtic-dod-agencies,Missile Defense Agency (MDA): The System: Advanced Technology Needs,http://www.mda.mil/system/advanced_technology.html,DoD-DAFA,http://www.mda.mil/system/advanced_technology.html,,,,Missile Defense Agency (MDA),"Link to Missile Defense Agency (MDA)'s solicitation/BAA page, listed on the DTIC Defense Innovation Marketplace.",['needs'],[],dc4e495619ff27fe,False,False
dtic-dod-agencies,National Aeronautics Space Agency (NASA): Cooperative Development Opportunities,https://cms.nasa.gov/centers/johnson/partnerships/co-development-and-partnering-opportunities,DoD-DAFA,https://cms.nasa.gov/centers/johnson/partnerships/co-development-and-partnering-opportunities,,,,National Aeronautics Space Agency (NASA),"Link to National Aeronautics Space Agency (NASA)'s solicitation/BAA page, listed on the DTIC Defense Innovation Marketplace.",['opportunit'],[],418b98d10da6d678,False,False
dtic-dod-agencies,National Security Agency (NSA): Doing Business with the NSA,https://www.nsa.gov/business/,DoD-DAFA,https://www.nsa.gov/business/,,,,National Security Agency (NSA),"Link to National Security Agency (NSA)'s solicitation/BAA page, listed on the DTIC Defense Innovation Marketplace.",['doing business'],[],7f8f6afa7bed4b28,False,False
dtic-dod-agencies,National Security Agency (NSA): Programs for Innovation,https://www.nsa.gov/business/programs/programs-for-innovation.shtml,DoD-DAFA,https://www.nsa.gov/business/programs/programs-for-innovation.shtml,,,,National Security Agency (NSA),"Link to National Security Agency (NSA)'s solicitation/BAA page, listed on the DTIC Defense Innovation Marketplace.",['innovation'],[],7129651129dfe424,False,False
osc-doc-opportunities,Traffic Coordination System for Space (TraCSS),https://space.commerce.gov/traffic-coordination-system-for-space-tracss/,DOC-OSC,https://space.commerce.gov/traffic-coordination-system-for-space-tracss/,,,,"Traffic Coordination System for Space (TraCSS) – NOAA’s Office of Space Commerce (OSC) is developing the Traffic Coordination System for Space (TraCSS) to provide basic space situational awareness (SSA) data and services to civil and private space operators and to support spaceflight safety, space s",NOAA’s Office of Space Commerce (OSC) is developing the Traffic Coordination System for Space (TraCSS) to provide basic space situational awareness (SSA) data and services to civil and private space operators and to…,"['space', 'tracss']",[],43b814825da41cc2,False,False
osc-doc-opportunities,Technology Partnerships Office,https://techpartnerships.noaa.gov/,DOC-OSC,https://techpartnerships.noaa.gov/,,,,Technology Partnerships Office – This portal contains information and links to both NOAA’s small business and technology transfer programs.,This portal contains information and links to both NOAA’s small business and technology transfer programs.,['technology partnerships'],[],a682a80cd44e4f8a,False,False
osc-doc-opportunities,Acquisition & Grants Office,https://www.noaa.gov/acquisition-grants,DOC-OSC,https://www.noaa.gov/acquisition-grants,,,,Acquisition & Grants Office – Facilitating strategic relationships to support NOAA’s mission.,Facilitating strategic relationships to support NOAA’s mission.,['acquisition'],[],f8747a841125d97e,False,False
osc-doc-opportunities,Commercial Data Program,https://space.commerce.gov/business-with-noaa/commercial-weather-data-pilot-cwdp/,DOC-OSC,https://space.commerce.gov/business-with-noaa/commercial-weather-data-pilot-cwdp/,,,,Commercial Data Program – Information and solicitations for satellite data buys and other commercial relationships.,Information and solicitations for satellite data buys and other commercial relationships.,['commercial data'],[],4bd831de2bbcb465,False,False
osc-doc-opportunities,Future NOAA Satellite Architecture,https://space.commerce.gov/business-with-noaa/future-noaa-satellite-architecture/,DOC-OSC,https://space.commerce.gov/business-with-noaa/future-noaa-satellite-architecture/,,,,Future NOAA Satellite Architecture – Information and solicitations (BAAs) for concept studies of commercial solutions.,Information and solicitations (BAAs) for concept studies of commercial solutions.,['satellite'],[],62604b4f5c99fda6,False,False
osc-doc-opportunities,Guidance for NOAA Commercial Data Buys,https://nosc.noaa.gov/commercial_data_buys_guidance.php,DOC-OSC,https://nosc.noaa.gov/commercial_data_buys_guidance.php,,,,"National Oceanic and Atmospheric Administration (NOAA) NOAA’s mission to better understand our natural world and help protect its precious resources extends beyond national borders to monitor global weather and climate, and work with partners around the world. Traffic Coordination System for Space (",National Oceanic and Atmospheric Administration (NOAA) NOAA’s mission to better understand our natural world and help protect its precious resources extends beyond national borders to monitor global weather and climate…,"['commercial data', 'data buy']",[],4433c10d28760ba7,False,False
osc-noaa-satellite-architecture,Details on these awards are available at SAM.gov,https://sam.gov/opp/5fb765ef8f3e4ab1a8e202369c91c60e/view,NOAA,https://sam.gov/opp/5fb765ef8f3e4ab1a8e202369c91c60e/view,,,,"2020 Contract Awards On April 3, 2020, NOAA’s National Environmental Satellite, Data, and Information Service (NESDIS) began awarding contracts for satellite mission and instrument design analysis. NESDIS is building on the findings from the NOAA Satellite Observing System Architecture (NSOSA) study","2020 Contract Awards On April 3, 2020, NOAA’s National Environmental Satellite, Data, and Information Service (NESDIS) began awarding contracts for satellite mission and instrument design analysis.",[],[],9a52ccdd7b441f57,False,False
osc-noaa-satellite-architecture,View solicitation and information at SAM.gov,https://sam.gov/opp/0f637712b9228032f3ab51fc2cdc37a0/view?keywords=LEO&sort=-relevance&index=opp&is_active=true&page=1,NOAA,https://sam.gov/opp/0f637712b9228032f3ab51fc2cdc37a0/view?keywords=LEO&sort=-relevance&index=opp&is_active=true&page=1,,,,"2019 BAAs & Industry Days On October 3, 2019, NESDIS released a pair of Broad Agency Announcements (BAAs) to engage the commercial sector in developing new concepts for instruments, spacecraft, business models and mission elements for NOAA’s future space-based observation architecture beyond the JPS","2019 BAAs & Industry Days On October 3, 2019, NESDIS released a pair of Broad Agency Announcements (BAAs) to engage the commercial sector in developing new concepts for instruments, spacecraft, business models and…",[],[],465090ceb9e76a07,False,False
osc-noaa-satellite-architecture,View report and public comments at regulations.gov,https://www.regulations.gov/docket?D=NOAA-NESDIS-2018-0053,NOAA,https://www.regulations.gov/docket?D=NOAA-NESDIS-2018-0053,,,,"NSOSA Study On May 31, 2018, NOAA released the NOAA Satellite Observing System Architecture (NSOSA) study for public comments. The comment period closed July 2, 2018. View report and public comments at regulations.gov Industry Day On June 21, 2018, NOAA hosted a community day to address questions an","NSOSA Study On May 31, 2018, NOAA released the NOAA Satellite Observing System Architecture (NSOSA) study for public comments.",[],[],4b60ae2aa05906e3,False,False
osc-noaa-satellite-architecture,Download presentation slides from the event (2 MB PDF),https://space.commerce.gov/wp-content/uploads/2018-06-NSOSA.pdf,NOAA,https://space.commerce.gov/wp-content/uploads/2018-06-NSOSA.pdf,,,,"NSOSA Study On May 31, 2018, NOAA released the NOAA Satellite Observing System Architecture (NSOSA) study for public comments. The comment period closed July 2, 2018. View report and public comments at regulations.gov Industry Day On June 21, 2018, NOAA hosted a community day to address questions an","NSOSA Study On May 31, 2018, NOAA released the NOAA Satellite Observing System Architecture (NSOSA) study for public comments.",[],[],d259235afd1839d0,False,False
osc-noaa-satellite-architecture,Get event details at NOAA.gov,https://www.nesdis.noaa.gov/content/nesdis-community-engagements,NOAA,https://www.nesdis.noaa.gov/content/nesdis-community-engagements,,,,"NSOSA Study On May 31, 2018, NOAA released the NOAA Satellite Observing System Architecture (NSOSA) study for public comments. The comment period closed July 2, 2018. View report and public comments at regulations.gov Industry Day On June 21, 2018, NOAA hosted a community day to address questions an","NSOSA Study On May 31, 2018, NOAA released the NOAA Satellite Observing System Architecture (NSOSA) study for public comments.",[],[],2f14a1d3845fe03c,False,False
osc-tracss,Launch TraCSS.gov,https://tracss.gov/,DOC-OSC,https://tracss.gov/,,,,,Office of Space Commerce TraCSS (space traffic coordination) item for operators and industry.,"['launch', 'tracss']",[],dfeba538de06aab8,False,False
osc-tracss,Space Policy Directive 3,https://space.commerce.gov/president-signs-space-traffic-management-policy/,DOC-OSC,https://space.commerce.gov/president-signs-space-traffic-management-policy/,,,,NOAA’s Office of Space Commerce (OSC) is developing the Traffic Coordination System for Space (TraCSS) to provide basic space situational awareness (SSA) data and services to civil and private space operators in support of spaceflight safety. TraCSS is being developed to implement President Trump’s ,NOAA’s Office of Space Commerce (OSC) is developing the Traffic Coordination System for Space (TraCSS) to provide basic space situational awareness (SSA) data and services to civil and private space operators in support…,['space'],[],1668770954e427f5,False,False
osc-tracss,this link (TraCSS.gov),https://tracss.gov/resources/how-to/tk9dwtnky5altf5p4x7ogind,DOC-OSC,https://tracss.gov/resources/how-to/tk9dwtnky5altf5p4x7ogind,,,,Launch TraCSS.gov NOAA’s Office of Space Commerce (OSC) is developing the Traffic Coordination System for Space (TraCSS) to provide basic space situational awareness (SSA) data and services to civil and private space operators in support of spaceflight safety. TraCSS is being developed to implement ,Launch TraCSS.gov NOAA’s Office of Space Commerce (OSC) is developing the Traffic Coordination System for Space (TraCSS) to provide basic space situational awareness (SSA) data and services to civil and private space…,['tracss'],[],18ce4f594de6afd8,False,False
osc-tracss,publicly-accessible dataset,https://space.commerce.gov/dataset-for-conjunction-assessment-verification,DOC-OSC,https://space.commerce.gov/dataset-for-conjunction-assessment-verification,,,,Launch TraCSS.gov NOAA’s Office of Space Commerce (OSC) is developing the Traffic Coordination System for Space (TraCSS) to provide basic space situational awareness (SSA) data and services to civil and private space operators in support of spaceflight safety. TraCSS is being developed to implement ,Launch TraCSS.gov NOAA’s Office of Space Commerce (OSC) is developing the Traffic Coordination System for Space (TraCSS) to provide basic space situational awareness (SSA) data and services to civil and private space…,['dataset'],[],bfc10a0e290bb96e,False,False
osc-tracss,TraCSS User Registration,https://space.commerce.gov/traffic-coordination-system-for-space-tracss/tracss-registration-for-spacecraft-operators/,DOC-OSC,https://space.commerce.gov/traffic-coordination-system-for-space-tracss/tracss-registration-for-spacecraft-operators/,,,,"TraCSS User Registration FAQ Videos, Docs, & Sessions","FAQ Videos, Docs, & Sessions.","['tracss', 'registration']",[],101356aaec0b5073,False,False
osc-tracss,TraCSS User Agreement & Data Policy,https://space.commerce.gov/traffic-coordination-system-for-space-tracss/tracss-user-agreement-data-policy/,DOC-OSC,https://space.commerce.gov/traffic-coordination-system-for-space-tracss/tracss-user-agreement-data-policy/,,,,Vision for SSA Coordination TraCSS User Agreement & Data Policy Contact Us,Vision for SSA Coordination TraCSS User Agreement & Data Policy Contact Us.,"['tracss', 'user agreement']",[],e9e8402f83a04347,False,False
osc-tracss,TraCSS Overview Presentation – August 2026_1,https://space.commerce.gov/wp-content/uploads/2026/09/TraCSS-Overview-Presentation-August-2026_1.pdf,DOC-OSC,https://space.commerce.gov/wp-content/uploads/2026/09/TraCSS-Overview-Presentation-August-2026_1.pdf,,,,TraCSS Overview Presentation – August 2026_1 Download,Office of Space Commerce TraCSS (space traffic coordination) item for operators and industry.,"['tracss', 'presentation']",[],e2163d8a6d212aa0,False,False
osc-tracss,OSC to Hold TraCSS O/O Forum at 2026 Small Satellite Conference,https://space.commerce.gov/osc-to-hold-tracss-o-o-forum-at-2026-small-satellite-conference/,DOC-OSC,https://space.commerce.gov/osc-to-hold-tracss-o-o-forum-at-2026-small-satellite-conference/,,,,"OSC to Hold TraCSS O/O Forum at 2026 Small Satellite Conference August 10, 2026 On Wednesday, August 26, at the Small Satellite Conference, the Office of Space Commerce will host an in-person “satellite owner/operator” forum. During this open forum, the team will provide an overview of the Traffic C","On Wednesday, August 26, at the Small Satellite Conference, the Office of Space Commerce will host an in-person “satellite owner/operator” forum.","['satellite', 'tracss', 'forum']",[],dc9667aea502d12f,False,False
osc-tracss,OSC Participates in “India-US Joint Space Situational Awareness Workshop”,https://space.commerce.gov/osc-participates-in-india-us-joint-space-situational-awareness-workshop/,DOC-OSC,https://space.commerce.gov/osc-participates-in-india-us-joint-space-situational-awareness-workshop/,,,,"OSC Participates in “India-US Joint Space Situational Awareness Workshop” June 25, 2026 Photo credit: Indian National Space Promotion and Authorization Centre (IN-SPACe) From June 22-23, 2026, representatives of the Office of Space Commerce (OSC) and the ISRO Telemetry, Tracking and Command Network ","Photo credit: Indian National Space Promotion and Authorization Centre (IN-SPACe) From June 22-23, 2026, representatives of the Office of Space Commerce (OSC) and the ISRO Telemetry, Tracking and Command Network.",['space'],[],e22293ce7f18101e,False,False
osc-tracss,TraCSS Goes Global: International Government Onboarding Begins,https://space.commerce.gov/tracss-goes-global-international-government-onboarding-begins/,DOC-OSC,https://space.commerce.gov/tracss-goes-global-international-government-onboarding-begins/,,,,"TraCSS Goes Global: International Government Onboarding Begins June 9, 2026 A leap forward for international spaceflight safety and SSA coordination. The U.S. Department of Commerce’s Office of Space Commerce (OSC) has begun onboarding “National Government Accounts” onto the Traffic Coordination Sys",A leap forward for international spaceflight safety and SSA coordination.,['tracss'],[],ef4126b9e6530a74,False,False
osc-tracss,University Spacecraft Operators Forum – May 27,https://space.commerce.gov/university-spacecraft-operators-forum-may-27/,DOC-OSC,https://space.commerce.gov/university-spacecraft-operators-forum-may-27/,,,,"University Spacecraft Operators Forum – May 27 May 11, 2026 On Wednesday, May 27, at 3:00 PM (EDT), the Office of Space Commerce’s Traffic Coordination System for Space team will host a “University Spacecraft Operators Forum.” This group is designed to bring together spacecraft operators from academ","On Wednesday, May 27, at 3:00 PM (EDT), the Office of Space Commerce’s Traffic Coordination System for Space team will host a “University Spacecraft Operators Forum.” This group is designed to bring together spacecraft…","['space', 'spacecraft', 'forum']",[],1d70d5bdd5a87b48,False,False
osc-tracss,TraCSS Publishes “Dataset for Conjunction Assessment Verification”,https://space.commerce.gov/tracss-publishes-dataset-for-conjunction-assessment-verification/,DOC-OSC,https://space.commerce.gov/tracss-publishes-dataset-for-conjunction-assessment-verification/,,,,"TraCSS Publishes “Dataset for Conjunction Assessment Verification” March 18, 2026 The Office of Space Commerce has published an open “dataset for conjunction assessment verification.” This test set was developed for the Traffic Coordination System for Space (TraCSS) and is designed to help space sit",The Office of Space Commerce has published an open “dataset for conjunction assessment verification.” This test set was developed for the Traffic Coordination System for Space (TraCSS) and is designed to help space sit.,"['tracss', 'dataset']",[],5a4cb5fe71d4fd50,False,False
osc-tracss,OSC Opens TraCSS “Waitlist” for Satellite Operators,https://space.commerce.gov/osc-opens-tracss-waitlist-for-satellite-operators/,DOC-OSC,https://space.commerce.gov/osc-opens-tracss-waitlist-for-satellite-operators/,,,,"OSC Opens TraCSS “Waitlist” for Satellite Operators February 4, 2026 Background: NOAA’s Office of Space Commerce (OSC) is developing the Traffic Coordination System for Space (TraCSS) to provide basic space situational awareness (SSA) data and services to civil and private space operators in support",Background: NOAA’s Office of Space Commerce (OSC) is developing the Traffic Coordination System for Space (TraCSS) to provide basic space situational awareness (SSA) data and services to civil and private space…,"['satellite', 'tracss', 'waitlist']",[],c42e0baec254a424,False,False
osc-tracss,OSC Publishes Updated TraCSS Specifications,https://space.commerce.gov/osc-publishes-updated-tracss-specifications/,DOC-OSC,https://space.commerce.gov/osc-publishes-updated-tracss-specifications/,,,,"OSC Publishes Updated TraCSS Specifications January 22, 2026 Today, January 22, 2026, the Office of Space Commerce (OSC) published updated specification documents for the Traffic Coordination System for Space. These specifications replace those previously hosted on the Office of Space Commerce websi","Today, January 22, 2026, the Office of Space Commerce (OSC) published updated specification documents for the Traffic Coordination System for Space.","['tracss', 'specification']",[],88bc03d74a8ffd48,False,False
osc-tracss,TraCSS Update: Delivering on SPD-3 and Advancing Spaceflight Safety,https://space.commerce.gov/tracss-update-delivering-on-spd-3-and-advancing-spaceflight-safety/,DOC-OSC,https://space.commerce.gov/tracss-update-delivering-on-spd-3-and-advancing-spaceflight-safety/,,,,"TraCSS Update: Delivering on SPD-3 and Advancing Spaceflight Safety September 8, 2025 As the Traffic Coordination System for Space (TraCSS) approaches production release, the Office of Space Commerce is pleased to announce new solicitations through GSA’s Global Data Marketplace (GDM) for a “Commerci","As the Traffic Coordination System for Space (TraCSS) approaches production release, the Office of Space Commerce is pleased to announce new solicitations through GSA’s Global Data Marketplace (GDM) for a “Commerci.","['space', 'tracss']",[],c5b43ff0b5a61e2e,False,False
osc-tracss,TraCSS Update: Expanding Space Safety Partnerships,https://space.commerce.gov/tracss-update-expanding-space-safety-partnerships/,DOC-OSC,https://space.commerce.gov/tracss-update-expanding-space-safety-partnerships/,,,,"TraCSS Update: Expanding Space Safety Partnerships September 2, 2025 The Office of Space Commerce is pleased to announce that Amazon Kuiper recently joined leading names like Iridium, OneWeb, SpaceX, Maxar, Planet, and Intelsat, among others, to become a pilot user of the Traffic Coordination System","The Office of Space Commerce is pleased to announce that Amazon Kuiper recently joined leading names like Iridium, OneWeb, SpaceX, Maxar, Planet, and Intelsat, among others, to become a pilot user of the Traffic…","['space', 'tracss']",[],ec3d66dbdb9973a5,False,False
osc-tracss,TraCSS Expands COLA Gap Pathfinder Initiative,https://space.commerce.gov/tracss-expands-cola-gap-pathfinder-initiative/,DOC-OSC,https://space.commerce.gov/tracss-expands-cola-gap-pathfinder-initiative/,,,,"TraCSS Expands COLA Gap Pathfinder Initiative August 4, 2025 The Office of Space Commerce (OSC) is pleased to announce that the Traffic Coordination System for Space (TraCSS) program has added another commercial space situational awareness (SSA) services provider – Kayhan Space – to bring an additio",The Office of Space Commerce (OSC) is pleased to announce that the Traffic Coordination System for Space (TraCSS) program has added another commercial space situational awareness (SSA) services provider – Kayhan Space –…,"['tracss', 'pathfinder']",[],ed8b0bdd50831ef7,False,False
osc-cdp-industry-day,Visit the SAM. gov solicitation,https://sam.gov/workspace/contract/opp/5b59a94eb75440e1b876da3b546afc35/view,NOAA,https://sam.gov/workspace/contract/opp/5b59a94eb75440e1b876da3b546afc35/view,,,,"On Thursday, April 9, from 1:00 – 2:30 pm (ET) , NOAA/NESDIS’ Office of Systems Architecture and Engineering (SAE) will host an online Commercial Data Program (CDP) Industry Day . This will be a virtual event. Leaders from SAE and CDP – including Taylor Jordan , NOAA Assistant Secretary of Commerce ","On Thursday, April 9, from 1:00 – 2:30 pm (ET) , NOAA/NESDIS’ Office of Systems Architecture and Engineering (SAE) will host an online Commercial Data Program (CDP) Industry Day .",[],[],4614aa51e288e129,False,False
osc-cdp-industry-day,Registration link (Adobe Connect),https://events-na13.adobeconnect.com/content/connect/c1/2358677976/en/events/event/shared/10652325865/event_landing.html?sco-id=10652325663&_charset_=utf-8,NOAA,https://events-na13.adobeconnect.com/content/connect/c1/2358677976/en/events/event/shared/10652325865/event_landing.html?sco-id=10652325663&_charset_=utf-8,,,,,NOAA/NESDIS Commercial Data Program industry day resource.,[],[],5942b4a9d26c2843,False,False
osc-cdp-industry-day,NOAA’s Commercial Data Program,https://www.nesdis.noaa.gov/data-research-services/commercial-data-program,NOAA,https://www.nesdis.noaa.gov/data-research-services/commercial-data-program,,,,"On Thursday, April 9, from 1:00 – 2:30 pm (ET) , NOAA/NESDIS’ Office of Systems Architecture and Engineering (SAE) will host an online Commercial Data Program (CDP) Industry Day . This will be a virtual event. Leaders from SAE and CDP – including Taylor Jordan , NOAA Assistant Secretary of Commerce ","On Thursday, April 9, from 1:00 – 2:30 pm (ET) , NOAA/NESDIS’ Office of Systems Architecture and Engineering (SAE) will host an online Commercial Data Program (CDP) Industry Day .",[],[],29819b98f9c24e28,False,False
osc-news,OSC’s Advocacy at the Africa Space Expo,https://space.commerce.gov/oscs-advocacy-at-the-africa-space-expo/,DOC-OSC,https://space.commerce.gov/oscs-advocacy-at-the-africa-space-expo/,news,2026-10-02,,"The Office of Space Commerce’s Senior International Affairs Specialist, Rose Croshier, joined the United States delegation to the 2026 Africa Space Expo (ASPEX), where she advocated for market access on behalf of innovative U.S. commercial … OSC’s Advocacy at the Africa Space Expo Read more →","The Office of Space Commerce’s Senior International Affairs Specialist, Rose Croshier, joined the United States delegation to the 2026 Africa Space Expo (ASPEX), where she advocated for market access on behalf of…",['space'],[],eb3ba70344289b75,False,True
noaa-tpo,Sign Up to be an SBIR Reviewer!,https://techpartnerships.noaa.gov/sbir/awardee-resources/reviewers/,NOAA,https://techpartnerships.noaa.gov/sbir/awardee-resources/reviewers/,,,,,"NOAA Technology Partnerships Office (SBIR, CRADA, tech transfer) item.",['sbir'],[],f93cf292c7e4a44b,False,False
noaa-sbir,SBIR Funding Opportunities,https://techpartnerships.noaa.gov/sbir/fundingopportunities/,NOAA,https://techpartnerships.noaa.gov/sbir/fundingopportunities/,,,,"SBIR Funding Opportunities *** The next Notice of Funding Opportunity (NOFO), for FY27, will be updated on this page. The NOFO will be open in Fall 2026. *** NOAA’s SBIR Program seeks highly innovative products with excellent commercial potential. All SBIR proposals must relate to the NOAA mission a","*** The next Notice of Funding Opportunity (NOFO), for FY27, will be updated on this page.",[],[],ec073654f44c4d52,False,False
