source,title,url,agency,notice_id,notice_type,posted,deadline,description,summary,tags,software,key,is_software,new
sam.gov,Adm 1 - 18 SDS - CONSOLE WORKPLACE FURNITURE,https://sam.gov/workspace/contract/opp/53e48f867b924f0eb4cb27c33a7c0427/view,USSF,53e48f867b924f0eb4cb27c33a7c0427,Combined Synopsis/Solicitation,2026-09-25,2026-09-28,"DEPT OF DEFENSE.DEPT OF THE AIR FORCE.SPACE SYSTEMS COMMAND.FA4610 30 CONS PK | NAICS 337214 | PSC 7110 | set-aside: Small Business Set Aside - Total | VANDENBERG SFB, CA","Combined synopsis/solicitation for office furniture from 30 CONS PK; small business set aside - total; Vandenberg Sfb, CA.",['space'],[],68f1f46777f92124,False,True
sam.gov,FY26 4Q_CSCO Forecast to Industry- Future Requirements for Fiscal Years 2026-2027,https://sam.gov/workspace/contract/opp/0ed6ebb5ca1840e9b9f593e58b7a813b/view,USSF,0ed6ebb5ca1840e9b9f593e58b7a813b,Special Notice,2026-09-25,2027-09-30,"DEPT OF DEFENSE.DEPT OF THE AIR FORCE.SPACE SYSTEMS COMMAND.FA2541  SSC COMRCL SVS OFC SSC CMK | NAICS 517410 | PSC DG11 | set-aside: No Set aside used | EL SEGUNDO, CA","Special notice for telecom access and other usage billing services. includes satellite communications access, internet, cellular services, landline and telephone services. transport services for data and voice network…",['space'],['PSC DG11 (IT platform / platform-as-a-service)'],bfa1c595b43bc9bc,True,True
sam.gov,Defense Meteorological Satellite Program (DMSP) Spacecraft Support,https://sam.gov/workspace/contract/opp/3e6cd02f0d5d4cf182b47c3365d18890/view,USSF,3e6cd02f0d5d4cf182b47c3365d18890,Sources Sought,2026-09-24,2026-10-16,"DEPT OF DEFENSE.DEPT OF THE AIR FORCE.SPACE SYSTEMS COMMAND.PEO MILITARY COMMUNICATION AND POSITION NAVIGATION TIMING.FA8823  SUSTAINMENT MCPNT SSC/PKL | NAICS 541330 | PSC R425 | set-aside: No Set aside used | PETERSON AFB, CO","Sources-sought notice (market research) for engineering and technical services from Sustainment Mcpnt SSC/Pkl; Peterson Afb, CO.","['space', 'satellite', 'spacecraft']",[],7832d7e582fa9f67,False,True
sam.gov,VSFB Heavy Equipment Recovery and Transportation,https://sam.gov/workspace/contract/opp/92d5c402237c465fba8a98444cadeb6e/view,USSF,92d5c402237c465fba8a98444cadeb6e,Combined Synopsis/Solicitation,2026-09-23,2026-09-25,"DEPT OF DEFENSE.DEPT OF THE AIR FORCE.SPACE SYSTEMS COMMAND.FA4610 30 CONS PK | NAICS 488410 | PSC V129 | set-aside: Small Business Set Aside - Total | VANDENBERG SFB, CA","Combined synopsis/solicitation for other vehicle charter for transportation of things from 30 CONS PK; small business set aside - total; Vandenberg Sfb, CA.",['space'],[],d35a664686804152,False,True
sam.gov,"Rendezvous, Proximity Operations (RPO) Threat Response (RTR) VICTUS Responsive Launch Space Vehicle (SV)",https://sam.gov/workspace/contract/opp/63cbb165d7ef42bab58aeea4a850378f/view,USSF,63cbb165d7ef42bab58aeea4a850378f,Sources Sought,2026-09-23,2026-10-19,"DEPT OF DEFENSE.DEPT OF THE AIR FORCE.SPACE SYSTEMS COMMAND.PEO SPACE DOMAIN AWARENESS ANDCOMBAT POWER.FA8819 SDA AND COMBAT POWER SZK-LA | NAICS 541715 | PSC 1555 | set-aside: No Set aside used | EL SEGUNDO, CA","Sources-sought notice (market research) for space vehicles from SDA And Combat Power Szk-La; El Segundo, CA.","['space', 'launch', 'space domain awareness']",[],40062117c45f6d0b,False,True
sam.gov,JDMTA Custodial Services,https://sam.gov/workspace/contract/opp/0c8745fe55194ad5aa774ef69e6dcef9/view,USSF,0c8745fe55194ad5aa774ef69e6dcef9,Combined Synopsis/Solicitation,2026-09-23,2026-09-24,"DEPT OF DEFENSE.DEPT OF THE AIR FORCE.SPACE SYSTEMS COMMAND.FA2521  45 CONS PK | NAICS 561720 | PSC S201 | set-aside: Small Business Set Aside - Total | PATRICK SFB, FL","Combined synopsis/solicitation for custodial janitorial services from 45 CONS PK; small business set aside - total; Patrick Sfb, FL.",['space'],[],84a254b729eb74cc,False,True
sam.gov,Adm 3 - Titian Dorm Beds and Mattress,https://sam.gov/workspace/contract/opp/95bc2323bcdd47a3a12d70c33fe6a4a0/view,USSF,95bc2323bcdd47a3a12d70c33fe6a4a0,Combined Synopsis/Solicitation,2026-09-22,2026-09-23,"DEPT OF DEFENSE.DEPT OF THE AIR FORCE.SPACE SYSTEMS COMMAND.FA4610 30 CONS PK | NAICS 337122 | PSC 7105 | set-aside: Small Business Set Aside - Total | VANDENBERG SFB, CA","Combined synopsis/solicitation for household furniture from 30 CONS PK; small business set aside - total; Vandenberg Sfb, CA.",['space'],[],3544d142a3b2d6db,False,True
sam.gov,Land Mobile Radios,https://sam.gov/workspace/contract/opp/77415fa977d446db9112082ba6363fea/view,USSF,77415fa977d446db9112082ba6363fea,Combined Synopsis/Solicitation,2026-09-22,2026-09-28,"DEPT OF DEFENSE.DEPT OF THE AIR FORCE.SPACE SYSTEMS COMMAND.FA2521  45 CONS PK | NAICS 334220 | PSC 5820 | set-aside: Small Business Set Aside - Total | PATRICK SFB, FL","Combined synopsis/solicitation for radio and television communication equipment, except airborne from 45 CONS PK; small business set aside - total; Patrick Sfb, FL.",['space'],[],fa91ff2ce19f0034,False,True
sam.gov,Automatic Direction-Finding Surveillance System,https://sam.gov/workspace/contract/opp/6e6a971606544c6fa17dafc28569a0c7/view,USSF,6e6a971606544c6fa17dafc28569a0c7,Combined Synopsis/Solicitation,2026-09-22,2026-09-28,"DEPT OF DEFENSE.DEPT OF THE AIR FORCE.SPACE SYSTEMS COMMAND.FA2521  45 CONS PK | NAICS 334220 | PSC 5810 | set-aside: none | PATRICK SFB, FL","Combined synopsis/solicitation for communications security equipment and components from 45 CONS PK; Patrick Sfb, FL.",['space'],[],20855e075c6e21a9,False,True
sam.gov,Defense Meteorological Satellite Program (DMSP) Sensor Support,https://sam.gov/workspace/contract/opp/6bec3164c1d24cba9c14678a9f36b7b2/view,USSF,6bec3164c1d24cba9c14678a9f36b7b2,Sources Sought,2026-09-21,2026-10-14,"DEPT OF DEFENSE.DEPT OF THE AIR FORCE.SPACE SYSTEMS COMMAND.PEO MILITARY COMMUNICATION AND POSITION NAVIGATION TIMING.FA8823  SUSTAINMENT MCPNT SSC/PKL | NAICS 541330 | PSC R425 | set-aside: No Set aside used | PETERSON AFB, CO","Sources-sought notice (market research) for engineering and technical services from Sustainment Mcpnt SSC/Pkl; Peterson Afb, CO.","['space', 'satellite']",[],11515f603140a829,False,False
sam.gov,Motorola Console Upgrade,https://sam.gov/workspace/contract/opp/694025095531471db680f39ffd0fcd2e/view,USSF,694025095531471db680f39ffd0fcd2e,Combined Synopsis/Solicitation,2026-09-21,2026-09-24,"DEPT OF DEFENSE.DEPT OF THE AIR FORCE.SPACE SYSTEMS COMMAND.FA2521  45 CONS PK | NAICS 334220 | PSC 5820 | set-aside: No Set aside used | PATRICK SFB, FL","Combined synopsis/solicitation for radio and television communication equipment, except airborne from 45 CONS PK; Patrick Sfb, FL.",['space'],[],7d9844f1c0eb4dd6,False,False
sam.gov,Space Power and Reactor Capabilities (SPARC) - Draft Request for Proposals (DRFP),https://sam.gov/workspace/contract/opp/cf0e4a5ec0da46f091691e5c7a4b449c/view,NASA,cf0e4a5ec0da46f091691e5c7a4b449c,Presolicitation,2026-09-25,2026-09-28,"NATIONAL AERONAUTICS AND SPACE ADMINISTRATION.NATIONAL AERONAUTICS AND SPACE ADMINISTRATION.NASA GLENN RESEARCH CENTER | NAICS 541715 | PSC AR15 | set-aside: No Set aside used | CLEVELAND, OH","Presolicitation for space r&d svcs; space flight, research & supporting activities; r&d facilities & maj equip from NASA Glenn Research Center; Cleveland, OH.",['space'],[],63bca7dd8f5295a0,False,True
sam.gov,Lunar Enabling Infrastructure Accelerator (LEIA) -Broad Agency Announcement (BAA) NextSTEP-3 Appendix A - Final Solicitation,https://sam.gov/workspace/contract/opp/a6de3e86307449dbbf316af25147e35e/view,NASA,a6de3e86307449dbbf316af25147e35e,Solicitation,2026-09-25,2026-10-15,"NATIONAL AERONAUTICS AND SPACE ADMINISTRATION.NATIONAL AERONAUTICS AND SPACE ADMINISTRATION.NASA GLENN RESEARCH CENTER | NAICS 541715 | PSC AR12 | set-aside: No Set aside used | CLEVELAND, OH","Solicitation for space r&d services; space flight, research and supporting activities; applied research from NASA Glenn Research Center; Cleveland, OH.","['space', 'lunar']",[],fdd414e5e6551df0,False,True
sam.gov,IDEAS-TEK  PIC64HX1000 Computer,https://sam.gov/workspace/contract/opp/907d4daa2625465e86f45efcc2d7a77b/view,NASA,907d4daa2625465e86f45efcc2d7a77b,Special Notice,2026-09-25,2026-09-29,"NATIONAL AERONAUTICS AND SPACE ADMINISTRATION.NATIONAL AERONAUTICS AND SPACE ADMINISTRATION.NASA SHARED SERVICES CENTER | NAICS 334220 | PSC 7E20 | set-aside: none | STENNIS SPACE CENTER, MS","Special notice for hardware, software, and other equipment for end user client computing including tier 1 and 2 help/service desk, deskside support, adds/moves/changes, workspace technical support, audio/video…",['space'],['software'],cabbf45855b26af5,True,True
sam.gov,Purchase RTD Computers for RAVEN,https://sam.gov/workspace/contract/opp/75e97bb2da714303853d803f66818a9a/view,NASA,75e97bb2da714303853d803f66818a9a,Special Notice,2026-09-25,2026-09-29,"NATIONAL AERONAUTICS AND SPACE ADMINISTRATION.NATIONAL AERONAUTICS AND SPACE ADMINISTRATION.NASA SHARED SERVICES CENTER | NAICS 334111 | PSC 7E20 | set-aside: none | STENNIS SPACE CENTER, MS","Special notice for hardware, software, and other equipment for end user client computing including tier 1 and 2 help/service desk, deskside support, adds/moves/changes, workspace technical support, audio/video…",['space'],['software'],8fc11ee40da8b6eb,True,True
sam.gov,Aerospace Power Systems Laboratory (APSL) Facility,https://sam.gov/workspace/contract/opp/6ca300e8194c4dc794640c369d577246/view,NASA,6ca300e8194c4dc794640c369d577246,Solicitation,2026-09-25,2026-10-30,"NATIONAL AERONAUTICS AND SPACE ADMINISTRATION.NATIONAL AERONAUTICS AND SPACE ADMINISTRATION.NASA GLENN RESEARCH CENTER | NAICS 236220 | PSC Y1HB | set-aside: No Set aside used | CLEVELAND, OH","Solicitation for construction of government-owned government-operated r&d facilities from NASA Glenn Research Center; Cleveland, OH.",['space'],[],09a236661b885c40,False,True
sam.gov,Venous Thrombosis (VT),https://sam.gov/workspace/contract/opp/207bcf3cf3274a0db45479187d8c406b/view,NASA,207bcf3cf3274a0db45479187d8c406b,Combined Synopsis/Solicitation,2026-09-25,2026-11-20,"NATIONAL AERONAUTICS AND SPACE ADMINISTRATION.NATIONAL AERONAUTICS AND SPACE ADMINISTRATION.NASA JOHNSON SPACE CENTER | NAICS 541715 | PSC AN22 | set-aside: none | HOUSTON, TX","Combined synopsis/solicitation for health r&d services; health research and training; applied research from NASA Johnson Space Center; Houston, TX.",['space'],[],2c5d7541411a12ae,False,True
sam.gov,NIKON VOXLS 20 C 225 OR EQUIVALENT ORDER,https://sam.gov/workspace/contract/opp/0b9c4d1cd18740b393a6eab683092634/view,NASA,0b9c4d1cd18740b393a6eab683092634,Combined Synopsis/Solicitation,2026-09-25,2026-09-28,"NATIONAL AERONAUTICS AND SPACE ADMINISTRATION.NATIONAL AERONAUTICS AND SPACE ADMINISTRATION.NASA IT PROCUREMENT OFFICE | NAICS 334513 | PSC 6650 | set-aside: No Set aside used | Greenbelt, MD","Combined synopsis/solicitation for optical instruments, test equipment, components and accessories from NASA It Procurement Office; Greenbelt, MD.",['space'],[],41257352405e73f4,False,True
sam.gov,IRCamera IRC812 InSb Infrared Imaging Camera OR EQUIVALENT,https://sam.gov/workspace/contract/opp/f2458c66b13a48c5b64a005d170fa99c/view,NASA,f2458c66b13a48c5b64a005d170fa99c,Combined Synopsis/Solicitation,2026-09-24,2026-09-30,"NATIONAL AERONAUTICS AND SPACE ADMINISTRATION.NATIONAL AERONAUTICS AND SPACE ADMINISTRATION.NASA SHARED SERVICES CENTER | NAICS 334516 | PSC 6640 | set-aside: Small Business Set Aside - Total | STENNIS SPACE CENTER, MS","Combined synopsis/solicitation for laboratory equipment and supplies from NASA Shared Services Center; small business set aside - total; Stennis Space Center, MS.",['space'],[],cad857092449ae1b,False,True
sam.gov,WV Communications Command Panel with Voice Channels,https://sam.gov/workspace/contract/opp/f0cae2e3d69b4a38ac2d77a8b7c28f3e/view,NASA,f0cae2e3d69b4a38ac2d77a8b7c28f3e,Special Notice,2026-09-24,2027-09-29,"NATIONAL AERONAUTICS AND SPACE ADMINISTRATION.NATIONAL AERONAUTICS AND SPACE ADMINISTRATION.NASA SHARED SERVICES CENTER | NAICS 334220 | PSC 7E20 | set-aside: none | STENNIS SPACE CENTER, MS","Special notice for hardware, software, and other equipment for end user client computing including tier 1 and 2 help/service desk, deskside support, adds/moves/changes, workspace technical support, audio/video…",['space'],['software'],cb07ec90ccb2442b,True,True
sam.gov,Cavilux HF Lasers for Schlieren-Based Imaging,https://sam.gov/workspace/contract/opp/ea2939b00d6c4eeeb75cc6dcdb43b189/view,NASA,ea2939b00d6c4eeeb75cc6dcdb43b189,Special Notice,2026-09-24,2026-09-29,"NATIONAL AERONAUTICS AND SPACE ADMINISTRATION | NAICS 334516 | PSC 6640 | set-aside: No Set aside used | , ",Special notice for laboratory equipment and supplies.,['space'],[],4e885c811f8af3ba,False,True
sam.gov,IBM HARDWARE MAINTENANCE AND SUPPORT RENEWAL,https://sam.gov/workspace/contract/opp/ab9e34e5a7e14afa840b9052f747bb59/view,NASA,ab9e34e5a7e14afa840b9052f747bb59,Combined Synopsis/Solicitation,2026-09-24,2026-09-25,"NATIONAL AERONAUTICS AND SPACE ADMINISTRATION.NATIONAL AERONAUTICS AND SPACE ADMINISTRATION.NASA IT PROCUREMENT OFFICE | NAICS 541519 | PSC DA10 | set-aside: No Set aside used | Greenbelt, MD","Combined synopsis/solicitation for support services, delivered as a service contract involved with the analysis, design, development, code, test and release packaging services associated with application development…",['space'],"['NAICS 541519 (other computer related services)', 'PSC DA10 (IT applications (development, support, SaaS))', 'application development']",930a956ae54f8119,True,True
sam.gov,ARGOS Camera Development,https://sam.gov/workspace/contract/opp/a33b6e3301a34e21b7507a67a5b03079/view,NASA,a33b6e3301a34e21b7507a67a5b03079,Special Notice,2026-09-24,2026-09-28,"NATIONAL AERONAUTICS AND SPACE ADMINISTRATION.NATIONAL AERONAUTICS AND SPACE ADMINISTRATION.NASA SHARED SERVICES CENTER | NAICS 541715 | PSC R699 | set-aside: none | STENNIS SPACE CENTER, MS","Special notice for other administrative support services from NASA Shared Services Center; Stennis Space Center, MS.",['space'],[],0f37ac0f005771c5,False,True
sam.gov,Spaceflight Readiness Training (SFRT) Aircraft Modernization,https://sam.gov/workspace/contract/opp/8fb9442cbc7a482ead52adc5ae71f7d3/view,NASA,8fb9442cbc7a482ead52adc5ae71f7d3,Sources Sought,2026-09-24,2026-10-02,"NATIONAL AERONAUTICS AND SPACE ADMINISTRATION.NATIONAL AERONAUTICS AND SPACE ADMINISTRATION.NASA JOHNSON SPACE CENTER | NAICS 336411 | PSC 1510 | set-aside: No Set aside used | HOUSTON, TX","Sources-sought notice (market research) for aircraft, fixed wing from NASA Johnson Space Center; Houston, TX.",['space'],[],d172b5cf0a53e00a,False,True
sam.gov,Ground Systems and Mission Operations-4 (GSMO-4),https://sam.gov/workspace/contract/opp/8c64baee8f4c4910894dd51877e5b239/view,NASA,8c64baee8f4c4910894dd51877e5b239,Sources Sought,2026-09-24,2026-10-26,"NATIONAL AERONAUTICS AND SPACE ADMINISTRATION.NATIONAL AERONAUTICS AND SPACE ADMINISTRATION.NASA GODDARD SPACE FLIGHT CENTER | NAICS 541330 | PSC R499 | set-aside: No Set aside used | GREENBELT, MD","Sources-sought notice (market research) for other professional services from NASA Goddard Space Flight Center; Greenbelt, MD.",['space'],[],3eaeeb21a0b26b0d,False,True
sam.gov,Spaceport Infrastructure Maintenance and Operations (SIMO),https://sam.gov/workspace/contract/opp/7d169b039f7d43e596cd54b09831fd7e/view,NASA,7d169b039f7d43e596cd54b09831fd7e,Sources Sought,2026-09-24,2026-07-01,"NATIONAL AERONAUTICS AND SPACE ADMINISTRATION.NATIONAL AERONAUTICS AND SPACE ADMINISTRATION.NASA KENNEDY SPACE CENTER | NAICS 561210 | PSC Z1AZ | set-aside: No Set aside used | KENNEDY SPACE CENTER, FL","Sources-sought notice (market research) for maintenance of other administrative facilities and service buildings from NASA Kennedy Space Center; Kennedy Space Center, FL.",['space'],[],c6b40774b3fff61b,False,True
sam.gov,PROTOTYPING FOR TECHNOLOGY TRANSFER,https://sam.gov/workspace/contract/opp/435f3cb955d447a9b4a530e82bd540b7/view,NASA,435f3cb955d447a9b4a530e82bd540b7,Special Notice,2026-09-24,2026-09-29,"NATIONAL AERONAUTICS AND SPACE ADMINISTRATION.NATIONAL AERONAUTICS AND SPACE ADMINISTRATION.NASA SHARED SERVICES CENTER | NAICS 541715 | PSC AJ13 | set-aside: none | STENNIS SPACE CENTER, MS","Special notice for general science & technology r&d svcs; general science & technology; experimental development from NASA Shared Services Center; Stennis Space Center, MS.",['space'],[],16c1d0131ec60066,False,True
sam.gov,Net New - Alloy Analyzer,https://sam.gov/workspace/contract/opp/10b6d57c595e4fc4a3790c089ee9d3f4/view,NASA,10b6d57c595e4fc4a3790c089ee9d3f4,Special Notice,2026-09-24,2026-09-29,"NATIONAL AERONAUTICS AND SPACE ADMINISTRATION.NATIONAL AERONAUTICS AND SPACE ADMINISTRATION.NASA SHARED SERVICES CENTER | NAICS 334513 | PSC 7E20 | set-aside: none | STENNIS SPACE CENTER, MS","Special notice for hardware, software, and other equipment for end user client computing including tier 1 and 2 help/service desk, deskside support, adds/moves/changes, workspace technical support, audio/video…",['space'],['software'],8989159a7feda3b5,True,True
sam.gov,NASA Research Announcement: V-Band,https://sam.gov/workspace/contract/opp/fe7a38cf4eed4aec87bdb24c3ecd8671/view,NASA,fe7a38cf4eed4aec87bdb24c3ecd8671,Sources Sought,2026-09-23,2026-10-06,"NATIONAL AERONAUTICS AND SPACE ADMINISTRATION.NATIONAL AERONAUTICS AND SPACE ADMINISTRATION.NASA GLENN RESEARCH CENTER | NAICS 541715 | PSC None | set-aside: none | CLEVELAND, OH","Sources-sought notice (market research) for research and development in the physical, engineering, and life sciences from NASA Glenn Research Center; Cleveland, OH.",['space'],[],cf9f3933e1230f9e,False,True
sam.gov,ight-qualified imaging subsystem for the TERP RAPTOR 12U CubeSat mission to asteroid Apophis.,https://sam.gov/workspace/contract/opp/6e7431f08a1a4012bf663ea1645f4f7f/view,NASA,6e7431f08a1a4012bf663ea1645f4f7f,Special Notice,2026-09-23,2026-09-26,"NATIONAL AERONAUTICS AND SPACE ADMINISTRATION.NATIONAL AERONAUTICS AND SPACE ADMINISTRATION.NASA SHARED SERVICES CENTER | NAICS 336419 | PSC 6760 | set-aside: none | STENNIS SPACE CENTER, MS","Special notice for photographic equipment and accessories from NASA Shared Services Center; Stennis Space Center, MS.",['space'],[],7b47e8019cf7baaa,False,True
sam.gov,CEQ Solutions Marketplace and Public-Private Partnership Engagement Support Task Order 094-80JSC026F0110,https://sam.gov/workspace/contract/opp/1e407f0fe0614cb39dbe85b20ac46a76/view,NASA,1e407f0fe0614cb39dbe85b20ac46a76,Special Notice,2026-09-23,2026-10-23,"NATIONAL AERONAUTICS AND SPACE ADMINISTRATION.NATIONAL AERONAUTICS AND SPACE ADMINISTRATION.NASA JOHNSON SPACE CENTER | NAICS 541990 | PSC R499 | set-aside: Small Business Set Aside - Total | HOUSTON, TX","Special notice for other professional services from NASA Johnson Space Center; small business set aside - total; Houston, TX.",['space'],[],b40acb28b3ec441b,False,True
sam.gov,Treston Electrostatic Discharge (ESD) compliant laboratory benches and chairs,https://sam.gov/workspace/contract/opp/1650e52561394873818e609ec5a4f038/view,NASA,1650e52561394873818e609ec5a4f038,Combined Synopsis/Solicitation,2026-09-23,2026-09-24,"NATIONAL AERONAUTICS AND SPACE ADMINISTRATION.NATIONAL AERONAUTICS AND SPACE ADMINISTRATION.NASA SHARED SERVICES CENTER | NAICS 337127 | PSC 6640 | set-aside: No Set aside used | STENNIS SPACE CENTER, MS","Combined synopsis/solicitation for laboratory equipment and supplies from NASA Shared Services Center; Stennis Space Center, MS.",['space'],[],fc6922d9a764d60a,False,True
sam.gov,Prototype Operational Modeling Framework for Manifest Feasibility in support of NASA KSC Spaceport Digital Twin,https://sam.gov/workspace/contract/opp/026f7fa9f3ba479f8817b980ca236adf/view,NASA,026f7fa9f3ba479f8817b980ca236adf,Combined Synopsis/Solicitation,2026-09-23,2026-09-29,"NATIONAL AERONAUTICS AND SPACE ADMINISTRATION.NATIONAL AERONAUTICS AND SPACE ADMINISTRATION.NASA SHARED SERVICES CENTER | NAICS 611310 | PSC R499 | set-aside: none | STENNIS SPACE CENTER, MS","Combined synopsis/solicitation for other professional services from NASA Shared Services Center; Stennis Space Center, MS.",['space'],['digital twin'],f3991d094b7dd767,True,True
sam.gov,fluid systems components needed as spares for Kennedy Space Center Propellants and Life Support Services (KPLSS) equipment,https://sam.gov/workspace/contract/opp/3cdbf060290f4eb0a7aedcd566bcf5c1/view,NASA,3cdbf060290f4eb0a7aedcd566bcf5c1,Combined Synopsis/Solicitation,2026-09-22,2026-09-25,"NATIONAL AERONAUTICS AND SPACE ADMINISTRATION.NATIONAL AERONAUTICS AND SPACE ADMINISTRATION.NASA SHARED SERVICES CENTER | NAICS 334516 | PSC 6640 | set-aside: No Set aside used | STENNIS SPACE CENTER, MS","Combined synopsis/solicitation for laboratory equipment and supplies from NASA Shared Services Center; Stennis Space Center, MS.",['space'],[],60678fb0f25b72b2,False,True
sam.gov,2026 service contract of ICP-OES instrument,https://sam.gov/workspace/contract/opp/e7d31e45ce0d4e2a854968e9eba3e753/view,NASA,e7d31e45ce0d4e2a854968e9eba3e753,Special Notice,2026-09-21,2026-09-24,"NATIONAL AERONAUTICS AND SPACE ADMINISTRATION.NATIONAL AERONAUTICS AND SPACE ADMINISTRATION.NASA SHARED SERVICES CENTER | NAICS 811210 | PSC J066 | set-aside: No Set aside used | STENNIS SPACE CENTER, MS","Special notice for maintenance, repair and rebuilding of equipment: instruments and laboratory equipment from NASA Shared Services Center; Stennis Space Center, MS.",['space'],[],3b9b52be9372b3f1,False,False
sam.gov,Commercial Low Earth Orbit (LEO) Destination Contract (CLDC) Draft Request for Proposal,https://sam.gov/workspace/contract/opp/58735c66ceb0460da218faebe397f155/view,NASA,58735c66ceb0460da218faebe397f155,Sources Sought,2026-09-21,2026-07-27,"NATIONAL AERONAUTICS AND SPACE ADMINISTRATION.NATIONAL AERONAUTICS AND SPACE ADMINISTRATION.NASA JOHNSON SPACE CENTER | NAICS 336414 | PSC V126 | set-aside: No Set aside used | HOUSTON, TX","Sources-sought notice (market research) for space transportation and launch services from NASA Johnson Space Center; Houston, TX.","['space', 'orbit', 'leo']",[],3a7b7812129b8ce7,False,False
sam.gov,"Coated Yarn Prototyping , and Testing",https://sam.gov/workspace/contract/opp/56bbcc6c96444ac0aff13b506994b1af/view,NASA,56bbcc6c96444ac0aff13b506994b1af,Special Notice,2026-09-21,2026-09-23,"NATIONAL AERONAUTICS AND SPACE ADMINISTRATION.NATIONAL AERONAUTICS AND SPACE ADMINISTRATION.NASA SHARED SERVICES CENTER | NAICS 325211 | PSC AJ11 | set-aside: none | STENNIS SPACE CENTER, MS","Special notice for general science and technology r&d services; general science and technology; basic research from NASA Shared Services Center; Stennis Space Center, MS.",['space'],[],85c1795a03b46407,False,False
sam.gov,LAND AND PROPERTY ANALYSIS,https://sam.gov/workspace/contract/opp/0d7049f4b606403596760be30edcd760/view,NASA,0d7049f4b606403596760be30edcd760,Solicitation,2026-09-21,2026-09-25,"NATIONAL AERONAUTICS AND SPACE ADMINISTRATION.NATIONAL AERONAUTICS AND SPACE ADMINISTRATION.NASA SHARED SERVICES CENTER | NAICS 541370 | PSC R499 | set-aside: No Set aside used | STENNIS SPACE CENTER, MS","Solicitation for other professional services from NASA Shared Services Center; Stennis Space Center, MS.",['space'],[],99e8394500adf943,False,False
sam.gov,Request for Information - Potential Research and Technology Partnership Opportunities,https://sam.gov/workspace/contract/opp/11832b9204eb4d4ea08b7c696c2b62ca/view,NASA,11832b9204eb4d4ea08b7c696c2b62ca,Special Notice,2026-09-20,2026-11-20,"NATIONAL AERONAUTICS AND SPACE ADMINISTRATION | NAICS 927110 | PSC None | set-aside: No Set aside used | , ",Special notice for space research and technology.,['space'],[],77d859ca7c9357fc,False,False
sam.gov,Request for Proposal (RFP) - Resilient Missile Warning Tracking (RMWT) Low Earth Orbit (LEO) Ground Entry Points (GEPs),https://sam.gov/workspace/contract/opp/6242d04b62da48f58f362c185d000df0/view,SDA,6242d04b62da48f58f362c185d000df0,Solicitation,2026-09-25,2026-11-02,"DEPT OF DEFENSE.DEPT OF THE AIR FORCE.SPACE DEVELOPMENT AGENCY.FA2401 SPACE DEVELOPMENT AGENCY SDA | NAICS 541715 | PSC AC13 | set-aside: No Set aside used | CHANTILLY, VA","Solicitation for national defense r&d services; department of defense - military; experimental development from Space Development Agency SDA; Chantilly, VA.","['space', 'orbit', 'missile warning', 'leo']",[],0a754d6c2d747117,False,True
sam.gov,Performance Enhanced Real-time Ground Environment (PEREGRINE) Sentry,https://sam.gov/workspace/contract/opp/2f199343f536422c9e0a5b6b400c8827/view,SDA,2f199343f536422c9e0a5b6b400c8827,Sources Sought,2026-09-23,2026-10-23,"DEPT OF DEFENSE.DEPT OF THE AIR FORCE.SPACE DEVELOPMENT AGENCY.FA2401 SPACE DEVELOPMENT AGENCY SDA | NAICS 541715 | PSC AC13 | set-aside: No Set aside used | CHANTILLY, VA","Sources-sought notice (market research) for national defense r&d services; department of defense - military; experimental development from Space Development Agency SDA; Chantilly, VA.",['space'],[],861b3d31c977f55e,False,True
sam.gov,"Maritime Activity Reports, Inc. advertising space",https://sam.gov/workspace/contract/opp/9ccd49c49ef442b5ada5ccddafeb6722/view,NOAA,9ccd49c49ef442b5ada5ccddafeb6722,Solicitation,2026-09-23,2026-09-25,"COMMERCE, DEPARTMENT OF.NATIONAL OCEANIC AND ATMOSPHERIC ADMINISTRATION.DEPT OF COMMERCE NOAA | NAICS 513120 | PSC T011 | set-aside: none | NORFOLK, VA","Solicitation for print/binding services from Dept Of Commerce Noaa; Norfolk, VA.",['space'],[],0cd9cfd463d895d1,False,True
sam.gov,"T--Training Resourced, LTD advertising space",https://sam.gov/workspace/contract/opp/4ffc2ba4a13b421494364dfaaf1f193e/view,NOAA,4ffc2ba4a13b421494364dfaaf1f193e,Solicitation,2026-09-23,2026-09-25,"COMMERCE, DEPARTMENT OF.NATIONAL OCEANIC AND ATMOSPHERIC ADMINISTRATION.DEPT OF COMMERCE NOAA | NAICS 513120 | PSC T011 | set-aside: none | NORFOLK, VA","Solicitation for print/binding services from Dept Of Commerce Noaa; Norfolk, VA.",['space'],[],dcd027bfe17efe20,False,True
sam.gov,CANCELLATION OF SOLICITATION NOTICE: 191N6026Q0008 – PR16205552 - Physical space design and furnishing work at American Center Chennai,https://sam.gov/workspace/contract/opp/1aff01da2b254c46906e5e5dccaf571c/view,"STATE, DEPARTMENT OF",1aff01da2b254c46906e5e5dccaf571c,Special Notice,2026-09-28,2026-10-28,"STATE, DEPARTMENT OF.STATE, DEPARTMENT OF.AMERICAN CONSULATE CHENNAI | NAICS 541410 | PSC N071 | set-aside: No Set aside used | WASHINGTON, DC","Special notice for installation of equipment: furniture from American Consulate Chennai; Washington, DC.",['space'],[],12d104cc3824582a,False,True
sam.gov,Intent to Sole Source Confined Space Self‑Contained Breathing Apparatus (SCBA) Confidence Maze,https://sam.gov/workspace/contract/opp/dd56695227f54eda8c9e775158ed65fe/view,DEPT OF DEFENSE,dd56695227f54eda8c9e775158ed65fe,Special Notice,2026-09-26,2026-09-28,"DEPT OF DEFENSE.DEPT OF THE AIR FORCE.AIR FORCE MATERIEL COMMAND.AIR FORCE TEST CENTER.FA9301  AFTC PZIO | NAICS 332311 | PSC 6910 | set-aside: Small Business Set Aside - Total | EDWARDS AFB, CA","Special notice for training aids from Aftc Pzio; small business set aside - total; Edwards Afb, CA.",[],[],4be1ed9fb4a95510,False,True
sam.gov,"Lease Space in Scottsbluff, NE",https://sam.gov/workspace/contract/opp/e5c578821b1447a2b99a7a90951f3bed/view,GENERAL SERVICES ADMINISTRATION,e5c578821b1447a2b99a7a90951f3bed,Presolicitation,2026-09-25,2026-10-02,"GENERAL SERVICES ADMINISTRATION.PUBLIC BUILDINGS SERVICE.PBS OFFICE OF LEASING | NAICS 531120 | PSC X1AA | set-aside: none | WASHINGTON, DC","Presolicitation for lease/rental of office buildings from Pbs Office Of Leasing; Washington, DC.",[],[],b3051096a082649c,False,True
sam.gov,"General Services Administration (GSA) seeks to lease office space in Ventura, CA",https://sam.gov/workspace/contract/opp/b062cee5062a46e0b6768c2e35a75a26/view,GENERAL SERVICES ADMINISTRATION,b062cee5062a46e0b6768c2e35a75a26,Presolicitation,2026-09-25,2026-10-15,"GENERAL SERVICES ADMINISTRATION.PUBLIC BUILDINGS SERVICE.PBS R00 CENTER FOR BROKER SERVICES | NAICS 531120 | PSC X1AA | set-aside: none | WASHINGTON, DC","Presolicitation for lease/rental of office buildings from Pbs R00 Center For Broker Services; Washington, DC.",[],[],cf4bfc80cbe7288f,False,True
sam.gov,ARPA-H Comprehensive Organ System Modeling in Outer Space (COSMOS) Innovative Solutions Opening,https://sam.gov/workspace/contract/opp/8fad2e0c9f0b4559b939760a3f82ebbb/view,"HEALTH AND HUMAN SERVICES, DEPARTMENT OF",8fad2e0c9f0b4559b939760a3f82ebbb,Solicitation,2026-09-25,2026-10-07,"HEALTH AND HUMAN SERVICES, DEPARTMENT OF.NATIONAL INSTITUTES OF HEALTH.ADVANCED RESEARCH PROJECTS AGENCY FOR HEALTH (ARPA-H) | NAICS 541714 | PSC AN13 | set-aside: none | Washington, DC","Solicitation for health r&d services; health care services; experimental development from Advanced Research Projects Agency For Health (Arpa-H); Washington, DC.",['space'],[],b427c1f30bbbca11,False,True
sam.gov,"The Government is seeking to lease office and related space in Madison, WI.",https://sam.gov/workspace/contract/opp/864988f1306c4c06b192fedb490a88ad/view,GENERAL SERVICES ADMINISTRATION,864988f1306c4c06b192fedb490a88ad,Presolicitation,2026-09-25,2026-10-16,"GENERAL SERVICES ADMINISTRATION.PUBLIC BUILDINGS SERVICE.PBS OFFICE OF LEASING | NAICS 531120 | PSC X1AA | set-aside: none | WASHINGTON, DC","Presolicitation for lease/rental of office buildings from Pbs Office Of Leasing; Washington, DC.",[],[],e2581a677eb2516a,False,True
sam.gov,Collins Aerospace Life Cycle Contractor Support Service (LCCS) for Tactical Mission Networking (TMN),https://sam.gov/workspace/contract/opp/41c12eea90c04d94a410ab506093f03c/view,DEPT OF DEFENSE,41c12eea90c04d94a410ab506093f03c,Sources Sought,2026-09-25,2026-09-28,"DEPT OF DEFENSE.US SPECIAL OPERATIONS COMMAND (USSOCOM).AMSAM-SPK | NAICS 334511 | PSC R425 | set-aside: No Set aside used | FORT EUSTIS, VA","Sources-sought notice (market research) for engineering and technical services from Amsam-Spk; Fort Eustis, VA.",[],[],29f66c02a6f3ed15,False,True
sam.gov,Dual-Chamber Aerospace Heat Treating (DCAHT) Furnace System Full and open competition,https://sam.gov/workspace/contract/opp/41503dac0089403eb8cc85e341c8f22d/view,DEPT OF DEFENSE,41503dac0089403eb8cc85e341c8f22d,Combined Synopsis/Solicitation,2026-09-25,2026-09-28,"DEPT OF DEFENSE.DEPT OF THE AIR FORCE.AIR FORCE MATERIEL COMMAND.AIR FORCE TEST CENTER.FA9301  AFTC PZIO | NAICS 333994 | PSC 4430 | set-aside: No Set aside used | EDWARDS AFB, CA","Combined synopsis/solicitation for industrial furnaces, kilns, lehrs, and ovens from Aftc Pzio; Edwards Afb, CA.",[],[],7c94a29d0129a2ff,False,True
sam.gov,"SPACER,COMPRESSOR R",https://sam.gov/workspace/contract/opp/023b97f23b00492c8fab80adc0837d06/view,DEPT OF DEFENSE,023b97f23b00492c8fab80adc0837d06,Solicitation,2026-09-25,2026-10-26,"DEPT OF DEFENSE.DEFENSE LOGISTICS AGENCY.DLA AVIATION.DLA AVIATION OKLAHOMA CITY.DLA AVIATION AT OKLAHOMA CITY, OK | NAICS 336412 | PSC 2840 | set-aside: none | TINKER AFB, OK","Solicitation for gas turbines and jet engines, aircraft, prime moving; and components from Dla Aviation At Oklahoma City, Ok; Tinker Afb, OK.",[],[],c66e739943c19acf,False,True
sam.gov,"Seeking Competitive Lease Proposals – Administrative Office Space in in Philadelphia, PA - Request for Lease Proposals No. 26NAT02",https://sam.gov/workspace/contract/opp/fe04b4bf94724141a33857461cdfe799/view,GENERAL SERVICES ADMINISTRATION,fe04b4bf94724141a33857461cdfe799,Solicitation,2026-09-24,2026-10-07,"GENERAL SERVICES ADMINISTRATION.PUBLIC BUILDINGS SERVICE.PBS OFFICE OF LEASING | NAICS 531120 | PSC X1AA | set-aside: none | WASHINGTON, DC","Solicitation for lease/rental of office buildings from Pbs Office Of Leasing; Washington, DC.",[],[],f8e6bf573fe2e27e,False,True
sam.gov,"United States Space Force (USSF) Battle Management, Command, Control, Communication and Space Intelligence (BMC3I) Satellite Communication Augmentation Resource (SCAR) Program Office (PMO) Commercial Solutions Opening (CSO) Two Phase Closed Variant",https://sam.gov/workspace/contract/opp/f1d6ae6b9ecf42598f275ff8966b07ce/view,MDA,f1d6ae6b9ecf42598f275ff8966b07ce,Special Notice,2026-09-24,2026-10-15,"DEPT OF DEFENSE.MISSILE DEFENSE AGENCY (MDA).MISSILE DEFENSE AGENCY (MDA) | NAICS 541715 | PSC 5985 | set-aside: No Set aside used | HUNTSVILLE, AL","Special notice for antennas, waveguide, and related equipment from Missile Defense Agency (Mda); Huntsville, AL.","['space', 'satellite']",['battle management'],f4f496b1082b958d,True,True
sam.gov,"US GOVERNMENT WANTS TO LEASE OFFICE SPACE IN SOUTHAVEN, MS",https://sam.gov/workspace/contract/opp/c9377aa602064f969cdfa6be3963cde8/view,GENERAL SERVICES ADMINISTRATION,c9377aa602064f969cdfa6be3963cde8,Presolicitation,2026-09-24,2026-10-23,"GENERAL SERVICES ADMINISTRATION.PUBLIC BUILDINGS SERVICE.PBS R00 CENTER FOR BROKER SERVICES | NAICS 531120 | PSC X1AA | set-aside: none | WASHINGTON, DC","Presolicitation for lease/rental of office buildings from Pbs R00 Center For Broker Services; Washington, DC.",[],[],729f8b5259107863,False,True
sam.gov,"The government seeks expression of interest from lessors to lease office space in Portland, Maine",https://sam.gov/workspace/contract/opp/60ebab753c4f476987c699d5b35b9c73/view,GENERAL SERVICES ADMINISTRATION,60ebab753c4f476987c699d5b35b9c73,Presolicitation,2026-09-24,2026-10-06,"GENERAL SERVICES ADMINISTRATION.PUBLIC BUILDINGS SERVICE.PBS OFFICE OF LEASING | NAICS 531120 | PSC X1AA | set-aside: none | WASHINGTON, DC","Presolicitation for lease/rental of office buildings from Pbs Office Of Leasing; Washington, DC.",[],[],d13472542b12fd76,False,True
sam.gov,US Government Seeks to Lease Office Space around Hanscom AFB,https://sam.gov/workspace/contract/opp/0506ef05e61c455aa368b05612fe1c94/view,DEPT OF DEFENSE,0506ef05e61c455aa368b05612fe1c94,Sources Sought,2026-09-24,2026-09-30,"DEPT OF DEFENSE.DEPT OF THE AIR FORCE.FA2287 LOOKING GLASS NEXT WVG | NAICS 531120 | PSC X1AA | set-aside: No Set aside used | HANSCOM AFB, MA","Sources-sought notice (market research) for lease/rental of office buildings from Looking Glass Next Wvg; Hanscom Afb, MA.",[],[],1f361ef8177230f8,False,True
sam.gov,"U.S. Department of Agriculture (USDA) Seeks to Lease Office and Related Space in Derwood, Maryland - Request For Lease Proposals (RLP)",https://sam.gov/workspace/contract/opp/e152acd8e5e24d8188ccaf62ec6219eb/view,"AGRICULTURE, DEPARTMENT OF",e152acd8e5e24d8188ccaf62ec6219eb,Solicitation,2026-09-23,2026-10-30,"AGRICULTURE, DEPARTMENT OF.FARM PRODUCTION AND CONSERVATION BUSINESS CENTER.FPAC BUS CNTR-MGMT SVS DIV | NAICS 531120 | PSC X1AA | set-aside: No Set aside used | WASHINGTON, DC","Solicitation for lease/rental of office buildings from Fpac Bus Cntr-Mgmt Svs Div; Washington, DC.",[],[],14d85d311eda1c7a,False,True
sam.gov,"General Services Administration (GSA) seeks to lease office space in Brunswick, GA",https://sam.gov/workspace/contract/opp/b84f80b103884cc0b4c5e9ec3651aab4/view,GENERAL SERVICES ADMINISTRATION,b84f80b103884cc0b4c5e9ec3651aab4,Presolicitation,2026-09-23,2026-10-14,"GENERAL SERVICES ADMINISTRATION.PUBLIC BUILDINGS SERVICE.PBS OFFICE OF LEASING | NAICS 531120 | PSC X1AA | set-aside: No Set aside used | WASHINGTON, DC","Presolicitation for lease/rental of office buildings from Pbs Office Of Leasing; Washington, DC.",[],[],18abe5887e3df30b,False,True
sam.gov,"US Government seeks to Lease Office Space in Cleveland, Ohio",https://sam.gov/workspace/contract/opp/ab89c00f7e8548868553499e70f3b29a/view,GENERAL SERVICES ADMINISTRATION,ab89c00f7e8548868553499e70f3b29a,Solicitation,2026-09-23,2026-09-30,"GENERAL SERVICES ADMINISTRATION.PUBLIC BUILDINGS SERVICE.PBS R00 CENTER FOR BROKER SERVICES | NAICS 531120 | PSC X1AA | set-aside: No Set aside used | WASHINGTON, DC","Solicitation for lease/rental of office buildings from Pbs R00 Center For Broker Services; Washington, DC.",[],[],0f04c60156ea6628,False,True
sam.gov,Marine Corps Cyberspace Environment (MCCE) Operational Support Services (OSS) and Enterprise Artificial Intelligence (AI) Integration,https://sam.gov/workspace/contract/opp/0844995c89404dfbbe638692a0d0f7e2/view,DEPT OF DEFENSE,0844995c89404dfbbe638692a0d0f7e2,Sources Sought,2026-09-23,2026-10-19,"DEPT OF DEFENSE.DEPT OF THE NAVY.USMC.MARCOR SYSCOM.COMMANDER | NAICS 541513 | PSC DA01 | set-aside: No Set aside used | QUANTICO, VA","Sources-sought notice (market research) for support services for activities involved with application development and support to include analysis, design, development, coding, testing, and release packaging, as well as…",[],"['PSC DA01 (IT applications (development, support, SaaS))', 'application development', 'coding', 'artificial intelligence']",7a2519c58203f391,True,True
sam.gov,"USDA Seeks to Lease Office and Related Space in Georgetown, Sussex County, Deleware",https://sam.gov/workspace/contract/opp/f3afbb94df144944925162606d16b868/view,"AGRICULTURE, DEPARTMENT OF",f3afbb94df144944925162606d16b868,Solicitation,2026-09-22,2026-10-05,"AGRICULTURE, DEPARTMENT OF.FARM PRODUCTION AND CONSERVATION BUSINESS CENTER.FPAC BUS CNTR-MGMT SVS DIV | NAICS 531120 | PSC X1AA | set-aside: No Set aside used | WASHINGTON, DC","Solicitation for lease/rental of office buildings from Fpac Bus Cntr-Mgmt Svs Div; Washington, DC.",[],[],5c827513a64e9d32,False,True
sam.gov,"US Government Seeks Office and Related Space in Washington, D.C.",https://sam.gov/workspace/contract/opp/d73adb02eaa24d3e966aaebe6e8d1af2/view,GENERAL SERVICES ADMINISTRATION,d73adb02eaa24d3e966aaebe6e8d1af2,Presolicitation,2026-09-22,2026-09-28,"GENERAL SERVICES ADMINISTRATION.PUBLIC BUILDINGS SERVICE.PBS OFFICE OF LEASING | NAICS 531120 | PSC X1AA | set-aside: none | WASHINGTON, DC","Presolicitation for lease/rental of office buildings from Pbs Office Of Leasing; Washington, DC.",[],[],e18b02abb8e7061f,False,True
sam.gov,S215--Spacesaver and VIDIR Bed Lift Preventative Maintenance -  Services - SAVAHCS,https://sam.gov/workspace/contract/opp/a379421dc79240fcb9674af746142069/view,"VETERANS AFFAIRS, DEPARTMENT OF",a379421dc79240fcb9674af746142069,Combined Synopsis/Solicitation,2026-09-22,2026-10-05,"VETERANS AFFAIRS, DEPARTMENT OF.VETERANS AFFAIRS, DEPARTMENT OF.262-NETWORK CONTRACT OFFICE 22 (36C262) | NAICS 561210 | PSC S215 | set-aside: Small Business Set Aside - Total | Gilbert, AZ","Combined synopsis/solicitation for warehousing and storage services from 262-Network Contract Office 22 (36C262); small business set aside - total; Gilbert, AZ.",['space'],[],d00668681abfb771,False,True
sam.gov,"CONSTRUCT US SPACE FORCE INTEGRATION FACILITY, F/10852 WPAFB, OHIO",https://sam.gov/workspace/contract/opp/95469e02c09a417091ea94cdec5bfd3e/view,DEPT OF DEFENSE,95469e02c09a417091ea94cdec5bfd3e,Sources Sought,2026-09-22,2026-10-06,"DEPT OF DEFENSE.DEPT OF THE ARMY.US ARMY CORPS OF ENGINEERS.ENGINEER DIVISION GREAT LAKES AND OHIO.ENDIST LOUISVILLE.W072 ENDIST LOUISVILLE | NAICS 236220 | PSC None | set-aside: none | LOUISVILLE, KY","Sources-sought notice (market research) for commercial and institutional building construction from W072 Endist Louisville; Louisville, KY.",['space'],[],364c5ad6193f717f,False,True
sam.gov,"HOTEL SPACE, YOKOTA AIR BASE",https://sam.gov/workspace/contract/opp/91c025e06c354b458dba6059c93b2806/view,DEPT OF DEFENSE,91c025e06c354b458dba6059c93b2806,Presolicitation,2026-09-22,2026-10-09,"DEPT OF DEFENSE.DEPT OF THE ARMY.US ARMY CORPS OF ENGINEERS.ENGINEER DIVISION PACIFIC OCEAN.ENDIST JAPAN.W2SN ENDIST JAPAN | NAICS 236220 | PSC Y1FZ | set-aside: No Set aside used | APO, AP","Presolicitation for construction of other residential buildings from W2Sn Endist Japan; Apo, AP.",['space'],[],7f137d7b8a14e630,False,True
sam.gov,Administrative Space Expansion - Combined Special Operations Group (CSOG),https://sam.gov/workspace/contract/opp/79870848f4b6470c805322571893aba5/view,DEPT OF DEFENSE,79870848f4b6470c805322571893aba5,Solicitation,2026-09-22,2026-10-09,"DEPT OF DEFENSE.DEFENSE INFORMATION SYSTEMS AGENCY (DISA).IT CONTRACTING DIVISION - PL83 | NAICS 561210 | PSC Z2AA | set-aside: Small Business Set Aside - Total | SCOTT AFB, IL","Solicitation for repair or alteration of office buildings from It Contracting Division - Pl83; small business set aside - total; Scott Afb, IL.",[],[],33f57030a8cda5e1,False,True
sam.gov,"United States Department of Agriculture Seeks to Lease Office Space in Yuba City, CA",https://sam.gov/workspace/contract/opp/74abac81d4204a4dbd12b9214c9d525c/view,"AGRICULTURE, DEPARTMENT OF",74abac81d4204a4dbd12b9214c9d525c,Solicitation,2026-09-22,2026-10-22,"AGRICULTURE, DEPARTMENT OF.FARM PRODUCTION AND CONSERVATION BUSINESS CENTER.FPAC BUS CNTR-MGMT SVS DIV | NAICS 531120 | PSC X1AA | set-aside: none | WASHINGTON, DC","Solicitation for lease/rental of office buildings from Fpac Bus Cntr-Mgmt Svs Div; Washington, DC.",[],[],81463888679d7dfa,False,True
sam.gov,"Lease of Office Space within Corpus Christi, TX. Request for Lease Proposals (RLP) #26NAT01 - Office Space",https://sam.gov/workspace/contract/opp/732fbbcd38e44ac8a4789fbe03ae23d7/view,GENERAL SERVICES ADMINISTRATION,732fbbcd38e44ac8a4789fbe03ae23d7,Combined Synopsis/Solicitation,2026-09-22,2026-10-07,"GENERAL SERVICES ADMINISTRATION.PUBLIC BUILDINGS SERVICE.PBS OFFICE OF LEASING | NAICS 531120 | PSC X1AA | set-aside: none | WASHINGTON, DC","Combined synopsis/solicitation for lease/rental of office buildings from Pbs Office Of Leasing; Washington, DC.",[],[],075ba197002b7caf,False,True
sam.gov,PA-AEIF Summit Hotel accommodations and conference space,https://sam.gov/workspace/contract/opp/701526aa557b401f882bdf3835605cb6/view,"STATE, DEPARTMENT OF",701526aa557b401f882bdf3835605cb6,Solicitation,2026-09-22,2026-09-24,"STATE, DEPARTMENT OF.STATE, DEPARTMENT OF.US EMBASSY TUNIS | NAICS 721110 | PSC V231 | set-aside: No Set aside used | WASHINGTON, DC","Solicitation for lodging - hotel/motel from Us Embassy Tunis; Washington, DC.",['space'],[],7c3b53abdf079716,False,True
sam.gov,REQUEST FOR INFORMATION (RFI)/ SOURCES SOUGHT Space Force Mission Delta 9 (MD9) – SL-5 EC2-S Ground System Sustainment,https://sam.gov/workspace/contract/opp/63826e3d171a4f228a888ce5cb72b5a1/view,DEPT OF DEFENSE,63826e3d171a4f228a888ce5cb72b5a1,Sources Sought,2026-09-22,2026-10-11,"DEPT OF DEFENSE.DEPT OF THE AIR FORCE.AIR FORCE SPACE COMMAND.FA2518 USSF SPOC/SAIO | NAICS None | PSC None | set-aside: none | PETERSON AFB, CO","Sources-sought notice (market research) for goods or services from USSF Spoc/Saio; Peterson Afb, CO.",['space'],[],f6454c3966f03df9,False,True
sam.gov,"53--SPACER,SLEEVE",https://sam.gov/workspace/contract/opp/56a23121cd4d461e968a2aeafd0c7430/view,DEPT OF DEFENSE,56a23121cd4d461e968a2aeafd0c7430,Combined Synopsis/Solicitation,2026-09-22,2026-09-30,"DEPT OF DEFENSE.DEFENSE LOGISTICS AGENCY.DLA AVIATION.DLA AV RICHMOND.DLA AVIATION | NAICS 332119 | PSC 53 | set-aside: SBA Certified Women-Owned Small Business (WOSB) Program Set-Aside (FAR 19.15) | RICHMOND, VA","Combined synopsis/solicitation for hardware and abrasives from Dla Aviation; sba certified women-owned small business (wosb) program set-aside (far 19.15); Richmond, VA.",[],[],b5545b1332e2f2a3,False,True
sam.gov,Combined Synopsis/Solicitation & Notice of Intent to Sole Source to Tradespace for Subscription,https://sam.gov/workspace/contract/opp/47abb7f9ce68401192697abc9a0163ed/view,"HEALTH AND HUMAN SERVICES, DEPARTMENT OF",47abb7f9ce68401192697abc9a0163ed,Combined Synopsis/Solicitation,2026-09-22,2026-09-22,"HEALTH AND HUMAN SERVICES, DEPARTMENT OF.FOOD AND DRUG ADMINISTRATION.FDA OFFICE OF ACQ  GRANT SVCS | NAICS 513210 | PSC DA10 | set-aside: No Set aside used | Rockville, MD","Combined synopsis/solicitation for support services, delivered as a service contract involved with the analysis, design, development, code, test and release packaging services associated with application development…",[],"['NAICS 513210 (software publishers)', 'PSC DA10 (IT applications (development, support, SaaS))', 'application development']",1e89c9d1956b8cd7,True,True
sam.gov,"Space Warfighter Training, Modeling, and Simulation Support",https://sam.gov/workspace/contract/opp/4004f21e9c8f410f96a7d43fa1a045c7/view,USSF,4004f21e9c8f410f96a7d43fa1a045c7,Sources Sought,2026-09-22,2026-10-08,"DEPT OF DEFENSE.DEPT OF THE AIR FORCE.SPACE TRAINING AND READINESS COMMAND.FA2549 STARCOM CONTRACTING PK | NAICS None | PSC None | set-aside: none | PATRICK SFB, FL","Sources-sought notice (market research) for goods or services from Starcom Contracting PK; Patrick Sfb, FL.",['space'],[],ee0ae8b715d4d18e,False,True
sam.gov,U.S Department of Agriculture (USDA) seeks to lease office space in Towner (McHenry County) North Dakota,https://sam.gov/workspace/contract/opp/1bf00ad2de274c03ba263cbc92648686/view,"AGRICULTURE, DEPARTMENT OF",1bf00ad2de274c03ba263cbc92648686,Presolicitation,2026-09-22,2026-10-30,"AGRICULTURE, DEPARTMENT OF.FARM PRODUCTION AND CONSERVATION BUSINESS CENTER.FPAC BUS CNTR-MGMT SVS DIV | NAICS 531120 | PSC X1AA | set-aside: none | WASHINGTON, DC","Presolicitation for lease/rental of office buildings from Fpac Bus Cntr-Mgmt Svs Div; Washington, DC.",[],[],e6755f2fa68b31be,False,True
sam.gov,Notice of Intent to Sole Source - AAMC 2026 Booth Space,https://sam.gov/workspace/contract/opp/0bde78457b2547b98514d7cdf933741e/view,DEPT OF DEFENSE,0bde78457b2547b98514d7cdf933741e,Presolicitation,2026-09-22,2026-09-28,"DEPT OF DEFENSE.DEPT OF THE ARMY.AMC.ACC.MISSION INSTALLATION CONTRACTING COMMAND.FDO SAM HOUSTON.W6QM MICC-FT KNOX | NAICS 561920 | PSC X1AB | set-aside: No Set aside used | FORT KNOX, KY","Presolicitation for lease/rental of conference space and facilities from W6Qm Micc-Ft Knox; Fort Knox, KY.",['space'],[],4c2638ccfc58b23e,False,True
sam.gov,"U.S. Government Space Required: Woodland, CA",https://sam.gov/workspace/contract/opp/e6ed1a1d5f1a4a75a3bb2f75c70d7d20/view,DEPT OF DEFENSE,e6ed1a1d5f1a4a75a3bb2f75c70d7d20,Solicitation,2026-09-21,2026-10-07,"DEPT OF DEFENSE.DEPT OF THE ARMY.US ARMY CORPS OF ENGINEERS.ENGINEER DIVISION SOUTH PACIFIC.ENDIST SACRAMENTO.W075 ENDIST SACRAMENTO | NAICS 531120 | PSC X1AA | set-aside: none | SACRAMENTO, CA","Solicitation for lease/rental of office buildings from W075 Endist Sacramento; Sacramento, CA.",[],[],98a54891468c92f8,False,False
sam.gov,"U.S. Department of Agriculture Seeks to Lease Office and Related Space in Whiteville, North Carolina",https://sam.gov/workspace/contract/opp/a1546c725f354d97a5fef827784f6205/view,"AGRICULTURE, DEPARTMENT OF",a1546c725f354d97a5fef827784f6205,Solicitation,2026-09-21,2026-10-13,"AGRICULTURE, DEPARTMENT OF.FARM PRODUCTION AND CONSERVATION BUSINESS CENTER.FPAC BUS CNTR-MGMT SVS DIV | NAICS 531120 | PSC X1AA | set-aside: none | WASHINGTON, DC","Solicitation for lease/rental of office buildings from Fpac Bus Cntr-Mgmt Svs Div; Washington, DC.",[],[],4da7c07be641e4d8,False,False
sam.gov,General Services Administration (GSA) Seeks to lease the following space: Solicitation No. 5TN0238,https://sam.gov/workspace/contract/opp/99c3844c8d2248a38bee40b24bded882/view,GENERAL SERVICES ADMINISTRATION,99c3844c8d2248a38bee40b24bded882,Presolicitation,2026-09-21,2026-10-12,"GENERAL SERVICES ADMINISTRATION.PUBLIC BUILDINGS SERVICE.PBS OFFICE OF LEASING | NAICS 531120 | PSC X1AA | set-aside: none | WASHINGTON, DC","Presolicitation for lease/rental of office buildings from Pbs Office Of Leasing; Washington, DC.",[],[],a1dc08ef8eaeeede,False,False
sam.gov,"Lease for office space - 1,415 sf required",https://sam.gov/workspace/contract/opp/5c1640bec942436aba5d557d077ac130/view,DEPT OF DEFENSE,5c1640bec942436aba5d557d077ac130,Solicitation,2026-09-21,2026-09-26,"DEPT OF DEFENSE.DEPT OF THE ARMY.US ARMY CORPS OF ENGINEERS.ENGINEER DIVISION NORTHWESTERN.ENDIST OMAHA.W071 ENDIST OMAHA | NAICS 531120 | PSC X1PZ | set-aside: none | OMAHA, NE","Solicitation for lease/rental of other non-building facilities from W071 Endist Omaha; Omaha, NE.",[],[],d3dfdab41a1fcef6,False,False
sam.gov,"53--SPACER,RING",https://sam.gov/workspace/contract/opp/45c1a5e2c961431097dd44f001c73826/view,DEPT OF DEFENSE,45c1a5e2c961431097dd44f001c73826,Combined Synopsis/Solicitation,2026-09-21,2026-10-06,"DEPT OF DEFENSE.DEFENSE LOGISTICS AGENCY.DLA MARITIME.DLA MARITIME COLUMBUS.DLA LAND AND MARITIME | NAICS 332722 | PSC 53 | set-aside: Small Business Set Aside - Total | COLUMBUS, OH","Combined synopsis/solicitation for hardware and abrasives from Dla Land And Maritime; small business set aside - total; Columbus, OH.",[],[],d92d4c17bf1e9025,False,False
sam.gov,"4AL0249 - Request for Land Space - Selma, AL",https://sam.gov/workspace/contract/opp/4087535e6307451294227853f3b56469/view,GENERAL SERVICES ADMINISTRATION,4087535e6307451294227853f3b56469,Presolicitation,2026-09-21,2026-10-09,"GENERAL SERVICES ADMINISTRATION.PUBLIC BUILDINGS SERVICE.PBS OFFICE OF LEASING | NAICS None | PSC X1QA | set-aside: none | WASHINGTON, DC","Presolicitation for lease/rental of restoration of real property from Pbs Office Of Leasing; Washington, DC.",[],[],3cf7e095ccd9cf1c,False,False
sam.gov,"53--SPACER,RING",https://sam.gov/workspace/contract/opp/2c6f717c6b9d460c9cd5c3b5cb41bc8b/view,DEPT OF DEFENSE,2c6f717c6b9d460c9cd5c3b5cb41bc8b,Combined Synopsis/Solicitation,2026-09-21,2026-09-28,"DEPT OF DEFENSE.DEFENSE LOGISTICS AGENCY.DLA MARITIME.DLA MARITIME COLUMBUS.DLA LAND AND MARITIME | NAICS 332510 | PSC 53 | set-aside: none | COLUMBUS, OH","Combined synopsis/solicitation for hardware and abrasives from Dla Land And Maritime; Columbus, OH.",[],[],570532982c9d9ca9,False,False
sam.gov,"Seeking Competitive Lease Proposals – Administrative Office Space in in Atlanta, GA - Request for Lease Proposals No. 26NAT02",https://sam.gov/workspace/contract/opp/2c0d0e2b4a4e426499999ad8d14e3bc3/view,GENERAL SERVICES ADMINISTRATION,2c0d0e2b4a4e426499999ad8d14e3bc3,Combined Synopsis/Solicitation,2026-09-21,2026-10-07,"GENERAL SERVICES ADMINISTRATION.PUBLIC BUILDINGS SERVICE.PBS OFFICE OF LEASING | NAICS 531120 | PSC X1AA | set-aside: none | WASHINGTON, DC","Combined synopsis/solicitation for lease/rental of office buildings from Pbs Office Of Leasing; Washington, DC.",[],[],3bcdf498c17ea6b0,False,False
sam.gov,"Hangar Space, Billings Montana",https://sam.gov/workspace/contract/opp/1b0333255cde4d169ebd38085c187e59/view,"JUSTICE, DEPARTMENT OF",1b0333255cde4d169ebd38085c187e59,Sources Sought,2026-09-21,2026-10-06,"JUSTICE, DEPARTMENT OF.FEDERAL BUREAU OF INVESTIGATION.FBI - REDSTONE ARSENAL | NAICS 53 | PSC X1BZ | set-aside: No Set aside used | REDSTONE ARSENAL, AL","Sources-sought notice (market research) for lease/rental of other airfield structures from Fbi - Redstone Arsenal; Redstone Arsenal, AL.",[],[],798501208935b3ac,False,False
sam.gov,"SPACER,SLEEVE",https://sam.gov/workspace/contract/opp/17f02b657f464e908d8643b759ab282b/view,DEPT OF DEFENSE,17f02b657f464e908d8643b759ab282b,Sources Sought,2026-09-21,2026-09-28,"DEPT OF DEFENSE.DEFENSE LOGISTICS AGENCY.DLA LAND.DLA LAND COLUMBUS.DLA LAND AND MARITIME | NAICS 332999 | PSC 5365 | set-aside: none | COLUMBUS, OH","Sources-sought notice (market research) for bushings, rings, shims and spacers from Dla Land And Maritime; Columbus, OH.",[],[],83d8aceca15c7797,False,False
sam.gov,Seeking Competitive Lease Proposals for Office Space in multiple locations across the United States- Request for Lease Proposals No. 26NAT02,https://sam.gov/workspace/contract/opp/3b906c33f6684dbf9ca265c57d8c19e7/view,GENERAL SERVICES ADMINISTRATION,3b906c33f6684dbf9ca265c57d8c19e7,Combined Synopsis/Solicitation,2026-09-20,2026-10-07,"GENERAL SERVICES ADMINISTRATION.PUBLIC BUILDINGS SERVICE.PBS OFFICE OF LEASING | NAICS 531120 | PSC X1AA | set-aside: none | WASHINGTON, DC","Combined synopsis/solicitation for lease/rental of office buildings from Pbs Office Of Leasing; Washington, DC.",[],[],8a9503023f2fd41b,False,False
sam.gov,Satellite Phones and Service Plan,https://sam.gov/workspace/contract/opp/b4015648b60246df8250cd1b6a3d4189/view,"STATE, DEPARTMENT OF",b4015648b60246df8250cd1b6a3d4189,Sources Sought,2026-09-25,2026-10-09,"STATE, DEPARTMENT OF.STATE, DEPARTMENT OF.ACQUISITIONS - AQM MOMENTUM | NAICS 334220 | PSC None | set-aside: none | WASHINGTON, DC","Sources-sought notice (market research) for radio and television broadcasting and wireless communications equipment manufacturing from Acquisitions - Aqm Momentum; Washington, DC.",['satellite'],[],868b2d08efb6bc72,False,True
sam.gov,D--SATELLITE SHORELINE PROCESSING SYS.,https://sam.gov/workspace/contract/opp/ba10db148a584c7298898f30ed35e855/view,"INTERIOR, DEPARTMENT OF THE",ba10db148a584c7298898f30ed35e855,Solicitation,2026-09-23,2026-09-30,"INTERIOR, DEPARTMENT OF THE.US GEOLOGICAL SURVEY.OFFICE OF ACQUISITON  GRANTS | NAICS 541511 | PSC DA01 | set-aside: Small Business Set Aside - Total | SACRAMENTO, CA","Solicitation for support services for activities involved with application development and support to include analysis, design, development, coding, testing, and release packaging, as well as support of off-the-shelf…",['satellite'],"['NAICS 541511 (custom computer programming services)', 'PSC DA01 (IT applications (development, support, SaaS))', 'application development', 'coding']",d84b86e3b0fbf6ae,True,True
sam.gov,Request for Information (RFI) for Silent Anvil Air-Launched Torpedo (SAA-LT) Standoff Delivery Solutions,https://sam.gov/workspace/contract/opp/b0c8f1aaf46d42719add7858ce22b6d4/view,DEPT OF DEFENSE,b0c8f1aaf46d42719add7858ce22b6d4,Sources Sought,2026-09-24,2026-10-02,"DEPT OF DEFENSE.DEPT OF THE NAVY.NAVAIR.NAVAIR HQS.NAVAL AIR SYSTEMS COMMAND | NAICS 336414 | PSC 1410 | set-aside: none | PATUXENT RIVER, MD","Sources-sought notice (market research) for guided missiles from Naval Air Systems Command; Patuxent River, MD.",['launch'],[],6c104abd276ba58b,False,True
sam.gov,Vertical Launching System (VLS) Launch Sequencer (LSEQ) Multiple Award Contract (MAC) Indefinite Delivery Indefinite Quantity (IDIQ),https://sam.gov/workspace/contract/opp/36fe15301fda448680bcac4267fb1314/view,DEPT OF DEFENSE,36fe15301fda448680bcac4267fb1314,Solicitation,2026-09-23,2026-10-23,"DEPT OF DEFENSE.DEPT OF THE NAVY.NAVSEA.NAVSEA WARFARE CENTER.COMMANDING OFFICER | NAICS 334519 | PSC 5999 | set-aside: none | PORT HUENEME, CA","Solicitation for miscellaneous electrical and electronic components from Commanding Officer; Port Hueneme, CA.",['launch'],[],c5f334755cc6d760,False,True
sam.gov,Vertical Launching System (VLS) Deck and Hatch Assembly,https://sam.gov/workspace/contract/opp/ded1486023124f4aba2500de4e746ecc/view,DEPT OF DEFENSE,ded1486023124f4aba2500de4e746ecc,Solicitation,2026-09-21,2026-10-15,"DEPT OF DEFENSE.DEPT OF THE NAVY.NAVSEA.NAVSEA WARFARE CENTER.COMMANDING OFFICER | NAICS 332999 | PSC 9545 | set-aside: none | PORT HUENEME, CA","Solicitation for plate, sheet, strip, foil, and wire: precious metal from Commanding Officer; Port Hueneme, CA.",['launch'],[],0113a1331e7febc6,False,False
sam.gov,Notice of Intent to award a Brand Name contract to Norbit Multibeam Echo System and Accessories,https://sam.gov/workspace/contract/opp/fc48a909639f4b49bad73f4fc3b46000/view,DEPT OF DEFENSE,fc48a909639f4b49bad73f4fc3b46000,Special Notice,2026-09-27,2026-09-27,"DEPT OF DEFENSE.WASHINGTON HEADQUARTERS SERVICES (WHS).WASHINGTON HEADQUARTERS SERVICES | NAICS 334511 | PSC 5845 | set-aside: No Set aside used | WASHINGTON, DC","Special notice for underwater sound equipment from Washington Headquarters Services; Washington, DC.",[],[],37811a38ee495f4d,False,True
sam.gov,Norbit Multibeam Echo Equipment and Accessories,https://sam.gov/workspace/contract/opp/ba8c7cfe7fc946c1b75b7380dda23666/view,DEPT OF DEFENSE,ba8c7cfe7fc946c1b75b7380dda23666,Combined Synopsis/Solicitation,2026-09-27,2026-09-29,"DEPT OF DEFENSE.WASHINGTON HEADQUARTERS SERVICES (WHS).WASHINGTON HEADQUARTERS SERVICES | NAICS 334511 | PSC 5845 | set-aside: No Set aside used | WASHINGTON, DC","Combined synopsis/solicitation for underwater sound equipment from Washington Headquarters Services; Washington, DC.",[],[],005f18b23ddf480c,False,True
nspires,A.17 Hydrosphere,https://nspires.nasaprs.com/external/solicitations/summary!init.do?solId=%7B19309C30-9666-C72E-DB44-3AE2E4DD155C%7D&path=open,NASA,NNH25ZDA001N-HYDRO,NRA,2026-09-02,2026-10-08,NNH25ZDA001N-HYDRO — status: Due in 30 Days,NASA research announcement NNH25ZDA001N-HYDRO open for proposals on NSPIRES.,[],[],0f4965ede3462255,False,False
nspires,A.16 Cryosphere,https://nspires.nasaprs.com/external/solicitations/summary!init.do?solId=%7BF94216CA-4701-DF21-96C6-C8A791B1D8AE%7D&path=open,NASA,NNH25ZDA001N-CRYO,NRA,2026-09-01,2026-10-16,NNH25ZDA001N-CRYO — status: Due in 30 Days,NASA research announcement NNH25ZDA001N-CRYO open for proposals on NSPIRES.,[],[],36d20486b9201a0e,False,False
nspires,Solar System Exploration Research Virtual Institute Cooperative Agreement Notice-5 (SSERVI CAN-5),https://nspires.nasaprs.com/external/solicitations/summary!init.do?solId=%7BAB203FB1-0B66-BF02-1A26-EBA50EE72C35%7D&path=open,NASA,NNH26ZDA016C,CAN,2026-08-27,2026-09-29,NNH26ZDA016C — status: Due in 30 Days,NASA cooperative agreement notice NNH26ZDA016C open for proposals on NSPIRES.,[],[],965c862986c026a4,False,False
nspires,Research Initiation Award 2024 Extension - Invitation Only,https://nspires.nasaprs.com/external/solicitations/summary!init.do?solId=%7BEB1F0846-36E5-2E9A-30B0-C1DD9BFB40E6%7D&path=open,NASA,RIA24E,NRA,2026-08-07,2026-10-01,RIA24E — status: Due in 30 Days,NASA research announcement RIA24E open for proposals on NSPIRES.,[],[],d2f9ad266f15589b,False,False
nspires,D.8 Habitable Worlds Observatory Precursor Science Investigations,https://nspires.nasaprs.com/external/solicitations/summary!init.do?solId=%7B7BC438A4-AB22-310E-DE69-08E348C1F294%7D&path=open,NASA,NNH25ZDA001N-HWOPSI,NRA,2026-07-24,2026-10-26,NNH25ZDA001N-HWOPSI — status: Due in 30 Days,NASA research announcement NNH25ZDA001N-HWOPSI open for proposals on NSPIRES.,[],[],afedbe05dd4c13de,False,True
nspires,A.13 Accelerating Earth Solutions,https://nspires.nasaprs.com/external/solicitations/summary!init.do?solId=%7B33D1A64A-D7B2-199F-7E02-90E363FB86BC%7D&path=open,NASA,NNH25ZDA001N-AES,NRA,2026-07-17,2026-10-15,NNH25ZDA001N-AES — status: Due in 30 Days,NASA research announcement NNH25ZDA001N-AES open for proposals on NSPIRES.,[],[],879e47f77d3d27ae,False,False
nspires,NASA Unsolicited Proposals,https://nspires.nasaprs.com/external/solicitations/summary!init.do?solId=%7B006B4304-ADC2-FFD7-6287-D2F2C1BCF1B4%7D&path=open,NASA,UNSOL_FY2026,NRA,2026-02-25,2026-09-30,UNSOL_FY2026 — status: Due in 30 Days,NASA research announcement UNSOL_FY2026 open for proposals on NSPIRES.,[],[],e75ddbf5ce4eeb36,False,False
nspires,XMM-Newton C Targets for Fiscal Year 2026,https://nspires.nasaprs.com/external/solicitations/summary!init.do?solId=%7BF555CBC4-C585-4425-3525-DA44D971B1A2%7D&path=open,NASA,XMMNCT_FY26,OTHER,2025-10-01,2026-09-30,XMMNCT_FY26 — status: Due in 30 Days,NASA solicitation XMMNCT_FY26 open for proposals on NSPIRES.,[],[],773236f934f478da,False,False
nspires,D.9 Habitable Worlds Observatory Instrument Concept Assessments,https://nspires.nasaprs.com/external/solicitations/summary!init.do?solId=%7BBE2AA4DC-81E7-2AF3-B465-8AA6478270A4%7D&path=open,NASA,NNH25ZDA001N-HWOICA,NRA,2025-08-14,2026-10-14,NNH25ZDA001N-HWOICA — status: Due in 30 Days,NASA research announcement NNH25ZDA001N-HWOICA open for proposals on NSPIRES.,[],[],1f3d781a2d5104e6,False,False
nspires,D.4 Theoretical and Computational Astrophysics Networks,https://nspires.nasaprs.com/external/solicitations/summary!init.do?solId=%7B5509DEBF-B8B4-2F3D-0EFB-350EFE67DCD5%7D&path=open,NASA,NNH25ZDA001N-TCAN,NRA,2025-07-10,2026-10-15,NNH25ZDA001N-TCAN — status: Due in 30 Days,NASA research announcement NNH25ZDA001N-TCAN open for proposals on NSPIRES.,[],[],d5baae19b6440fac,False,True
nasa-sbir,2025 NASA SBIR Ignite Phase II Solicitation,https://www.nasa.gov/sbir_sttr/sbir-ignite/,NASA,https://www.nasa.gov/sbir_sttr/sbir-ignite/,,,,SBIR Ignite | 2025 NASA SBIR Ignite Phase II Solicitation 9/3/26 10/15/26 Nov. 2026,"NASA SBIR/STTR program solicitation; opens 9/3/26, closes 10/15/26.",[],[],8dcdd4ed741e457a,False,False
nasa-sbir,2025 NASA STTR Phase II Solicitation,https://www.nasa.gov/sbir_sttr/phase-ii/#phaseiisolicitations,NASA,https://www.nasa.gov/sbir_sttr/phase-ii/#phaseiisolicitations,,,,Phase II | 2025 NASA STTR Phase II Solicitation 9/15/26 10/28/26 Dec. 2026,"NASA SBIR/STTR program solicitation; opens 9/15/26, closes 10/28/26.",[],[],3759f654aa02d9d5,False,False
nasa-sbir,STMD Solicitations and Opportunities,https://www.nasa.gov/stmd-solicitations-and-opportunities/,NASA,https://www.nasa.gov/stmd-solicitations-and-opportunities/,,,,Space Technology Mission Directorate STMD Solicitations and Opportunities Technology Transfer & Spinoffs Technology,NASA SBIR/STTR program solicitation.,[],[],72e6461179dac593,False,False
nasa-sbir-sttr-portal,Space Technology Mission…,https://www.nasa.gov/space-technology-mission-directorate/,NASA,https://www.nasa.gov/space-technology-mission-directorate/,,,,,Page on the NASA SBIR/STTR portal.,['space'],[],df6c8395de8f7bbf,False,False
nasa-sbir-sttr-portal,SBIR/STTR Home,https://www.nasa.gov/sbir_sttr/,NASA,https://www.nasa.gov/sbir_sttr/,,,,,Page on the NASA SBIR/STTR portal.,"['sbir', 'sttr']",[],40824c6331371635,False,False
nasa-sbir-sttr-portal,Phase II,https://www.nasa.gov/sbir_sttr/phase-ii/,NASA,https://www.nasa.gov/sbir_sttr/phase-ii/,,,,,Page on the NASA SBIR/STTR portal.,"['phase i', 'phase ii']",[],c284c699040b7762,False,False
nasa-sbir-sttr-portal,Post Phase II,https://www.nasa.gov/sbir_sttr/post-phase-ii/,NASA,https://www.nasa.gov/sbir_sttr/post-phase-ii/,,,,,Page on the NASA SBIR/STTR portal.,"['phase i', 'phase ii']",[],90a9a8c0f32ebed5,False,False
nasa-sbir-sttr-portal,Phase III,https://www.nasa.gov/sbir_sttr/phase-iii/,NASA,https://www.nasa.gov/sbir_sttr/phase-iii/,,,,,Page on the NASA SBIR/STTR portal.,"['phase i', 'phase ii']",[],889cd36a50608217,False,False
nasa-sbir-sttr-portal,SBIR Ignite,https://www.nasa.gov/sbir_sttr/sbir-ignite/,NASA,https://www.nasa.gov/sbir_sttr/sbir-ignite/,,,,,Page on the NASA SBIR/STTR portal.,"['sbir', 'ignite']",[],aee61ca21bce2486,False,False
nasa-sbir-sttr-portal,Phase II-E Submissions,https://www.nasa.gov/sbir_sttr/phase-ii-e/,NASA,https://www.nasa.gov/sbir_sttr/phase-ii-e/,,,,Post Phase II | Phase II-E Submissions — 8/11/26 Oct. 2026,Page on the NASA SBIR/STTR portal.,"['phase i', 'phase ii']",[],b56cf5daab3528c0,False,False
nasa-sbir-sttr-portal,2026 Phase II Sequential Call for White Papers,https://www.nasa.gov/sbir_sttr/phase-ii-sequential/,NASA,https://www.nasa.gov/sbir_sttr/phase-ii-sequential/,,,,Phase II Sequential | 2026 Phase II Sequential Call for White Papers 8/12/26 9/11/26 July 2027,Page on the NASA SBIR/STTR portal.,"['phase i', 'phase ii']",[],899f84aadc9efa15,False,False
nasa-sbir-sttr-portal,2025 NASA STTR Phase II Solicitation,https://www.nasa.gov/sbir_sttr/phase-ii/#phaseiisolicitations,NASA,https://www.nasa.gov/sbir_sttr/phase-ii/#phaseiisolicitations,,,,Phase II | 2025 NASA STTR Phase II Solicitation 9/15/26 10/28/26 Dec. 2026,Page on the NASA SBIR/STTR portal.,"['sttr', 'solicitation', 'phase i', 'phase ii']",[],ef9024e271b084a5,False,False
nasa-sbir-sttr-portal,Explore the SBIR Partnering Platform Here,https://www.sbirpartnering.org/nasa,NASA,https://www.sbirpartnering.org/nasa,,,,"The NASA SBIR/STTR Program has joined the SBIR Partnering Platform! We are excited to announce an opportunity for our small businesses to connect with other innovators and partners. NASA SBIR/STTR has joined the SBIR Partnering Platform. This public, multi-agency platform facilitates partnering betw",The NASA SBIR/STTR Program has joined the SBIR Partnering Platform!,['sbir'],[],25df82b3552d7480,False,False
nasa-sbir-sttr-portal,Learn More on SBIR.gov,https://www.sbir.gov/,NASA,https://www.sbir.gov/,,,,"We are one piece of the SBIR/STTR pie America’s Seed Fund is coordinated by the U.S. Small Business Administration (SBA), which provides resources and support to the NASA SBIR/STTR program and 10 other participating Federal agencies. The SBA tracks SBIR/STTR awards across the government, provides he","We are one piece of the SBIR/STTR pie America’s Seed Fund is coordinated by the U.S. Small Business Administration (SBA), which provides resources and support to the NASA SBIR/STTR program and 10 other participating…",['sbir'],[],295f237fd813dd26,False,False
nasa-sbir-sttr-portal,STMD Solicitations and Opportunities,https://www.nasa.gov/stmd-solicitations-and-opportunities/,NASA,https://www.nasa.gov/stmd-solicitations-and-opportunities/,,,,Space Technology Mission Directorate STMD Solicitations and Opportunities Technology Transfer & Spinoffs Technology,Space Technology Mission Directorate STMD Solicitations and Opportunities Technology Transfer & Spinoffs Technology.,"['solicitation', 'opportunit']",[],c740076732f219d6,False,False
spacewerx,"Meet SpaceWERX at the SBIR/STTR Fall Innovation Conference, co-located with Defense TechConnect!",https://spacewerx.us/events-calendar/2026-defense-techconnect-innovation-summit-and-expo-2/,USSF,https://spacewerx.us/events-calendar/2026-defense-techconnect-innovation-summit-and-expo-2/,,,,"Meet SpaceWERX at the SBIR/STTR Fall Innovation Conference, co-located with Defense TechConnect! Join us September 22-24 in Maryland to connect with SBIR/STTR agencies, learn about current areas of interest, opportunities to work with the U.S. Space Force, and discover pathways for moving promising ","Join us September 22-24 in Maryland to connect with SBIR/STTR agencies, learn about current areas of interest, opportunities to work with the U.S. Space Force, and discover pathways for moving promising.","['space', 'sbir', 'sttr']",[],d2687b12ea9f71e0,False,False
spacewerx,SpaceWERX hosts the Defense Curious Forum,https://spacewerx.us/events-calendar/defense-curious-forum/,USSF,https://spacewerx.us/events-calendar/defense-curious-forum/,,,,"SpaceWERX hosts the Defense Curious Forum Join SpaceWERX and national security leaders for the Defense Curious Forum to explore defense contracting, acquisition pathways, dual-use technology, and critical space capability needs.","Join SpaceWERX and national security leaders for the Defense Curious Forum to explore defense contracting, acquisition pathways, dual-use technology, and critical space capability needs.",['space'],[],68da3f82e086be2d,False,False
spacewerx,Announcing the Teams Advancing in the Adaptive and Intelligent Space Challenge,https://afwerxchallenge.com/ais-challenge-selections,USSF,https://afwerxchallenge.com/ais-challenge-selections,,,,"Announcing the Teams Advancing in the Adaptive and Intelligent Space Challenge SpaceWERX, in partnership with HQ SF/S9C, has selected the teams advancing in the Futures Series: Adaptive and Intelligent Space (AIS) Challenge, accelerating innovative technologies that will help shape the future of U.S","SpaceWERX, in partnership with HQ SF/S9C, has selected the teams advancing in the Futures Series: Adaptive and Intelligent Space (AIS) Challenge, accelerating innovative technologies that will help shape the future of…","['space', 'challenge']",[],07ac19ca43d4e2c2,False,False
spacewerx,Now Accepting Submissions: Space PY26.2 TACFI Notice of Opportunity (Rolling Basis),https://spacewerx.us/accelerate/stratfi-tacfi/,USSF,https://spacewerx.us/accelerate/stratfi-tacfi/,,,,"Now Accepting Submissions: Space PY26.2 TACFI Notice of Opportunity (Rolling Basis) The Space Program Year 26.2 Tactical Funding Increase Notice of Opportunity (PY26.2 TACFI NOO) features a continuous, rolling submission and evaluation system. Proposals will be reviewed as they are received, with th","The Space Program Year 26.2 Tactical Funding Increase Notice of Opportunity (PY26.2 TACFI NOO) features a continuous, rolling submission and evaluation system.",['space'],[],bfa4433d0400f6f5,False,False
spacewerx,Accelerate Space Capability with THE BR-DGE,https://www.thebr-dge.space/,USSF,https://www.thebr-dge.space/,,,,Accelerate Space Capability with THE BR-DGE Accelerate Space Capability with THE BR-DGE,SpaceWERX (Space Force innovation arm) announcement.,['space'],[],e8c5505ca74aea1b,False,False
sda,SDA Seeks Sources for the Performance Enhanced Real-time Ground Environment (PEREGRINE) Sentry Effort,https://sam.gov/workspace/contract/opp/2f199343f536422c9e0a5b6b400c8827/view,SDA,https://sam.gov/workspace/contract/opp/2f199343f536422c9e0a5b6b400c8827/view,,,,"SDA Seeks Sources for the Performance Enhanced Real-time Ground Environment (PEREGRINE) Sentry Effort Posted On: September 23, 2026 Responses Due: October 23, 2026",Space Development Agency opportunities-page item.,[],[],0046c262f9feeb7c,False,True
sda,SDA Requests Proposals for Resilient Missile Warning and Tracking (RMWT) Low Earth Orbit (LEO) Ground Entry Points,https://sam.gov/workspace/contract/opp/572d40abf7f94ea4bc090d62581ef5f3/view,SDA,https://sam.gov/workspace/contract/opp/572d40abf7f94ea4bc090d62581ef5f3/view,,,,"SDA Requests Proposals for Resilient Missile Warning and Tracking (RMWT) Low Earth Orbit (LEO) Ground Entry Points Posted On: September 18, 2026 Responses Due: November 2, 2026",Space Development Agency opportunities-page item.,"['orbit', 'missile warning', 'leo']",[],9f6d516d201b5b36,False,False
sda,"Space Development Agency, Proliferated Warfighter Space Architecture (PWSA) Systems, Technologies, and Emerging Capabilities (STEC) Broad Agency Announcement",https://sam.gov/workspace/contract/opp/78e66858d8df4a1aaa895327a3b7b2c2/view,SDA,https://sam.gov/workspace/contract/opp/78e66858d8df4a1aaa895327a3b7b2c2/view,,,,"Space Development Agency, Proliferated Warfighter Space Architecture (PWSA) Systems, Technologies, and Emerging Capabilities (STEC) Broad Agency Announcement Posted On: March 4, 2026 Original Date Offers Due: March 3, 2027",Space Development Agency opportunities-page item.,['space'],[],97f19fcf8f5bd80a,False,False
sda,SDA Issues Request for Information for Future Space-To-Air Optical Communication Terminals,https://sam.gov/workspace/contract/opp/b2acd02b415743f2973877db5273850e/view,SDA,https://sam.gov/workspace/contract/opp/b2acd02b415743f2973877db5273850e/view,,,,"SDA Issues Request for Information for Future Space-To-Air Optical Communication Terminals Posted On: January 28, 2026 Response Date: February 27, 2026",Space Development Agency opportunities-page item.,['space'],[],37f7e6187a468c32,False,False
sda,Opportunities Archive,https://www.sda.mil/opportunities-archive/,SDA,https://www.sda.mil/opportunities-archive/,,,,,Space Development Agency opportunities-page item.,[],[],368050e12848c92e,False,False
sda,All SDA contracts over $7 million are announced via the Department of Defense public notice process.,https://www.defense.gov/Newsroom/Contracts/,SDA,https://www.defense.gov/Newsroom/Contracts/,,,,,Space Development Agency opportunities-page item.,[],[],d3f68881864e8655,False,False
dod-sbir,ARM26BX03-DP007 xTech|Kinetic Reach Competition,https://www.dodsbirsttr.mil/topics-app/?baa=DOD_SBIR_2026_P1_CBX&release=3,DOD,ARM26BX03-DP007,SBIR topic (Pre-Release),2026-11-25,2026-12-23,ARMY | DoW SBIR 2026 CSO | Air Platform; Battlespace; Bio Medical; Chem Bio Defense; Electronics; Human Systems; Information Systems; Materials; Sensors; Space Platforms; Weapons | The U.S. Army is seeking innovative force sustainment solutions from eligible small businesses across the U.S. through the xTech Kinetic Reach competition. This platform offers participants the opportunity to engage wit,"ARMY SBIR topic under DoW SBIR 2026 CSO, pre-release: The U.S. Army is seeking innovative force sustainment solutions from eligible small businesses across the U.S. through the xTech Kinetic Reach competition.",['gps'],[],5e2fd4ad0feb2036,False,True
dod-sbir,"DAF26BX06-DV511 Low SWaP-C Tactical Awareness Payload for Proliferated, Agile Satellites (TAPPAS) for Space Domain Awareness",https://www.dodsbirsttr.mil/topics-app/?baa=DOD_SBIR_2026_P1_CBX&release=6,DOD,DAF26BX06-DV511,SBIR topic (Open),2026-09-23,2026-10-21,"USAF | DoW SBIR 2026 CSO | Space Platforms | The objective of this Direct to Phase II (D2P2) effort is to provide a production representative article of flight qualifiable hardware to be flown in the GEO space environment. The modern space domain requires a layered sensing architecture to ensure resilience. This D2P2 effort is focused on a critical element of that architecture: a compact, efficien","USAF SBIR topic under DoW SBIR 2026 CSO, open: The objective of this Direct to Phase II (D2P2) effort is to provide a production representative article of flight qualifiable hardware to be flown in the GEO space…","['space', 'satellite', 'orbit', 'space domain awareness', 'payload', 'constellation', 'geo']",[],5d519cc95b017ca5,False,True
dod-sbir,DAF26BX06-DV512 Cyberspace Warfare for Space,https://www.dodsbirsttr.mil/topics-app/?baa=DOD_SBIR_2026_P1_CBX&release=6,DOD,DAF26BX06-DV512,SBIR topic (Open),2026-09-23,2026-10-21,"USAF | DoW SBIR 2026 CSO | Space Platforms | SpaceWERX, in partnership with Cyberspace Warfare professionals within the U.S. Space Force (USSF), are seeking innovative solutions supporting the next generation capabilities to defend space systems from adversarial attack through the cyber domain. The desired outcome is to produce capabilities that advance the domain of defensive cyber warfare operat","USAF SBIR topic under DoW SBIR 2026 CSO, open: SpaceWERX, in partnership with Cyberspace Warfare professionals within the U.S. Space Force (USSF), are seeking innovative solutions supporting the next generation…","['space', 'orbit']",[],9ab094240518a79a,False,True
dod-sbir,DAF26BX06-DV513 Autonomous On Orbit Logistics and Sustainment Architecture,https://www.dodsbirsttr.mil/topics-app/?baa=DOD_SBIR_2026_P1_CBX&release=6,DOD,DAF26BX06-DV513,SBIR topic (Open),2026-09-23,2026-10-21,"USAF | DoW SBIR 2026 CSO | Space Platforms | The objective of this Direct to Phase II topic is to accelerate the development and demonstration of prototype ready technologies that enable a complete on orbit logistics enterprise. This enterprise must support autonomous resupply, refuel, repair, recovery, and reconstitution of United States space assets across Low Earth Orbit, Medium Earth Orbit, Ge","USAF SBIR topic under DoW SBIR 2026 CSO, open: The objective of this Direct to Phase II topic is to accelerate the development and demonstration of prototype ready technologies that enable a complete on orbit logistics…","['space', 'orbit', 'orbital', 'spacecraft']",[],fc8bd3fdaa776ff0,False,True
dod-sbir,"DAF26BX06-NV510 AI/ML for Next Generation of Missile Detection, Warning, Tracking, and Reporting",https://www.dodsbirsttr.mil/topics-app/?baa=DOD_SBIR_2026_P1_CBX&release=6,DOD,DAF26BX06-NV510,SBIR topic (Open),2026-09-23,2026-10-21,"USAF | DoW SBIR 2026 CSO | Space Platforms | SpaceWERX, in partnership with Space Systems Command's Space Sensing System Delta 84 and the OPIR Tap Lab, are seeking innovative solutions supporting the next generation of missile detection, warning, tracking, and reporting. The objective of this SBIR Phase I effort is to evaluate the feasibility of applying innovative data processing techniques inclu","USAF SBIR topic under DoW SBIR 2026 CSO, open: SpaceWERX, in partnership with Space Systems Command's Space Sensing System Delta 84 and the OPIR Tap Lab, are seeking innovative solutions supporting the next generation…","['space', 'overhead persistent infrared']",[],4ebf3e28aed654d3,False,True
dod-sbir,DAF26TX06-NV514 Space Domain Operational Environment Assessment,https://www.dodsbirsttr.mil/topics-app/?baa=DOD_STTR_2026_P1_CTX&release=6,DOD,DAF26TX06-NV514,STTR topic (Open),2026-09-23,2026-10-21,"USAF | DoW STTR 2026 CSO | Space Platforms | The objective of this Phase I effort is to develop methods, including integration of intelligence information, predictive analytics, anomaly detection, threat prediction and environmental monitoring for timely space domain awareness, threat detection and operational environment assessment to support multi-domain operations. Traditional sensing alone can","USAF STTR topic under DoW STTR 2026 CSO, open: The objective of this Phase I effort is to develop methods, including integration of intelligence information, predictive analytics, anomaly detection, threat prediction…","['space', 'space domain awareness']",[],fcbadd040aa5bc87,False,True
dod-sbir,DAF26TZ06-DV008 Counter Adversial GPS Jamming,https://www.dodsbirsttr.mil/topics-app/?baa=DOD_STTR_2026_P1_CTZ&release=6,DOD,DAF26TZ06-DV008,STTR topic (Open),2026-09-23,2026-10-21,"USAF | DoW STTR 2026 BAA | Battlespace; Information Systems; Sensors | Developing a general, effective, and robust antijamming framework for GPS signals is a problem of critical importance. This topic seeks proposals that utilize exceptional-point stochastic resonance and modern machine learning to overcome the vulnerabilities of GPS signals to strong adversarial jamming and spoofing. This will ul","USAF STTR topic under DoW STTR 2026 BAA, open: Developing a general, effective, and robust antijamming framework for GPS signals is a problem of critical importance.",['gps'],['machine learning'],0854a86959da5cdd,True,True
dod-sbir,DPA26TZ06-DV005 Fuel-Flexible Spacecraft Electric Propulsion System,https://www.dodsbirsttr.mil/topics-app/?baa=DOD_STTR_2026_P1_CTZ&release=6,DOD,DPA26TZ06-DV005,STTR topic (Open),2026-09-23,2026-10-21,"DARPA | DoW STTR 2026 BAA | Space Platforms | Develop a fuel-flexible spacecraft electric propulsion system capable of operating efficiently on air, water, or mixtures of water/carbon dioxide or nitrogen/hydrogen at >30% electrical efficiency.ITAR: The technology within this topic may be restricted under the International Traffic in Arms Regulation (ITAR), 22 CFR Parts 120-130, which controls the ","DARPA STTR topic under DoW STTR 2026 BAA, open: Develop a fuel-flexible spacecraft electric propulsion system capable of operating efficiently on air, water, or mixtures of water/carbon dioxide or nitrogen/hydrogen at…","['space', 'spacecraft', 'propulsion']",[],8e8d75d400186d6f,False,True
dod-sbir,"DPA26TZ06-DV006 Localization, Characterization, and Modeling of Freestream Disturbances in Hypersonic Wind Tunnels",https://www.dodsbirsttr.mil/topics-app/?baa=DOD_STTR_2026_P1_CTZ&release=6,DOD,DPA26TZ06-DV006,STTR topic (Open),2026-09-23,2026-10-21,"DARPA | DoW STTR 2026 BAA | Air Platform; Materials | Develop and demonstrate a robust methodology to localize, characterize and model upstream noise and flow disturbances in hypersonic wind tunnels, specifically targeting high-risk, hard-to-access regions upstream of the test section (e.g., driver, reservoir, nozzle throat and walls) where traditional optical access is restricted or unavailable. ","DARPA STTR topic under DoW STTR 2026 BAA, open: Develop and demonstrate a robust methodology to localize, characterize and model upstream noise and flow disturbances in hypersonic wind tunnels, specifically targeting…",['hypersonic'],[],90cf437797a4a8bb,False,True
dod-sbir,OSW26BZ06-DV027 Monolithic Graphene–CMOS Broadband (UV-LWIR) Focal Plane Arrays for target detection in low-light conditions,https://www.dodsbirsttr.mil/topics-app/?baa=DOD_SBIR_2026_P1_CBZ&release=6,DOD,OSW26BZ06-DV027,SBIR topic (Open),2026-09-23,2026-10-21,"OSD | DoW SBIR 2026 BAA | Air Platform; Battlespace; Electronics; Ground Sea; Materials; Sensors; Space Platforms; Weapons | Develop, fabricate, and demonstrate a wafer-scale, monolithically integrated graphene-on-CMOS image sensor that provides broadband imaging from 300 nm to 10,000 nm in a compact, low-power, uncooled focal plane array.","OSD SBIR topic under DoW SBIR 2026 BAA, open: Develop, fabricate, and demonstrate a wafer-scale, monolithically integrated graphene-on-CMOS image sensor that provides broadband imaging from 300 nm to 10,000 nm in a…",['space platforms'],[],47a52ce61e2c147e,False,True
dod-sbir,OSW26BZ06-DV033 Agentic AI Based Cognitive Radar for GEOINT Mission,https://www.dodsbirsttr.mil/topics-app/?baa=DOD_SBIR_2026_P1_CBZ&release=6,DOD,OSW26BZ06-DV033,SBIR topic (Open),2026-09-23,2026-10-21,"OSD | DoW SBIR 2026 BAA | Ground Sea; Sensors | Develop an agentic AI (artificial intelligence) based cognitive radar system for automatic selection of radar parameters, waveforms, and exploitation for resilient GEOINT applications.","OSD SBIR topic under DoW SBIR 2026 BAA, open: Develop an agentic AI (artificial intelligence) based cognitive radar system for automatic selection of radar parameters, waveforms, and exploitation for resilient GEOINT…",['geoint'],['artificial intelligence'],fa11630803012f06,True,True
dod-sbir,OSW26BZ06-DV034 Vision Language Model (VLM) for Synthetic Aperture Radar (SAR) target search and classification from Sensor Independent Complex Data (SICD),https://www.dodsbirsttr.mil/topics-app/?baa=DOD_SBIR_2026_P1_CBZ&release=6,DOD,OSW26BZ06-DV034,SBIR topic (Open),2026-09-23,2026-10-21,OSD | DoW SBIR 2026 BAA | Air Platform; Ground Sea; Space Platforms | Develop VLM based SAR imagery search and classification from sensor independent complex data (SICD),"OSD SBIR topic under DoW SBIR 2026 BAA, open: Develop VLM based SAR imagery search and classification from sensor independent complex data (SICD).",['space platforms'],[],66d4e6c15392ad8e,False,True
dod-sbir,SOC26BZ06-DV006 Resilient Integrated Photonic Transport In Denied Environments (RIPTIDE),https://www.dodsbirsttr.mil/topics-app/?baa=DOD_SBIR_2026_P1_CBZ&release=6,DOD,SOC26BZ06-DV006,SBIR topic (Open),2026-09-23,2026-10-21,"SOCOM | DoW SBIR 2026 BAA | None | The objective of this topic is to develop applied research toward an innovative capability that provides resilient, jam-resistant communications and cooperative navigation for distributed Group three (3) unmanned aerial system (UAS) formations operating in Global Positioning System (GPS)-denied environments across a theater-scale formation spanning two hundred (2","SOCOM SBIR topic under DoW SBIR 2026 BAA, open: The objective of this topic is to develop applied research toward an innovative capability that provides resilient, jam-resistant communications and cooperative navigation…","['space', 'gps', 'pnt']",[],72edadb89c533bd6,False,True
nstxl-spec,SpEC Opportunities (Register Now),https://www.specgmm.org/event/2026/summary,USSF,https://www.specgmm.org/event/2026/summary,,,,Register Now,Space Enterprise Consortium (NSTXL) item; full RFPs are member-only.,"['spec', 'opportunit', 'register']",[],8103fa9904f08c14,False,False
gsa-aas,Interact communities on buy.gsa.gov,https://buy.gsa.gov/interact/,GSA-AAS,https://buy.gsa.gov/interact/,,,,"Get updates on publicly posted opportunities and join pipeline review sessions. For more information, visit our Interact communities on buy.gsa.gov . Opportunities Active procurements are in the requirements and solicitation development stage with government partners. The Assisted Acquisition Servic",Get updates on publicly posted opportunities and join pipeline review sessions.,['interact'],[],62b3220a8b19c4a1,False,False
gsa-aas,Open the dashboard in its own window.,https://d2d.gsa.gov/tableau-report-for-embed/10725,GSA-AAS,https://d2d.gsa.gov/tableau-report-for-embed/10725,,,,"Get updates on publicly posted opportunities and join pipeline review sessions. For more information, visit our Interact communities on buy.gsa.gov . Opportunities Active procurements are in the requirements and solicitation development stage with government partners. The Assisted Acquisition Servic",Get updates on publicly posted opportunities and join pipeline review sessions.,['dashboard'],[],b5e8d32e321877a2,False,False
dtic-dod-agencies,Defense Advanced Research Projects Agency (DARPA): Solicitations,https://www.darpa.mil/work-with-us/opportunities,DoD-DAFA,https://www.darpa.mil/work-with-us/opportunities,,,,Defense Advanced Research Projects Agency (DARPA),"Link to Defense Advanced Research Projects Agency (DARPA)'s solicitation/BAA page, listed on the DTIC Defense Innovation Marketplace.",['solicitation'],[],961d447abf4b493e,False,False
dtic-dod-agencies,"Defense Advanced Research Projects Agency (DARPA): Small Business Innovation Research (SBIR), Small Business Technology Transfer (STTR)",https://www.darpa.mil/work-with-us/for-small-businesses,DoD-DAFA,https://www.darpa.mil/work-with-us/for-small-businesses,,,,Defense Advanced Research Projects Agency (DARPA),"Link to Defense Advanced Research Projects Agency (DARPA)'s solicitation/BAA page, listed on the DTIC Defense Innovation Marketplace.","['sbir', 'sttr', 'innovation']",[],92a4a383faad8e4a,False,False
dtic-dod-agencies,Defense Health Agency (DHA): Innovation Efforts,https://health.mil/Military-Health-Topics/Research-and-Innovation,DoD-DAFA,https://health.mil/Military-Health-Topics/Research-and-Innovation,,,,Defense Health Agency (DHA),"Link to Defense Health Agency (DHA)'s solicitation/BAA page, listed on the DTIC Defense Innovation Marketplace.",['innovation'],[],8fd3febae2898b02,False,False
dtic-dod-agencies,Defense Intelligence Agency (DIA): Defense Intelligence Agency Innovation,http://www.dia.mil/Business/Innovation.aspx,DoD-DAFA,http://www.dia.mil/Business/Innovation.aspx,,,,Defense Intelligence Agency (DIA),"Link to Defense Intelligence Agency (DIA)'s solicitation/BAA page, listed on the DTIC Defense Innovation Marketplace.",['innovation'],[],b15cb07c6abbfd85,False,False
dtic-dod-agencies,Defense Intelligence Agency (DIA): DIA Needipedia,http://www.dia.mil/Business/Needipedia.aspx,DoD-DAFA,http://www.dia.mil/Business/Needipedia.aspx,,,,Defense Intelligence Agency (DIA),"Link to Defense Intelligence Agency (DIA)'s solicitation/BAA page, listed on the DTIC Defense Innovation Marketplace.",['needipedia'],[],6d61127132103d2c,False,False
dtic-dod-agencies,Defense Threat Reduction Agency (DTRA): Doing Business with DTRA,http://www.dtra.mil/Contracts/BusinessOpportunities.aspx,DoD-DAFA,http://www.dtra.mil/Contracts/BusinessOpportunities.aspx,,,,Defense Threat Reduction Agency (DTRA),"Link to Defense Threat Reduction Agency (DTRA)'s solicitation/BAA page, listed on the DTIC Defense Innovation Marketplace.",['doing business'],[],bfd9ca0dcfa83514,False,False
dtic-dod-agencies,Defense Threat Reduction Agency (DTRA): Current Solicitations,http://www.dtra.mil/Contracts/BusinessOpportunities/CurrentSolicitations.aspx,DoD-DAFA,http://www.dtra.mil/Contracts/BusinessOpportunities/CurrentSolicitations.aspx,,,,Defense Threat Reduction Agency (DTRA),"Link to Defense Threat Reduction Agency (DTRA)'s solicitation/BAA page, listed on the DTIC Defense Innovation Marketplace.",['solicitation'],[],49a365a9e8b6678b,False,False
dtic-dod-agencies,Information Analysis Centers (IAC): Business Opportunities,http://iac.dtic.mil/business_opportunities.html,DoD-DAFA,http://iac.dtic.mil/business_opportunities.html,,,,Information Analysis Centers (IAC),"Link to Information Analysis Centers (IAC)'s solicitation/BAA page, listed on the DTIC Defense Innovation Marketplace.",['opportunit'],[],25a9b04eddaba9ff,False,False
dtic-dod-agencies,Joint Improvised-Threat Defeat Agency (JIDA): Doing Business with JIDA,https://www.jieddo.mil/bizops.htm,DoD-DAFA,https://www.jieddo.mil/bizops.htm,,,,Joint Improvised-Threat Defeat Agency (JIDA),"Link to Joint Improvised-Threat Defeat Agency (JIDA)'s solicitation/BAA page, listed on the DTIC Defense Innovation Marketplace.",['doing business'],[],7e293e7c5c52eca3,False,False
dtic-dod-agencies,Joint Non-Lethal Weapons Program: Doing Business with JNLWP,http://jnlwp.defense.gov/BusinessOpportunities.aspx,DoD-DAFA,http://jnlwp.defense.gov/BusinessOpportunities.aspx,,,,Joint Non-Lethal Weapons Program,"Link to Joint Non-Lethal Weapons Program's solicitation/BAA page, listed on the DTIC Defense Innovation Marketplace.",['doing business'],[],0309d8ba3a46e473,False,False
dtic-dod-agencies,Joint Program Executive Office for Chemical and Biological Defense (JPEO-CBD): Current Opportunities,http://www.jpeocbd.osd.mil/packs/Default.aspx?pg=321,DoD-DAFA,http://www.jpeocbd.osd.mil/packs/Default.aspx?pg=321,,,,Joint Program Executive Office for Chemical and Biological Defense (JPEO-CBD),"Link to Joint Program Executive Office for Chemical and Biological Defense (JPEO-CBD)'s solicitation/BAA page, listed on the DTIC Defense Innovation Marketplace.",['opportunit'],[],cbda703c4b0d5892,False,False
dtic-dod-agencies,Missile Defense Agency (MDA): Acquisition Center,http://www.mda.mil/business/acquisition_center.html,DoD-DAFA,http://www.mda.mil/business/acquisition_center.html,,,,Missile Defense Agency (MDA),"Link to Missile Defense Agency (MDA)'s solicitation/BAA page, listed on the DTIC Defense Innovation Marketplace.",['acquisition'],[],587408898f75d092,False,False
dtic-dod-agencies,Missile Defense Agency (MDA): Advanced Research BAA,http://www.mda.mil/business/advanced_research.html,DoD-DAFA,http://www.mda.mil/business/advanced_research.html,,,,Missile Defense Agency (MDA),"Link to Missile Defense Agency (MDA)'s solicitation/BAA page, listed on the DTIC Defense Innovation Marketplace.",['baa'],[],69f8ecac911ee271,False,False
dtic-dod-agencies,Missile Defense Agency (MDA): The System: Advanced Technology Needs,http://www.mda.mil/system/advanced_technology.html,DoD-DAFA,http://www.mda.mil/system/advanced_technology.html,,,,Missile Defense Agency (MDA),"Link to Missile Defense Agency (MDA)'s solicitation/BAA page, listed on the DTIC Defense Innovation Marketplace.",['needs'],[],dc4e495619ff27fe,False,False
dtic-dod-agencies,National Aeronautics Space Agency (NASA): Cooperative Development Opportunities,https://cms.nasa.gov/centers/johnson/partnerships/co-development-and-partnering-opportunities,DoD-DAFA,https://cms.nasa.gov/centers/johnson/partnerships/co-development-and-partnering-opportunities,,,,National Aeronautics Space Agency (NASA),"Link to National Aeronautics Space Agency (NASA)'s solicitation/BAA page, listed on the DTIC Defense Innovation Marketplace.",['opportunit'],[],418b98d10da6d678,False,False
dtic-dod-agencies,National Security Agency (NSA): Doing Business with the NSA,https://www.nsa.gov/business/,DoD-DAFA,https://www.nsa.gov/business/,,,,National Security Agency (NSA),"Link to National Security Agency (NSA)'s solicitation/BAA page, listed on the DTIC Defense Innovation Marketplace.",['doing business'],[],7f8f6afa7bed4b28,False,False
dtic-dod-agencies,National Security Agency (NSA): Programs for Innovation,https://www.nsa.gov/business/programs/programs-for-innovation.shtml,DoD-DAFA,https://www.nsa.gov/business/programs/programs-for-innovation.shtml,,,,National Security Agency (NSA),"Link to National Security Agency (NSA)'s solicitation/BAA page, listed on the DTIC Defense Innovation Marketplace.",['innovation'],[],7129651129dfe424,False,False
osc-doc-opportunities,Traffic Coordination System for Space (TraCSS),https://space.commerce.gov/traffic-coordination-system-for-space-tracss/,DOC-OSC,https://space.commerce.gov/traffic-coordination-system-for-space-tracss/,,,,"Traffic Coordination System for Space (TraCSS) – NOAA’s Office of Space Commerce (OSC) is developing the Traffic Coordination System for Space (TraCSS) to provide basic space situational awareness (SSA) data and services to civil and private space operators and to support spaceflight safety, space s",NOAA’s Office of Space Commerce (OSC) is developing the Traffic Coordination System for Space (TraCSS) to provide basic space situational awareness (SSA) data and services to civil and private space operators and to…,"['space', 'tracss']",[],43b814825da41cc2,False,False
osc-doc-opportunities,Technology Partnerships Office,https://techpartnerships.noaa.gov/,DOC-OSC,https://techpartnerships.noaa.gov/,,,,Technology Partnerships Office – This portal contains information and links to both NOAA’s small business and technology transfer programs.,This portal contains information and links to both NOAA’s small business and technology transfer programs.,['technology partnerships'],[],a682a80cd44e4f8a,False,False
osc-doc-opportunities,Acquisition & Grants Office,https://www.noaa.gov/acquisition-grants,DOC-OSC,https://www.noaa.gov/acquisition-grants,,,,Acquisition & Grants Office – Facilitating strategic relationships to support NOAA’s mission.,Facilitating strategic relationships to support NOAA’s mission.,['acquisition'],[],f8747a841125d97e,False,False
osc-doc-opportunities,Commercial Data Program,https://space.commerce.gov/business-with-noaa/commercial-weather-data-pilot-cwdp/,DOC-OSC,https://space.commerce.gov/business-with-noaa/commercial-weather-data-pilot-cwdp/,,,,Commercial Data Program – Information and solicitations for satellite data buys and other commercial relationships.,Information and solicitations for satellite data buys and other commercial relationships.,['commercial data'],[],4bd831de2bbcb465,False,False
osc-doc-opportunities,Future NOAA Satellite Architecture,https://space.commerce.gov/business-with-noaa/future-noaa-satellite-architecture/,DOC-OSC,https://space.commerce.gov/business-with-noaa/future-noaa-satellite-architecture/,,,,Future NOAA Satellite Architecture – Information and solicitations (BAAs) for concept studies of commercial solutions.,Information and solicitations (BAAs) for concept studies of commercial solutions.,['satellite'],[],62604b4f5c99fda6,False,False
osc-doc-opportunities,Guidance for NOAA Commercial Data Buys,https://nosc.noaa.gov/commercial_data_buys_guidance.php,DOC-OSC,https://nosc.noaa.gov/commercial_data_buys_guidance.php,,,,"National Oceanic and Atmospheric Administration (NOAA) NOAA’s mission to better understand our natural world and help protect its precious resources extends beyond national borders to monitor global weather and climate, and work with partners around the world. Traffic Coordination System for Space (",National Oceanic and Atmospheric Administration (NOAA) NOAA’s mission to better understand our natural world and help protect its precious resources extends beyond national borders to monitor global weather and climate…,"['commercial data', 'data buy']",[],4433c10d28760ba7,False,False
osc-noaa-satellite-architecture,Details on these awards are available at SAM.gov,https://sam.gov/opp/5fb765ef8f3e4ab1a8e202369c91c60e/view,NOAA,https://sam.gov/opp/5fb765ef8f3e4ab1a8e202369c91c60e/view,,,,"2020 Contract Awards On April 3, 2020, NOAA’s National Environmental Satellite, Data, and Information Service (NESDIS) began awarding contracts for satellite mission and instrument design analysis. NESDIS is building on the findings from the NOAA Satellite Observing System Architecture (NSOSA) study","2020 Contract Awards On April 3, 2020, NOAA’s National Environmental Satellite, Data, and Information Service (NESDIS) began awarding contracts for satellite mission and instrument design analysis.",[],[],9a52ccdd7b441f57,False,False
osc-noaa-satellite-architecture,View solicitation and information at SAM.gov,https://sam.gov/opp/0f637712b9228032f3ab51fc2cdc37a0/view?keywords=LEO&sort=-relevance&index=opp&is_active=true&page=1,NOAA,https://sam.gov/opp/0f637712b9228032f3ab51fc2cdc37a0/view?keywords=LEO&sort=-relevance&index=opp&is_active=true&page=1,,,,"2019 BAAs & Industry Days On October 3, 2019, NESDIS released a pair of Broad Agency Announcements (BAAs) to engage the commercial sector in developing new concepts for instruments, spacecraft, business models and mission elements for NOAA’s future space-based observation architecture beyond the JPS","2019 BAAs & Industry Days On October 3, 2019, NESDIS released a pair of Broad Agency Announcements (BAAs) to engage the commercial sector in developing new concepts for instruments, spacecraft, business models and…",[],[],465090ceb9e76a07,False,False
osc-noaa-satellite-architecture,View report and public comments at regulations.gov,https://www.regulations.gov/docket?D=NOAA-NESDIS-2018-0053,NOAA,https://www.regulations.gov/docket?D=NOAA-NESDIS-2018-0053,,,,"NSOSA Study On May 31, 2018, NOAA released the NOAA Satellite Observing System Architecture (NSOSA) study for public comments. The comment period closed July 2, 2018. View report and public comments at regulations.gov Industry Day On June 21, 2018, NOAA hosted a community day to address questions an","NSOSA Study On May 31, 2018, NOAA released the NOAA Satellite Observing System Architecture (NSOSA) study for public comments.",[],[],4b60ae2aa05906e3,False,False
osc-noaa-satellite-architecture,Download presentation slides from the event (2 MB PDF),https://space.commerce.gov/wp-content/uploads/2018-06-NSOSA.pdf,NOAA,https://space.commerce.gov/wp-content/uploads/2018-06-NSOSA.pdf,,,,"NSOSA Study On May 31, 2018, NOAA released the NOAA Satellite Observing System Architecture (NSOSA) study for public comments. The comment period closed July 2, 2018. View report and public comments at regulations.gov Industry Day On June 21, 2018, NOAA hosted a community day to address questions an","NSOSA Study On May 31, 2018, NOAA released the NOAA Satellite Observing System Architecture (NSOSA) study for public comments.",[],[],d259235afd1839d0,False,False
osc-noaa-satellite-architecture,Get event details at NOAA.gov,https://www.nesdis.noaa.gov/content/nesdis-community-engagements,NOAA,https://www.nesdis.noaa.gov/content/nesdis-community-engagements,,,,"NSOSA Study On May 31, 2018, NOAA released the NOAA Satellite Observing System Architecture (NSOSA) study for public comments. The comment period closed July 2, 2018. View report and public comments at regulations.gov Industry Day On June 21, 2018, NOAA hosted a community day to address questions an","NSOSA Study On May 31, 2018, NOAA released the NOAA Satellite Observing System Architecture (NSOSA) study for public comments.",[],[],2f14a1d3845fe03c,False,False
osc-tracss,Launch TraCSS.gov,https://tracss.gov/,DOC-OSC,https://tracss.gov/,,,,,Office of Space Commerce TraCSS (space traffic coordination) item for operators and industry.,"['launch', 'tracss']",[],dfeba538de06aab8,False,False
osc-tracss,Space Policy Directive 3,https://space.commerce.gov/president-signs-space-traffic-management-policy/,DOC-OSC,https://space.commerce.gov/president-signs-space-traffic-management-policy/,,,,NOAA’s Office of Space Commerce (OSC) is developing the Traffic Coordination System for Space (TraCSS) to provide basic space situational awareness (SSA) data and services to civil and private space operators in support of spaceflight safety. TraCSS is being developed to implement President Trump’s ,NOAA’s Office of Space Commerce (OSC) is developing the Traffic Coordination System for Space (TraCSS) to provide basic space situational awareness (SSA) data and services to civil and private space operators in support…,['space'],[],1668770954e427f5,False,False
osc-tracss,this link (TraCSS.gov),https://tracss.gov/resources/how-to/tk9dwtnky5altf5p4x7ogind,DOC-OSC,https://tracss.gov/resources/how-to/tk9dwtnky5altf5p4x7ogind,,,,Launch TraCSS.gov NOAA’s Office of Space Commerce (OSC) is developing the Traffic Coordination System for Space (TraCSS) to provide basic space situational awareness (SSA) data and services to civil and private space operators in support of spaceflight safety. TraCSS is being developed to implement ,Launch TraCSS.gov NOAA’s Office of Space Commerce (OSC) is developing the Traffic Coordination System for Space (TraCSS) to provide basic space situational awareness (SSA) data and services to civil and private space…,['tracss'],[],18ce4f594de6afd8,False,False
osc-tracss,publicly-accessible dataset,https://space.commerce.gov/dataset-for-conjunction-assessment-verification,DOC-OSC,https://space.commerce.gov/dataset-for-conjunction-assessment-verification,,,,Launch TraCSS.gov NOAA’s Office of Space Commerce (OSC) is developing the Traffic Coordination System for Space (TraCSS) to provide basic space situational awareness (SSA) data and services to civil and private space operators in support of spaceflight safety. TraCSS is being developed to implement ,Launch TraCSS.gov NOAA’s Office of Space Commerce (OSC) is developing the Traffic Coordination System for Space (TraCSS) to provide basic space situational awareness (SSA) data and services to civil and private space…,['dataset'],[],bfc10a0e290bb96e,False,False
osc-tracss,TraCSS User Registration,https://space.commerce.gov/traffic-coordination-system-for-space-tracss/tracss-registration-for-spacecraft-operators/,DOC-OSC,https://space.commerce.gov/traffic-coordination-system-for-space-tracss/tracss-registration-for-spacecraft-operators/,,,,"TraCSS User Registration FAQ Videos, Docs, & Sessions","FAQ Videos, Docs, & Sessions.","['tracss', 'registration']",[],101356aaec0b5073,False,False
osc-tracss,TraCSS User Agreement & Data Policy,https://space.commerce.gov/traffic-coordination-system-for-space-tracss/tracss-user-agreement-data-policy/,DOC-OSC,https://space.commerce.gov/traffic-coordination-system-for-space-tracss/tracss-user-agreement-data-policy/,,,,Vision for SSA Coordination TraCSS User Agreement & Data Policy Contact Us,Vision for SSA Coordination TraCSS User Agreement & Data Policy Contact Us.,"['tracss', 'user agreement']",[],e9e8402f83a04347,False,False
osc-tracss,TraCSS Overview Presentation – August 2026_1,https://space.commerce.gov/wp-content/uploads/2026/09/TraCSS-Overview-Presentation-August-2026_1.pdf,DOC-OSC,https://space.commerce.gov/wp-content/uploads/2026/09/TraCSS-Overview-Presentation-August-2026_1.pdf,,,,TraCSS Overview Presentation – August 2026_1 Download,Office of Space Commerce TraCSS (space traffic coordination) item for operators and industry.,"['tracss', 'presentation']",[],e2163d8a6d212aa0,False,True
osc-tracss,OSC to Hold TraCSS O/O Forum at 2026 Small Satellite Conference,https://space.commerce.gov/osc-to-hold-tracss-o-o-forum-at-2026-small-satellite-conference/,DOC-OSC,https://space.commerce.gov/osc-to-hold-tracss-o-o-forum-at-2026-small-satellite-conference/,,,,"OSC to Hold TraCSS O/O Forum at 2026 Small Satellite Conference August 10, 2026 On Wednesday, August 26, at the Small Satellite Conference, the Office of Space Commerce will host an in-person “satellite owner/operator” forum. During this open forum, the team will provide an overview of the Traffic C","On Wednesday, August 26, at the Small Satellite Conference, the Office of Space Commerce will host an in-person “satellite owner/operator” forum.","['satellite', 'tracss', 'forum']",[],dc9667aea502d12f,False,False
osc-tracss,OSC Participates in “India-US Joint Space Situational Awareness Workshop”,https://space.commerce.gov/osc-participates-in-india-us-joint-space-situational-awareness-workshop/,DOC-OSC,https://space.commerce.gov/osc-participates-in-india-us-joint-space-situational-awareness-workshop/,,,,"OSC Participates in “India-US Joint Space Situational Awareness Workshop” June 25, 2026 Photo credit: Indian National Space Promotion and Authorization Centre (IN-SPACe) From June 22-23, 2026, representatives of the Office of Space Commerce (OSC) and the ISRO Telemetry, Tracking and Command Network ","Photo credit: Indian National Space Promotion and Authorization Centre (IN-SPACe) From June 22-23, 2026, representatives of the Office of Space Commerce (OSC) and the ISRO Telemetry, Tracking and Command Network.",['space'],[],e22293ce7f18101e,False,False
osc-tracss,TraCSS Goes Global: International Government Onboarding Begins,https://space.commerce.gov/tracss-goes-global-international-government-onboarding-begins/,DOC-OSC,https://space.commerce.gov/tracss-goes-global-international-government-onboarding-begins/,,,,"TraCSS Goes Global: International Government Onboarding Begins June 9, 2026 A leap forward for international spaceflight safety and SSA coordination. The U.S. Department of Commerce’s Office of Space Commerce (OSC) has begun onboarding “National Government Accounts” onto the Traffic Coordination Sys",A leap forward for international spaceflight safety and SSA coordination.,['tracss'],[],ef4126b9e6530a74,False,False
osc-tracss,University Spacecraft Operators Forum – May 27,https://space.commerce.gov/university-spacecraft-operators-forum-may-27/,DOC-OSC,https://space.commerce.gov/university-spacecraft-operators-forum-may-27/,,,,"University Spacecraft Operators Forum – May 27 May 11, 2026 On Wednesday, May 27, at 3:00 PM (EDT), the Office of Space Commerce’s Traffic Coordination System for Space team will host a “University Spacecraft Operators Forum.” This group is designed to bring together spacecraft operators from academ","On Wednesday, May 27, at 3:00 PM (EDT), the Office of Space Commerce’s Traffic Coordination System for Space team will host a “University Spacecraft Operators Forum.” This group is designed to bring together spacecraft…","['space', 'spacecraft', 'forum']",[],1d70d5bdd5a87b48,False,False
osc-tracss,TraCSS Publishes “Dataset for Conjunction Assessment Verification”,https://space.commerce.gov/tracss-publishes-dataset-for-conjunction-assessment-verification/,DOC-OSC,https://space.commerce.gov/tracss-publishes-dataset-for-conjunction-assessment-verification/,,,,"TraCSS Publishes “Dataset for Conjunction Assessment Verification” March 18, 2026 The Office of Space Commerce has published an open “dataset for conjunction assessment verification.” This test set was developed for the Traffic Coordination System for Space (TraCSS) and is designed to help space sit",The Office of Space Commerce has published an open “dataset for conjunction assessment verification.” This test set was developed for the Traffic Coordination System for Space (TraCSS) and is designed to help space sit.,"['tracss', 'dataset']",[],5a4cb5fe71d4fd50,False,False
osc-tracss,OSC Opens TraCSS “Waitlist” for Satellite Operators,https://space.commerce.gov/osc-opens-tracss-waitlist-for-satellite-operators/,DOC-OSC,https://space.commerce.gov/osc-opens-tracss-waitlist-for-satellite-operators/,,,,"OSC Opens TraCSS “Waitlist” for Satellite Operators February 4, 2026 Background: NOAA’s Office of Space Commerce (OSC) is developing the Traffic Coordination System for Space (TraCSS) to provide basic space situational awareness (SSA) data and services to civil and private space operators in support",Background: NOAA’s Office of Space Commerce (OSC) is developing the Traffic Coordination System for Space (TraCSS) to provide basic space situational awareness (SSA) data and services to civil and private space…,"['satellite', 'tracss', 'waitlist']",[],c42e0baec254a424,False,False
osc-tracss,OSC Publishes Updated TraCSS Specifications,https://space.commerce.gov/osc-publishes-updated-tracss-specifications/,DOC-OSC,https://space.commerce.gov/osc-publishes-updated-tracss-specifications/,,,,"OSC Publishes Updated TraCSS Specifications January 22, 2026 Today, January 22, 2026, the Office of Space Commerce (OSC) published updated specification documents for the Traffic Coordination System for Space. These specifications replace those previously hosted on the Office of Space Commerce websi","Today, January 22, 2026, the Office of Space Commerce (OSC) published updated specification documents for the Traffic Coordination System for Space.","['tracss', 'specification']",[],88bc03d74a8ffd48,False,False
osc-tracss,TraCSS Update: Delivering on SPD-3 and Advancing Spaceflight Safety,https://space.commerce.gov/tracss-update-delivering-on-spd-3-and-advancing-spaceflight-safety/,DOC-OSC,https://space.commerce.gov/tracss-update-delivering-on-spd-3-and-advancing-spaceflight-safety/,,,,"TraCSS Update: Delivering on SPD-3 and Advancing Spaceflight Safety September 8, 2025 As the Traffic Coordination System for Space (TraCSS) approaches production release, the Office of Space Commerce is pleased to announce new solicitations through GSA’s Global Data Marketplace (GDM) for a “Commerci","As the Traffic Coordination System for Space (TraCSS) approaches production release, the Office of Space Commerce is pleased to announce new solicitations through GSA’s Global Data Marketplace (GDM) for a “Commerci.","['space', 'tracss']",[],c5b43ff0b5a61e2e,False,False
osc-tracss,TraCSS Update: Expanding Space Safety Partnerships,https://space.commerce.gov/tracss-update-expanding-space-safety-partnerships/,DOC-OSC,https://space.commerce.gov/tracss-update-expanding-space-safety-partnerships/,,,,"TraCSS Update: Expanding Space Safety Partnerships September 2, 2025 The Office of Space Commerce is pleased to announce that Amazon Kuiper recently joined leading names like Iridium, OneWeb, SpaceX, Maxar, Planet, and Intelsat, among others, to become a pilot user of the Traffic Coordination System","The Office of Space Commerce is pleased to announce that Amazon Kuiper recently joined leading names like Iridium, OneWeb, SpaceX, Maxar, Planet, and Intelsat, among others, to become a pilot user of the Traffic…","['space', 'tracss']",[],ec3d66dbdb9973a5,False,False
osc-tracss,TraCSS Expands COLA Gap Pathfinder Initiative,https://space.commerce.gov/tracss-expands-cola-gap-pathfinder-initiative/,DOC-OSC,https://space.commerce.gov/tracss-expands-cola-gap-pathfinder-initiative/,,,,"TraCSS Expands COLA Gap Pathfinder Initiative August 4, 2025 The Office of Space Commerce (OSC) is pleased to announce that the Traffic Coordination System for Space (TraCSS) program has added another commercial space situational awareness (SSA) services provider – Kayhan Space – to bring an additio",The Office of Space Commerce (OSC) is pleased to announce that the Traffic Coordination System for Space (TraCSS) program has added another commercial space situational awareness (SSA) services provider – Kayhan Space –…,"['tracss', 'pathfinder']",[],ed8b0bdd50831ef7,False,False
osc-cdp-industry-day,Visit the SAM. gov solicitation,https://sam.gov/workspace/contract/opp/5b59a94eb75440e1b876da3b546afc35/view,NOAA,https://sam.gov/workspace/contract/opp/5b59a94eb75440e1b876da3b546afc35/view,,,,"On Thursday, April 9, from 1:00 – 2:30 pm (ET) , NOAA/NESDIS’ Office of Systems Architecture and Engineering (SAE) will host an online Commercial Data Program (CDP) Industry Day . This will be a virtual event. Leaders from SAE and CDP – including Taylor Jordan , NOAA Assistant Secretary of Commerce ","On Thursday, April 9, from 1:00 – 2:30 pm (ET) , NOAA/NESDIS’ Office of Systems Architecture and Engineering (SAE) will host an online Commercial Data Program (CDP) Industry Day .",[],[],4614aa51e288e129,False,False
osc-cdp-industry-day,Registration link (Adobe Connect),https://events-na13.adobeconnect.com/content/connect/c1/2358677976/en/events/event/shared/10652325865/event_landing.html?sco-id=10652325663&_charset_=utf-8,NOAA,https://events-na13.adobeconnect.com/content/connect/c1/2358677976/en/events/event/shared/10652325865/event_landing.html?sco-id=10652325663&_charset_=utf-8,,,,,NOAA/NESDIS Commercial Data Program industry day resource.,[],[],5942b4a9d26c2843,False,False
osc-cdp-industry-day,NOAA’s Commercial Data Program,https://www.nesdis.noaa.gov/data-research-services/commercial-data-program,NOAA,https://www.nesdis.noaa.gov/data-research-services/commercial-data-program,,,,"On Thursday, April 9, from 1:00 – 2:30 pm (ET) , NOAA/NESDIS’ Office of Systems Architecture and Engineering (SAE) will host an online Commercial Data Program (CDP) Industry Day . This will be a virtual event. Leaders from SAE and CDP – including Taylor Jordan , NOAA Assistant Secretary of Commerce ","On Thursday, April 9, from 1:00 – 2:30 pm (ET) , NOAA/NESDIS’ Office of Systems Architecture and Engineering (SAE) will host an online Commercial Data Program (CDP) Industry Day .",[],[],29819b98f9c24e28,False,False
osc-news,OSC to Hold “Commercial Space Infrastructure Forum” | November 2nd,https://space.commerce.gov/osc-to-hold-commercial-space-infrastructure-forum-november-2nd/,DOC-OSC,https://space.commerce.gov/osc-to-hold-commercial-space-infrastructure-forum-november-2nd/,news,2026-09-23,,"The Office of Space Commerce (OSC), in partnership with the Commercial Space Federation, will convene the “Commercial Space Infrastructure Forum” on November 2, 2026. The latest in OSC’s “Commercial Space Competitiveness Forum” series organized by … OSC to Hold “Commercial Space Infrastructure Forum","The Office of Space Commerce (OSC), in partnership with the Commercial Space Federation, will convene the “Commercial Space Infrastructure Forum” on November 2, 2026.","['space', 'forum']",[],e78fe834db033e69,False,True
noaa-tpo,Sign Up to be an SBIR Reviewer!,https://techpartnerships.noaa.gov/sbir/awardee-resources/reviewers/,NOAA,https://techpartnerships.noaa.gov/sbir/awardee-resources/reviewers/,,,,,"NOAA Technology Partnerships Office (SBIR, CRADA, tech transfer) item.",['sbir'],[],f93cf292c7e4a44b,False,False
noaa-sbir,SBIR Funding Opportunities,https://techpartnerships.noaa.gov/sbir/fundingopportunities/,NOAA,https://techpartnerships.noaa.gov/sbir/fundingopportunities/,,,,"SBIR Funding Opportunities *** The next Notice of Funding Opportunity (NOFO), for FY27, will be updated on this page. The NOFO will be open in Fall 2026. *** NOAA’s SBIR Program seeks highly innovative products with excellent commercial potential. All SBIR proposals must relate to the NOAA mission a","*** The next Notice of Funding Opportunity (NOFO), for FY27, will be updated on this page.",[],[],ec073654f44c4d52,False,False
